{
"type": "FeatureCollection",
"name": "geo_6_5",
"crs": { "type": "name", "properties": { "name": "urn:ogc:def:crs:OGC:1.3:CRS84" } },
"features": [
{ "type": "Feature", "properties": { "ID": 65100001084, "正式名称": "ひのき調剤薬局", "機関区分": 5, "都道府県コード": 6, "市区町村コード": 201, "所在地": "山形県山形市桧町二丁目５番１１号", "緯度": 38.274617, "経度": 140.331694, "url": "https://www.iryou.teikyouseido.mhlw.go.jp/znk-web/juminkanja/S2430/initialize?prefCd=06&kikanCd=100001084&kikanKbn=nan", "url2": null, "内容": "ひのき調剤薬局0山形県山形市桧町二丁目５番１１号" }, "geometry": { "type": "Point", "coordinates": [ 140.331694, 38.274617 ] } },
{ "type": "Feature", "properties": { "ID": 65100001089, "正式名称": "株式会社紅喃調剤", "機関区分": 5, "都道府県コード": 6, "市区町村コード": 201, "所在地": "山形県山形市南原町３－１９－２４", "緯度": 38.232922, "経度": 140.341238, "url": "https://www.iryou.teikyouseido.mhlw.go.jp/znk-web/juminkanja/S2430/initialize?prefCd=06&kikanCd=100001089&kikanKbn=nan", "url2": null, "内容": "株式会社紅喃調剤0山形県山形市南原町３－１９－２４" }, "geometry": { "type": "Point", "coordinates": [ 140.341238, 38.232922 ] } },
{ "type": "Feature", "properties": { "ID": 65100001100, "正式名称": "氣の薬房カワダ薬局", "機関区分": 5, "都道府県コード": 6, "市区町村コード": 201, "所在地": "山形県山形市東青田５丁目１－１", "緯度": 38.221134, "経度": 140.332898, "url": "https://www.iryou.teikyouseido.mhlw.go.jp/znk-web/juminkanja/S2430/initialize?prefCd=06&kikanCd=100001100&kikanKbn=nan", "url2": "http://www.kawadayakkyoku.com/", "内容": "氣の薬房カワダ薬局0山形県山形市東青田５丁目１－１" }, "geometry": { "type": "Point", "coordinates": [ 140.332898, 38.221134 ] } },
{ "type": "Feature", "properties": { "ID": 65100001122, "正式名称": "樫の木薬局元木店", "機関区分": 5, "都道府県コード": 6, "市区町村コード": 201, "所在地": "山形県山形市元木２丁目７番２５号", "緯度": 38.224305, "経度": 140.324446, "url": "https://www.iryou.teikyouseido.mhlw.go.jp/znk-web/juminkanja/S2430/initialize?prefCd=06&kikanCd=100001122&kikanKbn=nan", "url2": "https://daiwa-med.co.jp/pages/259/", "内容": "樫の木薬局元木店0山形県山形市元木２丁目７番２５号" }, "geometry": { "type": "Point", "coordinates": [ 140.324446, 38.224305 ] } },
{ "type": "Feature", "properties": { "ID": 65100001123, "正式名称": "ナカムラ薬局", "機関区分": 5, "都道府県コード": 6, "市区町村コード": 201, "所在地": "山形県山形市香澄町", "緯度": 38.248695, "経度": 140.330922, "url": "https://www.iryou.teikyouseido.mhlw.go.jp/znk-web/juminkanja/S2430/initialize?prefCd=06&kikanCd=100001123&kikanKbn=nan", "url2": null, "内容": "ナカムラ薬局0山形県山形市香澄町" }, "geometry": { "type": "Point", "coordinates": [ 140.330922, 38.248695 ] } },
{ "type": "Feature", "properties": { "ID": 65100001126, "正式名称": "有限会社百草園薬局", "機関区分": 5, "都道府県コード": 6, "市区町村コード": 201, "所在地": "山形県山形市旅篭町１ー８ー６", "緯度": 38.255455, "経度": 140.334919, "url": "https://www.iryou.teikyouseido.mhlw.go.jp/znk-web/juminkanja/S2430/initialize?prefCd=06&kikanCd=100001126&kikanKbn=nan", "url2": "hyakusouen-kanpo.com", "内容": "有限会社百草園薬局0山形県山形市旅篭町１ー８ー６" }, "geometry": { "type": "Point", "coordinates": [ 140.334919, 38.255455 ] } },
{ "type": "Feature", "properties": { "ID": 65100001129, "正式名称": "ぴーく調剤薬局", "機関区分": 5, "都道府県コード": 6, "市区町村コード": 201, "所在地": "山形県山形市江俣四丁目７－２２", "緯度": 38.277297, "経度": 140.318442, "url": "https://www.iryou.teikyouseido.mhlw.go.jp/znk-web/juminkanja/S2430/initialize?prefCd=06&kikanCd=100001129&kikanKbn=nan", "url2": "?", "内容": "ぴーく調剤薬局0山形県山形市江俣四丁目７－２２" }, "geometry": { "type": "Point", "coordinates": [ 140.318442, 38.277297 ] } },
{ "type": "Feature", "properties": { "ID": 65100001135, "正式名称": "あしかが薬局", "機関区分": 5, "都道府県コード": 6, "市区町村コード": 201, "所在地": "山形県山形市上町１丁目９－７", "緯度": 38.242318, "経度": 140.320312, "url": "https://www.iryou.teikyouseido.mhlw.go.jp/znk-web/juminkanja/S2430/initialize?prefCd=06&kikanCd=100001135&kikanKbn=nan", "url2": "http://www.ashikaga.top/", "内容": "あしかが薬局0山形県山形市上町１丁目９－７" }, "geometry": { "type": "Point", "coordinates": [ 140.320312, 38.242318 ] } },
{ "type": "Feature", "properties": { "ID": 65100001137, "正式名称": "元木調剤薬局", "機関区分": 5, "都道府県コード": 6, "市区町村コード": 201, "所在地": "山形県山形市元木２－１３－１０", "緯度": 38.223778, "経度": 140.325723, "url": "https://www.iryou.teikyouseido.mhlw.go.jp/znk-web/juminkanja/S2430/initialize?prefCd=06&kikanCd=100001137&kikanKbn=nan", "url2": null, "内容": "元木調剤薬局0山形県山形市元木２－１３－１０" }, "geometry": { "type": "Point", "coordinates": [ 140.325723, 38.223778 ] } },
{ "type": "Feature", "properties": { "ID": 65100001138, "正式名称": "あさひ薬局", "機関区分": 5, "都道府県コード": 6, "市区町村コード": 201, "所在地": "山形県山形市あかねケ丘１丁目１番３９号", "緯度": 38.251872, "経度": 140.313604, "url": "https://www.iryou.teikyouseido.mhlw.go.jp/znk-web/juminkanja/S2430/initialize?prefCd=06&kikanCd=100001138&kikanKbn=nan", "url2": null, "内容": "あさひ薬局0山形県山形市あかねケ丘１丁目１番３９号" }, "geometry": { "type": "Point", "coordinates": [ 140.313604, 38.251872 ] } },
{ "type": "Feature", "properties": { "ID": 65100001141, "正式名称": "ヤマザワ調剤薬局山形大学病院前店", "機関区分": 5, "都道府県コード": 6, "市区町村コード": 201, "所在地": "山形県山形市飯田西４－４－３", "緯度": 38.215214, "経度": 140.321668, "url": "https://www.iryou.teikyouseido.mhlw.go.jp/znk-web/juminkanja/S2430/initialize?prefCd=06&kikanCd=100001141&kikanKbn=nan", "url2": "http://www.yamazawa-drg.co.jp", "内容": "ヤマザワ調剤薬局山形大学病院前店0山形県山形市飯田西４－４－３" }, "geometry": { "type": "Point", "coordinates": [ 140.321668, 38.215214 ] } },
{ "type": "Feature", "properties": { "ID": 65100001144, "正式名称": "萬屋薬局", "機関区分": 5, "都道府県コード": 6, "市区町村コード": 201, "所在地": "山形県山形市六日町２ー３", "緯度": 38.260047, "経度": 140.340421, "url": "https://www.iryou.teikyouseido.mhlw.go.jp/znk-web/juminkanja/S2430/initialize?prefCd=06&kikanCd=100001144&kikanKbn=nan", "url2": "http://www.yorozuya-yakkyoku.jp/", "内容": "萬屋薬局0山形県山形市六日町２ー３" }, "geometry": { "type": "Point", "coordinates": [ 140.340421, 38.260047 ] } },
{ "type": "Feature", "properties": { "ID": 65100001146, "正式名称": "萬屋薬局駅前店", "機関区分": 5, "都道府県コード": 6, "市区町村コード": 201, "所在地": "山形県山形市香澄町", "緯度": 38.246831, "経度": 140.329883, "url": "https://www.iryou.teikyouseido.mhlw.go.jp/znk-web/juminkanja/S2430/initialize?prefCd=06&kikanCd=100001146&kikanKbn=nan", "url2": "http://www.yorozuya-yakkyoku.jp/", "内容": "萬屋薬局駅前店0山形県山形市香澄町" }, "geometry": { "type": "Point", "coordinates": [ 140.329883, 38.246831 ] } },
{ "type": "Feature", "properties": { "ID": 65100001148, "正式名称": "萬屋薬局コープしろにし店", "機関区分": 5, "都道府県コード": 6, "市区町村コード": 201, "所在地": "山形県山形市城西町５丁目２６番２８号", "緯度": 38.261735, "経度": 140.317051, "url": "https://www.iryou.teikyouseido.mhlw.go.jp/znk-web/juminkanja/S2430/initialize?prefCd=06&kikanCd=100001148&kikanKbn=nan", "url2": "http://www.yorozuya-yakkyoku.jp/", "内容": "萬屋薬局コープしろにし店0山形県山形市城西町５丁目２６番２８号" }, "geometry": { "type": "Point", "coordinates": [ 140.317051, 38.261735 ] } },
{ "type": "Feature", "properties": { "ID": 65100001150, "正式名称": "萬屋薬局みなみ店", "機関区分": 5, "都道府県コード": 6, "市区町村コード": 201, "所在地": "山形県山形市南館４－４－１３", "緯度": 38.23504, "経度": 140.310028, "url": "https://www.iryou.teikyouseido.mhlw.go.jp/znk-web/juminkanja/S2430/initialize?prefCd=06&kikanCd=100001150&kikanKbn=nan", "url2": "http://www.yorozuya-yakkyoku.jp/", "内容": "萬屋薬局みなみ店0山形県山形市南館４－４－１３" }, "geometry": { "type": "Point", "coordinates": [ 140.310028, 38.23504 ] } },
{ "type": "Feature", "properties": { "ID": 65100001174, "正式名称": "てんどう市民薬局", "機関区分": 5, "都道府県コード": 6, "市区町村コード": 210, "所在地": "山形県天童市駅西５丁目１－４７", "緯度": 38.354946, "経度": 140.364287, "url": "https://www.iryou.teikyouseido.mhlw.go.jp/znk-web/juminkanja/S2430/initialize?prefCd=06&kikanCd=100001174&kikanKbn=nan", "url2": "https://www.tendokaiei.jp/", "内容": "てんどう市民薬局0山形県天童市駅西５丁目１－４７" }, "geometry": { "type": "Point", "coordinates": [ 140.364287, 38.354946 ] } },
{ "type": "Feature", "properties": { "ID": 65100001177, "正式名称": "株式会社たちばなや薬局", "機関区分": 5, "都道府県コード": 6, "市区町村コード": 210, "所在地": "山形県天童市三日町", "緯度": 38.355865, "経度": 140.370942, "url": "https://www.iryou.teikyouseido.mhlw.go.jp/znk-web/juminkanja/S2430/initialize?prefCd=06&kikanCd=100001177&kikanKbn=nan", "url2": "https://tachibanaya-ph.co.jp/", "内容": "株式会社たちばなや薬局0山形県天童市三日町" }, "geometry": { "type": "Point", "coordinates": [ 140.370942, 38.355865 ] } },
{ "type": "Feature", "properties": { "ID": 65100001183, "正式名称": "けんこう堂薬局", "機関区分": 5, "都道府県コード": 6, "市区町村コード": 210, "所在地": "山形県天童市老野森", "緯度": 38.365573, "経度": 140.377119, "url": "https://www.iryou.teikyouseido.mhlw.go.jp/znk-web/juminkanja/S2430/initialize?prefCd=06&kikanCd=100001183&kikanKbn=nan", "url2": "https://meron-net.shop/ds/kenkoudou3332", "内容": "けんこう堂薬局0山形県天童市老野森" }, "geometry": { "type": "Point", "coordinates": [ 140.377119, 38.365573 ] } },
{ "type": "Feature", "properties": { "ID": 65100001184, "正式名称": "けんこう堂調剤薬局", "機関区分": 5, "都道府県コード": 6, "市区町村コード": 210, "所在地": "山形県天童市町二丁目１－１", "緯度": 38.362791, "経度": 140.371714, "url": "https://www.iryou.teikyouseido.mhlw.go.jp/znk-web/juminkanja/S2430/initialize?prefCd=06&kikanCd=100001184&kikanKbn=nan", "url2": null, "内容": "けんこう堂調剤薬局0山形県天童市町二丁目１－１" }, "geometry": { "type": "Point", "coordinates": [ 140.371714, 38.362791 ] } },
{ "type": "Feature", "properties": { "ID": 65100001187, "正式名称": "たんぽぽ調剤薬局", "機関区分": 5, "都道府県コード": 6, "市区町村コード": 210, "所在地": "山形県天童市北久野本", "緯度": 38.375747, "経度": 140.377988, "url": "https://www.iryou.teikyouseido.mhlw.go.jp/znk-web/juminkanja/S2430/initialize?prefCd=06&kikanCd=100001187&kikanKbn=nan", "url2": null, "内容": "たんぽぽ調剤薬局0山形県天童市北久野本" }, "geometry": { "type": "Point", "coordinates": [ 140.377988, 38.375747 ] } },
{ "type": "Feature", "properties": { "ID": 65100001188, "正式名称": "ユニスマイル薬局　まいづる店", "機関区分": 5, "都道府県コード": 6, "市区町村コード": 210, "所在地": "山形県天童市鎌田本町３－６－２３", "緯度": 38.357215, "経度": 140.38018, "url": "https://www.iryou.teikyouseido.mhlw.go.jp/znk-web/juminkanja/S2430/initialize?prefCd=06&kikanCd=100001188&kikanKbn=nan", "url2": "http://www.unismile.co.jp/", "内容": "ユニスマイル薬局　まいづる店0山形県天童市鎌田本町３－６－２３" }, "geometry": { "type": "Point", "coordinates": [ 140.38018, 38.357215 ] } },
{ "type": "Feature", "properties": { "ID": 65100001192, "正式名称": "コスモ調剤薬局天童店", "機関区分": 5, "都道府県コード": 6, "市区町村コード": 210, "所在地": "山形県天童市南町２－１０－５５", "緯度": 38.342894, "経度": 140.371173, "url": "https://www.iryou.teikyouseido.mhlw.go.jp/znk-web/juminkanja/S2430/initialize?prefCd=06&kikanCd=100001192&kikanKbn=nan", "url2": "http://www.cosmo-ph.co.jp/", "内容": "コスモ調剤薬局天童店0山形県天童市南町２－１０－５５" }, "geometry": { "type": "Point", "coordinates": [ 140.371173, 38.342894 ] } },
{ "type": "Feature", "properties": { "ID": 65100001193, "正式名称": "コスモ調剤薬局かみのやま矢来店", "機関区分": 5, "都道府県コード": 6, "市区町村コード": 207, "所在地": "山形県上山市矢来３－７－３２－１５", "緯度": 38.150279, "経度": 140.272837, "url": "https://www.iryou.teikyouseido.mhlw.go.jp/znk-web/juminkanja/S2430/initialize?prefCd=06&kikanCd=100001193&kikanKbn=nan", "url2": "http://www.cosmo-ph.co.jp/", "内容": "コスモ調剤薬局かみのやま矢来店0山形県上山市矢来３－７－３２－１５" }, "geometry": { "type": "Point", "coordinates": [ 140.272837, 38.150279 ] } },
{ "type": "Feature", "properties": { "ID": 65100001195, "正式名称": "黒田薬局", "機関区分": 5, "都道府県コード": 6, "市区町村コード": 207, "所在地": "山形県上山市十日町６－８", "緯度": 38.157086, "経度": 140.278356, "url": "https://www.iryou.teikyouseido.mhlw.go.jp/znk-web/juminkanja/S2430/initialize?prefCd=06&kikanCd=100001195&kikanKbn=nan", "url2": null, "内容": "黒田薬局0山形県上山市十日町６－８" }, "geometry": { "type": "Point", "coordinates": [ 140.278356, 38.157086 ] } },
{ "type": "Feature", "properties": { "ID": 65100001200, "正式名称": "けやき薬局上山店", "機関区分": 5, "都道府県コード": 6, "市区町村コード": 207, "所在地": "山形県上山市四ツ谷１－４－１", "緯度": 38.165716, "経度": 140.282905, "url": "https://www.iryou.teikyouseido.mhlw.go.jp/znk-web/juminkanja/S2430/initialize?prefCd=06&kikanCd=100001200&kikanKbn=nan", "url2": "https://keyaki.ivalue.info", "内容": "けやき薬局上山店0山形県上山市四ツ谷１－４－１" }, "geometry": { "type": "Point", "coordinates": [ 140.282905, 38.165716 ] } },
{ "type": "Feature", "properties": { "ID": 65100001201, "正式名称": "すずらん薬局", "機関区分": 5, "都道府県コード": 6, "市区町村コード": 207, "所在地": "山形県上山市八日町２－２０", "緯度": 38.153945, "経度": 140.277801, "url": "https://www.iryou.teikyouseido.mhlw.go.jp/znk-web/juminkanja/S2430/initialize?prefCd=06&kikanCd=100001201&kikanKbn=nan", "url2": null, "内容": "すずらん薬局0山形県上山市八日町２－２０" }, "geometry": { "type": "Point", "coordinates": [ 140.277801, 38.153945 ] } },
{ "type": "Feature", "properties": { "ID": 65100001204, "正式名称": "ＭＳ山辺調剤薬局本町店", "機関区分": 5, "都道府県コード": 6, "市区町村コード": 301, "所在地": "山形県東村山郡山辺町山辺", "緯度": 38.294653, "経度": 140.269261, "url": "https://www.iryou.teikyouseido.mhlw.go.jp/znk-web/juminkanja/S2430/initialize?prefCd=06&kikanCd=100001204&kikanKbn=nan", "url2": "facebook.com/kusuri.yamanobe", "内容": "ＭＳ山辺調剤薬局本町店0山形県東村山郡山辺町山辺" }, "geometry": { "type": "Point", "coordinates": [ 140.269261, 38.294653 ] } },
{ "type": "Feature", "properties": { "ID": 65100001615, "正式名称": "有限会社いこい薬局", "機関区分": 5, "都道府県コード": 6, "市区町村コード": 210, "所在地": "山形県天童市高擶", "緯度": 38.334411, "経度": 140.346191, "url": "https://www.iryou.teikyouseido.mhlw.go.jp/znk-web/juminkanja/S2430/initialize?prefCd=06&kikanCd=100001615&kikanKbn=nan", "url2": null, "内容": "有限会社いこい薬局0山形県天童市高擶" }, "geometry": { "type": "Point", "coordinates": [ 140.346191, 38.334411 ] } },
{ "type": "Feature", "properties": { "ID": 65100001973, "正式名称": "株式会社　柴崎薬局", "機関区分": 5, "都道府県コード": 6, "市区町村コード": 212, "所在地": "山形県尾花沢市中町２番６０号", "緯度": 38.60446, "経度": 140.403783, "url": "https://www.iryou.teikyouseido.mhlw.go.jp/znk-web/juminkanja/S2430/initialize?prefCd=06&kikanCd=100001973&kikanKbn=nan", "url2": "http://kotaronapi.wixsite.com/shibasaki", "内容": "株式会社　柴崎薬局0山形県尾花沢市中町２番６０号" }, "geometry": { "type": "Point", "coordinates": [ 140.403783, 38.60446 ] } },
{ "type": "Feature", "properties": { "ID": 65100002123, "正式名称": "一久小國薬局", "機関区分": 5, "都道府県コード": 6, "市区町村コード": 323, "所在地": "山形県西村山郡朝日町宮宿", "緯度": 38.301353, "経度": 140.148876, "url": "https://www.iryou.teikyouseido.mhlw.go.jp/znk-web/juminkanja/S2430/initialize?prefCd=06&kikanCd=100002123&kikanKbn=nan", "url2": null, "内容": "一久小國薬局0山形県西村山郡朝日町宮宿" }, "geometry": { "type": "Point", "coordinates": [ 140.148876, 38.301353 ] } },
{ "type": "Feature", "properties": { "ID": 65100002125, "正式名称": "茂木薬局", "機関区分": 5, "都道府県コード": 6, "市区町村コード": 321, "所在地": "山形県西村山郡河北町谷地字月山堂３８７", "緯度": 38.414739, "経度": 140.31359, "url": "https://www.iryou.teikyouseido.mhlw.go.jp/znk-web/juminkanja/S2430/initialize?prefCd=06&kikanCd=100002125&kikanKbn=nan", "url2": null, "内容": "茂木薬局0山形県西村山郡河北町谷地字月山堂３８７" }, "geometry": { "type": "Point", "coordinates": [ 140.31359, 38.414739 ] } },
{ "type": "Feature", "properties": { "ID": 65100002131, "正式名称": "中央通り調剤薬局", "機関区分": 5, "都道府県コード": 6, "市区町村コード": 206, "所在地": "山形県寒河江市中央１丁目１３－３６", "緯度": 38.38493, "経度": 140.277386, "url": "https://www.iryou.teikyouseido.mhlw.go.jp/znk-web/juminkanja/S2430/initialize?prefCd=06&kikanCd=100002131&kikanKbn=nan", "url2": null, "内容": "中央通り調剤薬局0山形県寒河江市中央１丁目１３－３６" }, "geometry": { "type": "Point", "coordinates": [ 140.277386, 38.38493 ] } },
{ "type": "Feature", "properties": { "ID": 65100002137, "正式名称": "有限会社大久保薬局落衣店", "機関区分": 5, "都道府県コード": 6, "市区町村コード": 206, "所在地": "山形県寒河江市落衣前", "緯度": 38.369781, "経度": 140.26201, "url": "https://www.iryou.teikyouseido.mhlw.go.jp/znk-web/juminkanja/S2430/initialize?prefCd=06&kikanCd=100002137&kikanKbn=nan", "url2": "https;//member.e-classa.net/", "内容": "有限会社大久保薬局落衣店0山形県寒河江市落衣前" }, "geometry": { "type": "Point", "coordinates": [ 140.26201, 38.369781 ] } },
{ "type": "Feature", "properties": { "ID": 65100003610, "正式名称": "ヤマザワ調剤薬局　上山店", "機関区分": 5, "都道府県コード": 6, "市区町村コード": 207, "所在地": "山形県上山市沢丁６番５号", "緯度": 38.155914, "経度": 140.274518, "url": "https://www.iryou.teikyouseido.mhlw.go.jp/znk-web/juminkanja/S2430/initialize?prefCd=06&kikanCd=100003610&kikanKbn=nan", "url2": "http://www.yamazawa-drg.co.jp", "内容": "ヤマザワ調剤薬局　上山店0山形県上山市沢丁６番５号" }, "geometry": { "type": "Point", "coordinates": [ 140.274518, 38.155914 ] } },
{ "type": "Feature", "properties": { "ID": 65100003611, "正式名称": "尾花沢調剤薬局", "機関区分": 5, "都道府県コード": 6, "市区町村コード": 341, "所在地": "山形県北村山郡大石田町今宿字板橋８９０－５", "緯度": 38.586039, "経度": 140.40191, "url": "https://www.iryou.teikyouseido.mhlw.go.jp/znk-web/juminkanja/S2430/initialize?prefCd=06&kikanCd=100003611&kikanKbn=nan", "url2": "https://www.luckybag.co.jp", "内容": "尾花沢調剤薬局0山形県北村山郡大石田町今宿字板橋８９０－５" }, "geometry": { "type": "Point", "coordinates": [ 140.40191, 38.586039 ] } },
{ "type": "Feature", "properties": { "ID": 65100003618, "正式名称": "有限会社アップル調剤薬局", "機関区分": 5, "都道府県コード": 6, "市区町村コード": 206, "所在地": "山形県寒河江市元町三丁目６ー８", "緯度": 38.369987, "経度": 140.268029, "url": "https://www.iryou.teikyouseido.mhlw.go.jp/znk-web/juminkanja/S2430/initialize?prefCd=06&kikanCd=100003618&kikanKbn=nan", "url2": null, "内容": "有限会社アップル調剤薬局0山形県寒河江市元町三丁目６ー８" }, "geometry": { "type": "Point", "coordinates": [ 140.268029, 38.369987 ] } },
{ "type": "Feature", "properties": { "ID": 65100003670, "正式名称": "スマイル薬局桜田店", "機関区分": 5, "都道府県コード": 6, "市区町村コード": 201, "所在地": "山形県山形市桜田東３－１－９", "緯度": 38.218456, "経度": 140.320649, "url": "https://www.iryou.teikyouseido.mhlw.go.jp/znk-web/juminkanja/S2430/initialize?prefCd=06&kikanCd=100003670&kikanKbn=nan", "url2": null, "内容": "スマイル薬局桜田店0山形県山形市桜田東３－１－９" }, "geometry": { "type": "Point", "coordinates": [ 140.320649, 38.218456 ] } },
{ "type": "Feature", "properties": { "ID": 65100003686, "正式名称": "柴橋薬局", "機関区分": 5, "都道府県コード": 6, "市区町村コード": 206, "所在地": "山形県寒河江市柴橋７１７－１", "緯度": 38.380149, "経度": 140.246564, "url": "https://www.iryou.teikyouseido.mhlw.go.jp/znk-web/juminkanja/S2430/initialize?prefCd=06&kikanCd=100003686&kikanKbn=nan", "url2": null, "内容": "柴橋薬局0山形県寒河江市柴橋７１７－１" }, "geometry": { "type": "Point", "coordinates": [ 140.246564, 38.380149 ] } },
{ "type": "Feature", "properties": { "ID": 65100003692, "正式名称": "おおば調剤薬局", "機関区分": 5, "都道府県コード": 6, "市区町村コード": 321, "所在地": "山形県西村山郡河北町谷地中央四丁目５−２", "緯度": 38.417863, "経度": 140.31186, "url": "https://www.iryou.teikyouseido.mhlw.go.jp/znk-web/juminkanja/S2430/initialize?prefCd=06&kikanCd=100003692&kikanKbn=nan", "url2": null, "内容": "おおば調剤薬局0山形県西村山郡河北町谷地中央四丁目５−２" }, "geometry": { "type": "Point", "coordinates": [ 140.31186, 38.417863 ] } },
{ "type": "Feature", "properties": { "ID": 65100003693, "正式名称": "ヤマザワ調剤薬局城西店", "機関区分": 5, "都道府県コード": 6, "市区町村コード": 201, "所在地": "山形県山形市城西町四丁目１９−３", "緯度": 38.260505, "経度": 140.3225, "url": "https://www.iryou.teikyouseido.mhlw.go.jp/znk-web/juminkanja/S2430/initialize?prefCd=06&kikanCd=100003693&kikanKbn=nan", "url2": "http://www.yamazawa-drg.co.jp", "内容": "ヤマザワ調剤薬局城西店0山形県山形市城西町四丁目１９−３" }, "geometry": { "type": "Point", "coordinates": [ 140.3225, 38.260505 ] } },
{ "type": "Feature", "properties": { "ID": 65100003850, "正式名称": "レモン調剤薬局", "機関区分": 5, "都道府県コード": 6, "市区町村コード": 210, "所在地": "山形県天童市南町三丁目１－２３", "緯度": 38.343824, "経度": 140.368854, "url": "https://www.iryou.teikyouseido.mhlw.go.jp/znk-web/juminkanja/S2430/initialize?prefCd=06&kikanCd=100003850&kikanKbn=nan", "url2": null, "内容": "レモン調剤薬局0山形県天童市南町三丁目１－２３" }, "geometry": { "type": "Point", "coordinates": [ 140.368854, 38.343824 ] } },
{ "type": "Feature", "properties": { "ID": 65100003949, "正式名称": "源泉堂薬局", "機関区分": 5, "都道府県コード": 6, "市区町村コード": 201, "所在地": "山形県山形市五十鈴１－１－３", "緯度": 38.272012, "経度": 140.350761, "url": "https://www.iryou.teikyouseido.mhlw.go.jp/znk-web/juminkanja/S2430/initialize?prefCd=06&kikanCd=100003949&kikanKbn=nan", "url2": "https://gensendo.net/", "内容": "源泉堂薬局0山形県山形市五十鈴１－１－３" }, "geometry": { "type": "Point", "coordinates": [ 140.350761, 38.272012 ] } },
{ "type": "Feature", "properties": { "ID": 65100003959, "正式名称": "ユニスマイル薬局　さがえ店", "機関区分": 5, "都道府県コード": 6, "市区町村コード": 206, "所在地": "山形県寒河江市西根字下堰５０７", "緯度": 38.391726, "経度": 140.279541, "url": "https://www.iryou.teikyouseido.mhlw.go.jp/znk-web/juminkanja/S2430/initialize?prefCd=06&kikanCd=100003959&kikanKbn=nan", "url2": "http://www.unismile.co.jp", "内容": "ユニスマイル薬局　さがえ店0山形県寒河江市西根字下堰５０７" }, "geometry": { "type": "Point", "coordinates": [ 140.279541, 38.391726 ] } },
{ "type": "Feature", "properties": { "ID": 65100003960, "正式名称": "健康堂薬局", "機関区分": 5, "都道府県コード": 6, "市区町村コード": 206, "所在地": "山形県寒河江市大字高屋字西浦４２９番地", "緯度": 38.353861, "経度": 140.278942, "url": "https://www.iryou.teikyouseido.mhlw.go.jp/znk-web/juminkanja/S2430/initialize?prefCd=06&kikanCd=100003960&kikanKbn=nan", "url2": null, "内容": "健康堂薬局0山形県寒河江市大字高屋字西浦４２９番地" }, "geometry": { "type": "Point", "coordinates": [ 140.278942, 38.353861 ] } },
{ "type": "Feature", "properties": { "ID": 65100004098, "正式名称": "萬屋薬局江俣店", "機関区分": 5, "都道府県コード": 6, "市区町村コード": 201, "所在地": "山形県山形市江俣４丁目１７−３３", "緯度": 38.278072, "経度": 140.317012, "url": "https://www.iryou.teikyouseido.mhlw.go.jp/znk-web/juminkanja/S2430/initialize?prefCd=06&kikanCd=100004098&kikanKbn=nan", "url2": "http://www.yorozuya-yakkyoku.jp/", "内容": "萬屋薬局江俣店0山形県山形市江俣４丁目１７−３３" }, "geometry": { "type": "Point", "coordinates": [ 140.317012, 38.278072 ] } },
{ "type": "Feature", "properties": { "ID": 65100004109, "正式名称": "さくらんぼ薬局", "機関区分": 5, "都道府県コード": 6, "市区町村コード": 211, "所在地": "山形県東根市一本木２ー５ー１７", "緯度": 38.422708, "経度": 140.38581, "url": "https://www.iryou.teikyouseido.mhlw.go.jp/znk-web/juminkanja/S2430/initialize?prefCd=06&kikanCd=100004109&kikanKbn=nan", "url2": "https://www.ms-chozai.com/", "内容": "さくらんぼ薬局0山形県東根市一本木２ー５ー１７" }, "geometry": { "type": "Point", "coordinates": [ 140.38581, 38.422708 ] } },
{ "type": "Feature", "properties": { "ID": 65100004241, "正式名称": "日本調剤山形薬局", "機関区分": 5, "都道府県コード": 6, "市区町村コード": 201, "所在地": "山形県山形市七日町１ー２ー３４", "緯度": 38.25245, "経度": 140.338188, "url": "https://www.iryou.teikyouseido.mhlw.go.jp/znk-web/juminkanja/S2430/initialize?prefCd=06&kikanCd=100004241&kikanKbn=nan", "url2": "http://www.nicho.co.jp/tenpo/touhoku/yamagata/post_159.html", "内容": "日本調剤山形薬局0山形県山形市七日町１ー２ー３４" }, "geometry": { "type": "Point", "coordinates": [ 140.338188, 38.25245 ] } },
{ "type": "Feature", "properties": { "ID": 65100004246, "正式名称": "あおば調剤薬局", "機関区分": 5, "都道府県コード": 6, "市区町村コード": 201, "所在地": "山形県山形市あこや町二丁目６−１２", "緯度": 38.242371, "経度": 140.35304, "url": "https://www.iryou.teikyouseido.mhlw.go.jp/znk-web/juminkanja/S2430/initialize?prefCd=06&kikanCd=100004246&kikanKbn=nan", "url2": null, "内容": "あおば調剤薬局0山形県山形市あこや町二丁目６−１２" }, "geometry": { "type": "Point", "coordinates": [ 140.35304, 38.242371 ] } },
{ "type": "Feature", "properties": { "ID": 65100004252, "正式名称": "高取薬局", "機関区分": 5, "都道府県コード": 6, "市区町村コード": 322, "所在地": "山形県西村山郡西川町海味４７５", "緯度": 38.426566, "経度": 140.1487, "url": "https://www.iryou.teikyouseido.mhlw.go.jp/znk-web/juminkanja/S2430/initialize?prefCd=06&kikanCd=100004252&kikanKbn=nan", "url2": "https://www.bunanomori-takatori.com/", "内容": "高取薬局0山形県西村山郡西川町海味４７５" }, "geometry": { "type": "Point", "coordinates": [ 140.1487, 38.426566 ] } },
{ "type": "Feature", "properties": { "ID": 65100004284, "正式名称": "ブナの森調剤薬局東根店", "機関区分": 5, "都道府県コード": 6, "市区町村コード": 211, "所在地": "山形県東根市さくらんぼ駅前２－１７－７", "緯度": 38.428571, "経度": 140.385027, "url": "https://www.iryou.teikyouseido.mhlw.go.jp/znk-web/juminkanja/S2430/initialize?prefCd=06&kikanCd=100004284&kikanKbn=nan", "url2": "https://www.marinegroup.jp/detail/%E3%83%96%E3%83%8A%E3%81%AE%E6%A3%AE%E8%AA%BF%E5%89%A4%E8%96%AC%E5%B1%80-%E6%9D%B1%E6%A0%B9%E5%BA%97/", "内容": "ブナの森調剤薬局東根店0山形県東根市さくらんぼ駅前２－１７－７" }, "geometry": { "type": "Point", "coordinates": [ 140.385027, 38.428571 ] } },
{ "type": "Feature", "properties": { "ID": 65100004311, "正式名称": "漢タロウ薬局", "機関区分": 5, "都道府県コード": 6, "市区町村コード": 201, "所在地": "山形県山形市蔵王成沢２２００－４", "緯度": 38.205168, "経度": 140.309109, "url": "https://www.iryou.teikyouseido.mhlw.go.jp/znk-web/juminkanja/S2430/initialize?prefCd=06&kikanCd=100004311&kikanKbn=nan", "url2": "11www.community-i.com/kantaro/", "内容": "漢タロウ薬局0山形県山形市蔵王成沢２２００－４" }, "geometry": { "type": "Point", "coordinates": [ 140.309109, 38.205168 ] } },
{ "type": "Feature", "properties": { "ID": 65100004324, "正式名称": "土屋薬局", "機関区分": 5, "都道府県コード": 6, "市区町村コード": 211, "所在地": "山形県東根市神町中央一丁目１０−７", "緯度": 38.408335, "経度": 140.379817, "url": "https://www.iryou.teikyouseido.mhlw.go.jp/znk-web/juminkanja/S2430/initialize?prefCd=06&kikanCd=100004324&kikanKbn=nan", "url2": "https://tutiya-yakkyoku.jp/", "内容": "土屋薬局0山形県東根市神町中央一丁目１０−７" }, "geometry": { "type": "Point", "coordinates": [ 140.379817, 38.408335 ] } },
{ "type": "Feature", "properties": { "ID": 65100004345, "正式名称": "まごころ薬局", "機関区分": 5, "都道府県コード": 6, "市区町村コード": 201, "所在地": "山形県山形市若宮一丁目１１−３１", "緯度": 38.22798, "経度": 140.308833, "url": "https://www.iryou.teikyouseido.mhlw.go.jp/znk-web/juminkanja/S2430/initialize?prefCd=06&kikanCd=100004345&kikanKbn=nan", "url2": "?", "内容": "まごころ薬局0山形県山形市若宮一丁目１１−３１" }, "geometry": { "type": "Point", "coordinates": [ 140.308833, 38.22798 ] } },
{ "type": "Feature", "properties": { "ID": 65100004391, "正式名称": "ふれあい調剤薬局深町店", "機関区分": 5, "都道府県コード": 6, "市区町村コード": 201, "所在地": "山形県山形市深町３丁目１番１３号", "緯度": 38.231307, "経度": 140.317435, "url": "https://www.iryou.teikyouseido.mhlw.go.jp/znk-web/juminkanja/S2430/initialize?prefCd=06&kikanCd=100004391&kikanKbn=nan", "url2": "https//www.emc-fureai.jp", "内容": "ふれあい調剤薬局深町店0山形県山形市深町３丁目１番１３号" }, "geometry": { "type": "Point", "coordinates": [ 140.317435, 38.231307 ] } },
{ "type": "Feature", "properties": { "ID": 65100004507, "正式名称": "エイブル薬局みのり店", "機関区分": 5, "都道府県コード": 6, "市区町村コード": 201, "所在地": "山形県山形市富の中４－４－２０", "緯度": 38.232229, "経度": 140.307056, "url": "https://www.iryou.teikyouseido.mhlw.go.jp/znk-web/juminkanja/S2430/initialize?prefCd=06&kikanCd=100004507&kikanKbn=nan", "url2": null, "内容": "エイブル薬局みのり店0山形県山形市富の中４－４－２０" }, "geometry": { "type": "Point", "coordinates": [ 140.307056, 38.232229 ] } },
{ "type": "Feature", "properties": { "ID": 65100004541, "正式名称": "ら・ふらんす調剤薬局古館店", "機関区分": 5, "都道府県コード": 6, "市区町村コード": 201, "所在地": "山形県山形市大字古館１５７５−１", "緯度": 38.263342, "経度": 140.261217, "url": "https://www.iryou.teikyouseido.mhlw.go.jp/znk-web/juminkanja/S2430/initialize?prefCd=06&kikanCd=100004541&kikanKbn=nan", "url2": null, "内容": "ら・ふらんす調剤薬局古館店0山形県山形市大字古館１５７５−１" }, "geometry": { "type": "Point", "coordinates": [ 140.261217, 38.263342 ] } },
{ "type": "Feature", "properties": { "ID": 65100004567, "正式名称": "（有）ゆうき薬局", "機関区分": 5, "都道府県コード": 6, "市区町村コード": 211, "所在地": "山形県東根市さくらんぼ駅前１−７−１４", "緯度": 38.430394, "経度": 140.382334, "url": "https://www.iryou.teikyouseido.mhlw.go.jp/znk-web/juminkanja/S2430/initialize?prefCd=06&kikanCd=100004567&kikanKbn=nan", "url2": "https://www.yukipharmacy.com", "内容": "（有）ゆうき薬局0山形県東根市さくらんぼ駅前１−７−１４" }, "geometry": { "type": "Point", "coordinates": [ 140.382334, 38.430394 ] } },
{ "type": "Feature", "properties": { "ID": 65100004615, "正式名称": "有限会社大久保薬局", "機関区分": 5, "都道府県コード": 6, "市区町村コード": 206, "所在地": "山形県寒河江市本町二丁目４−１８", "緯度": 38.378807, "経度": 140.276184, "url": "https://www.iryou.teikyouseido.mhlw.go.jp/znk-web/juminkanja/S2430/initialize?prefCd=06&kikanCd=100004615&kikanKbn=nan", "url2": null, "内容": "有限会社大久保薬局0山形県寒河江市本町二丁目４−１８" }, "geometry": { "type": "Point", "coordinates": [ 140.276184, 38.378807 ] } },
{ "type": "Feature", "properties": { "ID": 65100004660, "正式名称": "スマイル薬局天童東店", "機関区分": 5, "都道府県コード": 6, "市区町村コード": 210, "所在地": "山形県天童市荒谷１９７３－１１０２", "緯度": 38.326255, "経度": 140.3884, "url": "https://www.iryou.teikyouseido.mhlw.go.jp/znk-web/juminkanja/S2430/initialize?prefCd=06&kikanCd=100004660&kikanKbn=nan", "url2": null, "内容": "スマイル薬局天童東店0山形県天童市荒谷１９７３－１１０２" }, "geometry": { "type": "Point", "coordinates": [ 140.3884, 38.326255 ] } },
{ "type": "Feature", "properties": { "ID": 65100004675, "正式名称": "フジヤ薬局", "機関区分": 5, "都道府県コード": 6, "市区町村コード": 207, "所在地": "山形県上山市金生東一丁目十番十六号", "緯度": 38.146785, "経度": 140.286453, "url": "https://www.iryou.teikyouseido.mhlw.go.jp/znk-web/juminkanja/S2430/initialize?prefCd=06&kikanCd=100004675&kikanKbn=nan", "url2": null, "内容": "フジヤ薬局0山形県上山市金生東一丁目十番十六号" }, "geometry": { "type": "Point", "coordinates": [ 140.286453, 38.146785 ] } },
{ "type": "Feature", "properties": { "ID": 65100004787, "正式名称": "けやき薬局成沢店", "機関区分": 5, "都道府県コード": 6, "市区町村コード": 201, "所在地": "山形県山形市成沢西５－６－２０", "緯度": 38.208148, "経度": 140.319938, "url": "https://www.iryou.teikyouseido.mhlw.go.jp/znk-web/juminkanja/S2430/initialize?prefCd=06&kikanCd=100004787&kikanKbn=nan", "url2": "http://www.keyaki-p.com", "内容": "けやき薬局成沢店0山形県山形市成沢西５－６－２０" }, "geometry": { "type": "Point", "coordinates": [ 140.319938, 38.208148 ] } },
{ "type": "Feature", "properties": { "ID": 65100004788, "正式名称": "ら・ふらんす調剤薬局成沢店", "機関区分": 5, "都道府県コード": 6, "市区町村コード": 201, "所在地": "山形県山形市成沢西二丁目８−５０", "緯度": 38.211667, "経度": 140.313739, "url": "https://www.iryou.teikyouseido.mhlw.go.jp/znk-web/juminkanja/S2430/initialize?prefCd=06&kikanCd=100004788&kikanKbn=nan", "url2": "http://reid-byoinnavi.jp", "内容": "ら・ふらんす調剤薬局成沢店0山形県山形市成沢西二丁目８−５０" }, "geometry": { "type": "Point", "coordinates": [ 140.313739, 38.211667 ] } },
{ "type": "Feature", "properties": { "ID": 65100004807, "正式名称": "エドヤ調剤薬局", "機関区分": 5, "都道府県コード": 6, "市区町村コード": 210, "所在地": "山形県天童市田鶴町４丁目２番５２号", "緯度": 38.356659, "経度": 140.365384, "url": "https://www.iryou.teikyouseido.mhlw.go.jp/znk-web/juminkanja/S2430/initialize?prefCd=06&kikanCd=100004807&kikanKbn=nan", "url2": null, "内容": "エドヤ調剤薬局0山形県天童市田鶴町４丁目２番５２号" }, "geometry": { "type": "Point", "coordinates": [ 140.365384, 38.356659 ] } },
{ "type": "Feature", "properties": { "ID": 65100004843, "正式名称": "エイブル薬局ひかり店", "機関区分": 5, "都道府県コード": 6, "市区町村コード": 201, "所在地": "山形県山形市富の中四丁目１番１４号", "緯度": 38.232179, "経度": 140.307886, "url": "https://www.iryou.teikyouseido.mhlw.go.jp/znk-web/juminkanja/S2430/initialize?prefCd=06&kikanCd=100004843&kikanKbn=nan", "url2": null, "内容": "エイブル薬局ひかり店0山形県山形市富の中四丁目１番１４号" }, "geometry": { "type": "Point", "coordinates": [ 140.307886, 38.232179 ] } },
{ "type": "Feature", "properties": { "ID": 65100004844, "正式名称": "のぞみ調剤薬局", "機関区分": 5, "都道府県コード": 6, "市区町村コード": 207, "所在地": "山形県上山市金生１－１４－８", "緯度": 38.150815, "経度": 140.285539, "url": "https://www.iryou.teikyouseido.mhlw.go.jp/znk-web/juminkanja/S2430/initialize?prefCd=06&kikanCd=100004844&kikanKbn=nan", "url2": "https://y-yaku.or.jp/pharmacy/yk347/", "内容": "のぞみ調剤薬局0山形県上山市金生１－１４－８" }, "geometry": { "type": "Point", "coordinates": [ 140.285539, 38.150815 ] } },
{ "type": "Feature", "properties": { "ID": 65100004854, "正式名称": "もりの季調剤薬局", "機関区分": 5, "都道府県コード": 6, "市区町村コード": 201, "所在地": "山形県山形市東原町四丁目１７−４９", "緯度": 38.243518, "経度": 140.346674, "url": "https://www.iryou.teikyouseido.mhlw.go.jp/znk-web/juminkanja/S2430/initialize?prefCd=06&kikanCd=100004854&kikanKbn=nan", "url2": "?", "内容": "もりの季調剤薬局0山形県山形市東原町四丁目１７−４９" }, "geometry": { "type": "Point", "coordinates": [ 140.346674, 38.243518 ] } },
{ "type": "Feature", "properties": { "ID": 65100004876, "正式名称": "レモン調剤薬局北町店", "機関区分": 5, "都道府県コード": 6, "市区町村コード": 201, "所在地": "山形県山形市北町３－７－４", "緯度": 38.271604, "経度": 140.327186, "url": "https://www.iryou.teikyouseido.mhlw.go.jp/znk-web/juminkanja/S2430/initialize?prefCd=06&kikanCd=100004876&kikanKbn=nan", "url2": "-", "内容": "レモン調剤薬局北町店0山形県山形市北町３－７－４" }, "geometry": { "type": "Point", "coordinates": [ 140.327186, 38.271604 ] } },
{ "type": "Feature", "properties": { "ID": 65100004901, "正式名称": "ファミリー調剤薬局", "機関区分": 5, "都道府県コード": 6, "市区町村コード": 201, "所在地": "山形県山形市瀬波１ー６ー３", "緯度": 38.278664, "経度": 140.30829, "url": "https://www.iryou.teikyouseido.mhlw.go.jp/znk-web/juminkanja/S2430/initialize?prefCd=06&kikanCd=100004901&kikanKbn=nan", "url2": "https://family-okusuri.com", "内容": "ファミリー調剤薬局0山形県山形市瀬波１ー６ー３" }, "geometry": { "type": "Point", "coordinates": [ 140.30829, 38.278664 ] } },
{ "type": "Feature", "properties": { "ID": 65100004930, "正式名称": "調剤薬局ツルハドラッグ中桜田店", "機関区分": 5, "都道府県コード": 6, "市区町村コード": 201, "所在地": "山形県山形市中桜田３－２－１６", "緯度": 38.216182, "経度": 140.334534, "url": "https://www.iryou.teikyouseido.mhlw.go.jp/znk-web/juminkanja/S2430/initialize?prefCd=06&kikanCd=100004930&kikanKbn=nan", "url2": "http://www.tsuruha.co.jp/", "内容": "調剤薬局ツルハドラッグ中桜田店0山形県山形市中桜田３－２－１６" }, "geometry": { "type": "Point", "coordinates": [ 140.334534, 38.216182 ] } },
{ "type": "Feature", "properties": { "ID": 65100004935, "正式名称": "朝日調剤薬局", "機関区分": 5, "都道府県コード": 6, "市区町村コード": 323, "所在地": "山形県西村山郡朝日町宮宿８３２−４", "緯度": 38.299812, "経度": 140.14377, "url": "https://www.iryou.teikyouseido.mhlw.go.jp/znk-web/juminkanja/S2430/initialize?prefCd=06&kikanCd=100004935&kikanKbn=nan", "url2": null, "内容": "朝日調剤薬局0山形県西村山郡朝日町宮宿８３２−４" }, "geometry": { "type": "Point", "coordinates": [ 140.14377, 38.299812 ] } },
{ "type": "Feature", "properties": { "ID": 65100004972, "正式名称": "コスモ調剤薬局高田店", "機関区分": 5, "都道府県コード": 6, "市区町村コード": 206, "所在地": "山形県寒河江市高田１－１０－１５", "緯度": 38.368671, "経度": 140.2866, "url": "https://www.iryou.teikyouseido.mhlw.go.jp/znk-web/juminkanja/S2430/initialize?prefCd=06&kikanCd=100004972&kikanKbn=nan", "url2": "http://www.cosmo-ph.co.jp/", "内容": "コスモ調剤薬局高田店0山形県寒河江市高田１－１０－１５" }, "geometry": { "type": "Point", "coordinates": [ 140.2866, 38.368671 ] } },
{ "type": "Feature", "properties": { "ID": 65100005002, "正式名称": "オアシス調剤薬局", "機関区分": 5, "都道府県コード": 6, "市区町村コード": 201, "所在地": "山形県山形市西田２－３－７", "緯度": 38.263382, "経度": 140.312679, "url": "https://www.iryou.teikyouseido.mhlw.go.jp/znk-web/juminkanja/S2430/initialize?prefCd=06&kikanCd=100005002&kikanKbn=nan", "url2": null, "内容": "オアシス調剤薬局0山形県山形市西田２－３－７" }, "geometry": { "type": "Point", "coordinates": [ 140.312679, 38.263382 ] } },
{ "type": "Feature", "properties": { "ID": 65100005095, "正式名称": "スマイル薬局長岡店", "機関区分": 5, "都道府県コード": 6, "市区町村コード": 210, "所在地": "山形県天童市東長岡２丁目８－９", "緯度": 38.332245, "経度": 140.364951, "url": "https://www.iryou.teikyouseido.mhlw.go.jp/znk-web/juminkanja/S2430/initialize?prefCd=06&kikanCd=100005095&kikanKbn=nan", "url2": null, "内容": "スマイル薬局長岡店0山形県天童市東長岡２丁目８－９" }, "geometry": { "type": "Point", "coordinates": [ 140.364951, 38.332245 ] } },
{ "type": "Feature", "properties": { "ID": 65100005096, "正式名称": "樫の木薬局上町店", "機関区分": 5, "都道府県コード": 6, "市区町村コード": 201, "所在地": "山形県山形市上町四丁目８−１３", "緯度": 38.243648, "経度": 140.312413, "url": "https://www.iryou.teikyouseido.mhlw.go.jp/znk-web/juminkanja/S2430/initialize?prefCd=06&kikanCd=100005096&kikanKbn=nan", "url2": "https://daiwa-med.co.jp/pages/271/", "内容": "樫の木薬局上町店0山形県山形市上町四丁目８−１３" }, "geometry": { "type": "Point", "coordinates": [ 140.312413, 38.243648 ] } },
{ "type": "Feature", "properties": { "ID": 65100005133, "正式名称": "樫の木薬局あかねヶ丘店", "機関区分": 5, "都道府県コード": 6, "市区町村コード": 201, "所在地": "山形県山形市あかねケ丘二丁目１０ー４５", "緯度": 38.24515, "経度": 140.312094, "url": "https://www.iryou.teikyouseido.mhlw.go.jp/znk-web/juminkanja/S2430/initialize?prefCd=06&kikanCd=100005133&kikanKbn=nan", "url2": "https://daiwa-med.co.jp/pages/272/", "内容": "樫の木薬局あかねヶ丘店0山形県山形市あかねケ丘二丁目１０ー４５" }, "geometry": { "type": "Point", "coordinates": [ 140.312094, 38.24515 ] } },
{ "type": "Feature", "properties": { "ID": 65100005136, "正式名称": "陣場調剤薬局", "機関区分": 5, "都道府県コード": 6, "市区町村コード": 201, "所在地": "山形県山形市陣場一丁目９−２０", "緯度": 38.278119, "経度": 140.310293, "url": "https://www.iryou.teikyouseido.mhlw.go.jp/znk-web/juminkanja/S2430/initialize?prefCd=06&kikanCd=100005136&kikanKbn=nan", "url2": "https://family-okusuri.com", "内容": "陣場調剤薬局0山形県山形市陣場一丁目９−２０" }, "geometry": { "type": "Point", "coordinates": [ 140.310293, 38.278119 ] } },
{ "type": "Feature", "properties": { "ID": 65100005203, "正式名称": "ユニスマイル薬局　うわまち店", "機関区分": 5, "都道府県コード": 6, "市区町村コード": 201, "所在地": "山形県山形市上町３丁目１１－６", "緯度": 38.244315, "経度": 140.319872, "url": "https://www.iryou.teikyouseido.mhlw.go.jp/znk-web/juminkanja/S2430/initialize?prefCd=06&kikanCd=100005203&kikanKbn=nan", "url2": "http://www.unismile.co.jp", "内容": "ユニスマイル薬局　うわまち店0山形県山形市上町３丁目１１－６" }, "geometry": { "type": "Point", "coordinates": [ 140.319872, 38.244315 ] } },
{ "type": "Feature", "properties": { "ID": 65100005227, "正式名称": "ヤマザワ調剤薬局済生館前店", "機関区分": 5, "都道府県コード": 6, "市区町村コード": 201, "所在地": "山形県山形市七日町一丁目４ー２０", "緯度": 38.253714, "経度": 140.338413, "url": "https://www.iryou.teikyouseido.mhlw.go.jp/znk-web/juminkanja/S2430/initialize?prefCd=06&kikanCd=100005227&kikanKbn=nan", "url2": "https://www.yamazawa-drg.co.jp/", "内容": "ヤマザワ調剤薬局済生館前店0山形県山形市七日町一丁目４ー２０" }, "geometry": { "type": "Point", "coordinates": [ 140.338413, 38.253714 ] } },
{ "type": "Feature", "properties": { "ID": 65100005272, "正式名称": "きくち調剤薬局バイパス店", "機関区分": 5, "都道府県コード": 6, "市区町村コード": 208, "所在地": "山形県村山市駅西１９－２７", "緯度": 38.477008, "経度": 140.384058, "url": "https://www.iryou.teikyouseido.mhlw.go.jp/znk-web/juminkanja/S2430/initialize?prefCd=06&kikanCd=100005272&kikanKbn=nan", "url2": null, "内容": "きくち調剤薬局バイパス店0山形県村山市駅西１９－２７" }, "geometry": { "type": "Point", "coordinates": [ 140.384058, 38.477008 ] } },
{ "type": "Feature", "properties": { "ID": 65100005323, "正式名称": "おいのもり調剤薬局", "機関区分": 5, "都道府県コード": 6, "市区町村コード": 210, "所在地": "山形県天童市老野森一丁目５番２９号", "緯度": 38.364151, "経度": 140.377697, "url": "https://www.iryou.teikyouseido.mhlw.go.jp/znk-web/juminkanja/S2430/initialize?prefCd=06&kikanCd=100005323&kikanKbn=nan", "url2": null, "内容": "おいのもり調剤薬局0山形県天童市老野森一丁目５番２９号" }, "geometry": { "type": "Point", "coordinates": [ 140.377697, 38.364151 ] } },
{ "type": "Feature", "properties": { "ID": 65100005339, "正式名称": "もみの木薬局", "機関区分": 5, "都道府県コード": 6, "市区町村コード": 201, "所在地": "山形県山形市あさひ町１５－１６", "緯度": 38.24318, "経度": 140.36318, "url": "https://www.iryou.teikyouseido.mhlw.go.jp/znk-web/juminkanja/S2430/initialize?prefCd=06&kikanCd=100005339&kikanKbn=nan", "url2": null, "内容": "もみの木薬局0山形県山形市あさひ町１５－１６" }, "geometry": { "type": "Point", "coordinates": [ 140.36318, 38.24318 ] } },
{ "type": "Feature", "properties": { "ID": 65100005746, "正式名称": "ヤマザワ調剤薬局元木店", "機関区分": 5, "都道府県コード": 6, "市区町村コード": 201, "所在地": "山形県山形市元木３丁目３－２", "緯度": 38.22291, "経度": 140.319561, "url": "https://www.iryou.teikyouseido.mhlw.go.jp/znk-web/juminkanja/S2430/initialize?prefCd=06&kikanCd=100005746&kikanKbn=nan", "url2": "http://www.yamazawa-drg.co.jp", "内容": "ヤマザワ調剤薬局元木店0山形県山形市元木３丁目３－２" }, "geometry": { "type": "Point", "coordinates": [ 140.319561, 38.22291 ] } },
{ "type": "Feature", "properties": { "ID": 65100005963, "正式名称": "宮宿調剤薬局", "機関区分": 5, "都道府県コード": 6, "市区町村コード": 323, "所在地": "山形県西村山郡朝日町宮宿２３６３", "緯度": 38.299595, "経度": 140.149328, "url": "https://www.iryou.teikyouseido.mhlw.go.jp/znk-web/juminkanja/S2430/initialize?prefCd=06&kikanCd=100005963&kikanKbn=nan", "url2": "?", "内容": "宮宿調剤薬局0山形県西村山郡朝日町宮宿２３６３" }, "geometry": { "type": "Point", "coordinates": [ 140.149328, 38.299595 ] } },
{ "type": "Feature", "properties": { "ID": 65100006131, "正式名称": "ヤマザワ調剤薬局　天童鍬の町店", "機関区分": 5, "都道府県コード": 6, "市区町村コード": 210, "所在地": "山形県天童市鍬ノ町一丁目２番１８号", "緯度": 38.355304, "経度": 140.384494, "url": "https://www.iryou.teikyouseido.mhlw.go.jp/znk-web/juminkanja/S2430/initialize?prefCd=06&kikanCd=100006131&kikanKbn=nan", "url2": "http://www.yamazawa-drg.co.jp/", "内容": "ヤマザワ調剤薬局　天童鍬の町店0山形県天童市鍬ノ町一丁目２番１８号" }, "geometry": { "type": "Point", "coordinates": [ 140.384494, 38.355304 ] } },
{ "type": "Feature", "properties": { "ID": 65100006143, "正式名称": "かごた調剤薬局", "機関区分": 5, "都道府県コード": 6, "市区町村コード": 201, "所在地": "山形県山形市篭田１－１４－２８", "緯度": 38.240007, "経度": 140.319915, "url": "https://www.iryou.teikyouseido.mhlw.go.jp/znk-web/juminkanja/S2430/initialize?prefCd=06&kikanCd=100006143&kikanKbn=nan", "url2": "https://www.okazaki-iryo.jp/", "内容": "かごた調剤薬局0山形県山形市篭田１－１４－２８" }, "geometry": { "type": "Point", "coordinates": [ 140.319915, 38.240007 ] } },
{ "type": "Feature", "properties": { "ID": 65100006144, "正式名称": "城西調剤薬局", "機関区分": 5, "都道府県コード": 6, "市区町村コード": 201, "所在地": "山形県山形市城西町５丁目２９番２４号", "緯度": 38.262238, "経度": 140.315823, "url": "https://www.iryou.teikyouseido.mhlw.go.jp/znk-web/juminkanja/S2430/initialize?prefCd=06&kikanCd=100006144&kikanKbn=nan", "url2": "https://www.okazaki-iryo.jp", "内容": "城西調剤薬局0山形県山形市城西町５丁目２９番２４号" }, "geometry": { "type": "Point", "coordinates": [ 140.315823, 38.262238 ] } },
{ "type": "Feature", "properties": { "ID": 65100006145, "正式名称": "七日町調剤薬局", "機関区分": 5, "都道府県コード": 6, "市区町村コード": 201, "所在地": "山形県山形市七日町５丁目１２ー１３", "緯度": 38.250814, "経度": 140.344712, "url": "https://www.iryou.teikyouseido.mhlw.go.jp/znk-web/juminkanja/S2430/initialize?prefCd=06&kikanCd=100006145&kikanKbn=nan", "url2": "https://www.okazaki-iryo.jp", "内容": "七日町調剤薬局0山形県山形市七日町５丁目１２ー１３" }, "geometry": { "type": "Point", "coordinates": [ 140.344712, 38.250814 ] } },
{ "type": "Feature", "properties": { "ID": 65100006146, "正式名称": "ホープ薬局天童店", "機関区分": 5, "都道府県コード": 6, "市区町村コード": 210, "所在地": "山形県天童市乱川３－２－３", "緯度": 38.384851, "経度": 140.378557, "url": "https://www.iryou.teikyouseido.mhlw.go.jp/znk-web/juminkanja/S2430/initialize?prefCd=06&kikanCd=100006146&kikanKbn=nan", "url2": "http:www.info.pmda.go.jp/ippan.html", "内容": "ホープ薬局天童店0山形県天童市乱川３－２－３" }, "geometry": { "type": "Point", "coordinates": [ 140.378557, 38.384851 ] } },
{ "type": "Feature", "properties": { "ID": 65100006169, "正式名称": "いずみ調剤薬局", "機関区分": 5, "都道府県コード": 6, "市区町村コード": 201, "所在地": "山形県山形市城西町５－２０－１７", "緯度": 38.261488, "経度": 140.314776, "url": "https://www.iryou.teikyouseido.mhlw.go.jp/znk-web/juminkanja/S2430/initialize?prefCd=06&kikanCd=100006169&kikanKbn=nan", "url2": null, "内容": "いずみ調剤薬局0山形県山形市城西町５－２０－１７" }, "geometry": { "type": "Point", "coordinates": [ 140.314776, 38.261488 ] } },
{ "type": "Feature", "properties": { "ID": 65100006242, "正式名称": "ヤマザワ調剤薬局天童市民病院前店", "機関区分": 5, "都道府県コード": 6, "市区町村コード": 210, "所在地": "山形県天童市駅西５丁目１番９号", "緯度": 38.354083, "経度": 140.364294, "url": "https://www.iryou.teikyouseido.mhlw.go.jp/znk-web/juminkanja/S2430/initialize?prefCd=06&kikanCd=100006242&kikanKbn=nan", "url2": "http://www.yamazawa-drg.co.jp", "内容": "ヤマザワ調剤薬局天童市民病院前店0山形県天童市駅西５丁目１番９号" }, "geometry": { "type": "Point", "coordinates": [ 140.364294, 38.354083 ] } },
{ "type": "Feature", "properties": { "ID": 65100006283, "正式名称": "調剤薬局ツルハドラッグ東根中央店", "機関区分": 5, "都道府県コード": 6, "市区町村コード": 211, "所在地": "山形県東根市さくらんぼ駅前２ー１４ー１７", "緯度": 38.428261, "経度": 140.388472, "url": "https://www.iryou.teikyouseido.mhlw.go.jp/znk-web/juminkanja/S2430/initialize?prefCd=06&kikanCd=100006283&kikanKbn=nan", "url2": "http://www.tsuruha.co.jp/", "内容": "調剤薬局ツルハドラッグ東根中央店0山形県東根市さくらんぼ駅前２ー１４ー１７" }, "geometry": { "type": "Point", "coordinates": [ 140.388472, 38.428261 ] } },
{ "type": "Feature", "properties": { "ID": 65100006341, "正式名称": "アーク調剤薬局", "機関区分": 5, "都道府県コード": 6, "市区町村コード": 201, "所在地": "山形県山形市大字千手堂字大門９７－３", "緯度": 38.313377, "経度": 140.334892, "url": "https://www.iryou.teikyouseido.mhlw.go.jp/znk-web/juminkanja/S2430/initialize?prefCd=06&kikanCd=100006341&kikanKbn=nan", "url2": null, "内容": "アーク調剤薬局0山形県山形市大字千手堂字大門９７－３" }, "geometry": { "type": "Point", "coordinates": [ 140.334892, 38.313377 ] } },
{ "type": "Feature", "properties": { "ID": 65100006357, "正式名称": "コスモ調剤薬局篭田店", "機関区分": 5, "都道府県コード": 6, "市区町村コード": 201, "所在地": "山形県山形市篭田三丁目１－２１", "緯度": 38.238822, "経度": 140.318896, "url": "https://www.iryou.teikyouseido.mhlw.go.jp/znk-web/juminkanja/S2430/initialize?prefCd=06&kikanCd=100006357&kikanKbn=nan", "url2": "http://www.cosmo-ph.co.jp/", "内容": "コスモ調剤薬局篭田店0山形県山形市篭田三丁目１－２１" }, "geometry": { "type": "Point", "coordinates": [ 140.318896, 38.238822 ] } },
{ "type": "Feature", "properties": { "ID": 65100006475, "正式名称": "鈴川調剤薬局", "機関区分": 5, "都道府県コード": 6, "市区町村コード": 201, "所在地": "山形県山形市鈴川町三丁目８－５", "緯度": 38.269158, "経度": 140.359115, "url": "https://www.iryou.teikyouseido.mhlw.go.jp/znk-web/juminkanja/S2430/initialize?prefCd=06&kikanCd=100006475&kikanKbn=nan", "url2": "https://www.okazaki-iryou.jp", "内容": "鈴川調剤薬局0山形県山形市鈴川町三丁目８－５" }, "geometry": { "type": "Point", "coordinates": [ 140.359115, 38.269158 ] } },
{ "type": "Feature", "properties": { "ID": 65100006496, "正式名称": "尾花沢調剤薬局市役所前店", "機関区分": 5, "都道府県コード": 6, "市区町村コード": 212, "所在地": "山形県尾花沢市上町１－１－２７", "緯度": 38.60175, "経度": 140.404919, "url": "https://www.iryou.teikyouseido.mhlw.go.jp/znk-web/juminkanja/S2430/initialize?prefCd=06&kikanCd=100006496&kikanKbn=nan", "url2": "https://obanazawasiyakusyo.wixsite.com/my-site-1", "内容": "尾花沢調剤薬局市役所前店0山形県尾花沢市上町１－１－２７" }, "geometry": { "type": "Point", "coordinates": [ 140.404919, 38.60175 ] } },
{ "type": "Feature", "properties": { "ID": 65100006611, "正式名称": "カメイ調剤薬局山形北店", "機関区分": 5, "都道府県コード": 6, "市区町村コード": 201, "所在地": "山形県山形市嶋北１丁目１４－７", "緯度": 38.288993, "経度": 140.321588, "url": "https://www.iryou.teikyouseido.mhlw.go.jp/znk-web/juminkanja/S2430/initialize?prefCd=06&kikanCd=100006611&kikanKbn=nan", "url2": "https://www.kamei.co.jp/pharmacy/shop/yamagatakita/", "内容": "カメイ調剤薬局山形北店0山形県山形市嶋北１丁目１４－７" }, "geometry": { "type": "Point", "coordinates": [ 140.321588, 38.288993 ] } },
{ "type": "Feature", "properties": { "ID": 65100006693, "正式名称": "カメイ調剤薬局緑町店", "機関区分": 5, "都道府県コード": 6, "市区町村コード": 201, "所在地": "山形県山形市七日町４－１３－３４", "緯度": 38.254314, "経度": 140.346115, "url": "https://www.iryou.teikyouseido.mhlw.go.jp/znk-web/juminkanja/S2430/initialize?prefCd=06&kikanCd=100006693&kikanKbn=nan", "url2": "http://www.kamei.co.jp/pharmacy/cyozai/tenpo/", "内容": "カメイ調剤薬局緑町店0山形県山形市七日町４－１３－３４" }, "geometry": { "type": "Point", "coordinates": [ 140.346115, 38.254314 ] } },
{ "type": "Feature", "properties": { "ID": 65100006717, "正式名称": "ホープ薬局村山駅西店", "機関区分": 5, "都道府県コード": 6, "市区町村コード": 208, "所在地": "山形県村山市駅西１８－５", "緯度": 38.476589, "経度": 140.384425, "url": "https://www.iryou.teikyouseido.mhlw.go.jp/znk-web/juminkanja/S2430/initialize?prefCd=06&kikanCd=100006717&kikanKbn=nan", "url2": null, "内容": "ホープ薬局村山駅西店0山形県村山市駅西１８－５" }, "geometry": { "type": "Point", "coordinates": [ 140.384425, 38.476589 ] } },
{ "type": "Feature", "properties": { "ID": 65100006718, "正式名称": "プライム調剤薬局", "機関区分": 5, "都道府県コード": 6, "市区町村コード": 201, "所在地": "山形県山形市大字松原３１２－８", "緯度": 38.205698, "経度": 140.304485, "url": "https://www.iryou.teikyouseido.mhlw.go.jp/znk-web/juminkanja/S2430/initialize?prefCd=06&kikanCd=100006718&kikanKbn=nan", "url2": "http://prime-pharmacy.co.jp/", "内容": "プライム調剤薬局0山形県山形市大字松原３１２－８" }, "geometry": { "type": "Point", "coordinates": [ 140.304485, 38.205698 ] } },
{ "type": "Feature", "properties": { "ID": 65100006735, "正式名称": "ちとせ薬局", "機関区分": 5, "都道府県コード": 6, "市区町村コード": 201, "所在地": "山形県山形市双葉町２丁目１－２４", "緯度": 38.248108, "経度": 140.322232, "url": "https://www.iryou.teikyouseido.mhlw.go.jp/znk-web/juminkanja/S2430/initialize?prefCd=06&kikanCd=100006735&kikanKbn=nan", "url2": "http://www.luckybag.co.jp/", "内容": "ちとせ薬局0山形県山形市双葉町２丁目１－２４" }, "geometry": { "type": "Point", "coordinates": [ 140.322232, 38.248108 ] } },
{ "type": "Feature", "properties": { "ID": 65100006736, "正式名称": "ヤマザワ調剤薬局山辺店", "機関区分": 5, "都道府県コード": 6, "市区町村コード": 301, "所在地": "山形県東村山郡山辺町山辺６１３９－８", "緯度": 38.293964, "経度": 140.269674, "url": "https://www.iryou.teikyouseido.mhlw.go.jp/znk-web/juminkanja/S2430/initialize?prefCd=06&kikanCd=100006736&kikanKbn=nan", "url2": null, "内容": "ヤマザワ調剤薬局山辺店0山形県東村山郡山辺町山辺６１３９－８" }, "geometry": { "type": "Point", "coordinates": [ 140.269674, 38.293964 ] } },
{ "type": "Feature", "properties": { "ID": 65100006775, "正式名称": "谷地調剤薬局", "機関区分": 5, "都道府県コード": 6, "市区町村コード": 321, "所在地": "山形県西村山郡河北町谷地中央一丁目３－２６", "緯度": 38.420786, "経度": 140.312434, "url": "https://www.iryou.teikyouseido.mhlw.go.jp/znk-web/juminkanja/S2430/initialize?prefCd=06&kikanCd=100006775&kikanKbn=nan", "url2": "https://www.kazukikikaku.com/", "内容": "谷地調剤薬局0山形県西村山郡河北町谷地中央一丁目３－２６" }, "geometry": { "type": "Point", "coordinates": [ 140.312434, 38.420786 ] } },
{ "type": "Feature", "properties": { "ID": 65100006776, "正式名称": "調剤薬局ツルハドラッグ寒河江西店", "機関区分": 5, "都道府県コード": 6, "市区町村コード": 206, "所在地": "山形県寒河江市寒河江字塩水７１外", "緯度": 38.377242, "経度": 140.261443, "url": "https://www.iryou.teikyouseido.mhlw.go.jp/znk-web/juminkanja/S2430/initialize?prefCd=06&kikanCd=100006776&kikanKbn=nan", "url2": "http://www.tsuruha.co.jp/", "内容": "調剤薬局ツルハドラッグ寒河江西店0山形県寒河江市寒河江字塩水７１外" }, "geometry": { "type": "Point", "coordinates": [ 140.261443, 38.377242 ] } },
{ "type": "Feature", "properties": { "ID": 65100006833, "正式名称": "日本調剤寒河江薬局", "機関区分": 5, "都道府県コード": 6, "市区町村コード": 206, "所在地": "山形県寒河江市寒河江内の袋１２－１", "緯度": 38.376889, "経度": 140.262129, "url": "https://www.iryou.teikyouseido.mhlw.go.jp/znk-web/juminkanja/S2430/initialize?prefCd=06&kikanCd=100006833&kikanKbn=nan", "url2": "https://www.nicho.co.jp/tenpo/sagae/", "内容": "日本調剤寒河江薬局0山形県寒河江市寒河江内の袋１２－１" }, "geometry": { "type": "Point", "coordinates": [ 140.262129, 38.376889 ] } },
{ "type": "Feature", "properties": { "ID": 65100006834, "正式名称": "コスモ調剤薬局東根店", "機関区分": 5, "都道府県コード": 6, "市区町村コード": 211, "所在地": "山形県東根市本丸西４丁目１ー２５", "緯度": 38.448018, "経度": 140.394035, "url": "https://www.iryou.teikyouseido.mhlw.go.jp/znk-web/juminkanja/S2430/initialize?prefCd=06&kikanCd=100006834&kikanKbn=nan", "url2": "http://www.cosmo-ph.co.jp", "内容": "コスモ調剤薬局東根店0山形県東根市本丸西４丁目１ー２５" }, "geometry": { "type": "Point", "coordinates": [ 140.394035, 38.448018 ] } },
{ "type": "Feature", "properties": { "ID": 65100006860, "正式名称": "しあわせ調剤薬局", "機関区分": 5, "都道府県コード": 6, "市区町村コード": 211, "所在地": "山形県東根市中央四丁目１－９", "緯度": 38.433846, "経度": 140.392141, "url": "https://www.iryou.teikyouseido.mhlw.go.jp/znk-web/juminkanja/S2430/initialize?prefCd=06&kikanCd=100006860&kikanKbn=nan", "url2": "http://reido.byoinnavi.jp", "内容": "しあわせ調剤薬局0山形県東根市中央四丁目１－９" }, "geometry": { "type": "Point", "coordinates": [ 140.392141, 38.433846 ] } },
{ "type": "Feature", "properties": { "ID": 65100006870, "正式名称": "調剤薬局ツルハドラッグ山形嶋店", "機関区分": 5, "都道府県コード": 6, "市区町村コード": 201, "所在地": "山形県山形市嶋北４丁目２番１８号", "緯度": 38.286956, "経度": 140.317179, "url": "https://www.iryou.teikyouseido.mhlw.go.jp/znk-web/juminkanja/S2430/initialize?prefCd=06&kikanCd=100006870&kikanKbn=nan", "url2": "http://www.tsuruha.co.jp/", "内容": "調剤薬局ツルハドラッグ山形嶋店0山形県山形市嶋北４丁目２番１８号" }, "geometry": { "type": "Point", "coordinates": [ 140.317179, 38.286956 ] } },
{ "type": "Feature", "properties": { "ID": 65100006871, "正式名称": "ヤマザワ調剤薬局県立中央病院前店", "機関区分": 5, "都道府県コード": 6, "市区町村コード": 201, "所在地": "山形県山形市青柳１５６２－１", "緯度": 38.300319, "経度": 140.348824, "url": "https://www.iryou.teikyouseido.mhlw.go.jp/znk-web/juminkanja/S2430/initialize?prefCd=06&kikanCd=100006871&kikanKbn=nan", "url2": "https://www.yamazawa-drg.co.jp/shop_category/dispensing", "内容": "ヤマザワ調剤薬局県立中央病院前店0山形県山形市青柳１５６２－１" }, "geometry": { "type": "Point", "coordinates": [ 140.348824, 38.300319 ] } },
{ "type": "Feature", "properties": { "ID": 65100006882, "正式名称": "あらた調剤薬局山形嶋店", "機関区分": 5, "都道府県コード": 6, "市区町村コード": 201, "所在地": "山形県山形市嶋北４－５－２", "緯度": 38.288198, "経度": 140.318491, "url": "https://www.iryou.teikyouseido.mhlw.go.jp/znk-web/juminkanja/S2430/initialize?prefCd=06&kikanCd=100006882&kikanKbn=nan", "url2": null, "内容": "あらた調剤薬局山形嶋店0山形県山形市嶋北４－５－２" }, "geometry": { "type": "Point", "coordinates": [ 140.318491, 38.288198 ] } },
{ "type": "Feature", "properties": { "ID": 65100007092, "正式名称": "調剤薬局ツルハドラッグ山形小白川店", "機関区分": 5, "都道府県コード": 6, "市区町村コード": 201, "所在地": "山形県山形市あこや町２－１４－１１", "緯度": 38.243303, "経度": 140.352198, "url": "https://www.iryou.teikyouseido.mhlw.go.jp/znk-web/juminkanja/S2430/initialize?prefCd=06&kikanCd=100007092&kikanKbn=nan", "url2": "https://shop.tsuruha-g.com/0806", "内容": "調剤薬局ツルハドラッグ山形小白川店0山形県山形市あこや町２－１４－１１" }, "geometry": { "type": "Point", "coordinates": [ 140.352198, 38.243303 ] } },
{ "type": "Feature", "properties": { "ID": 65100007338, "正式名称": "さくら調剤薬局長谷堂店", "機関区分": 5, "都道府県コード": 6, "市区町村コード": 201, "所在地": "山形県山形市長谷堂１１３－２", "緯度": 38.215719, "経度": 140.276817, "url": "https://www.iryou.teikyouseido.mhlw.go.jp/znk-web/juminkanja/S2430/initialize?prefCd=06&kikanCd=100007338&kikanKbn=nan", "url2": "http://meron-net.shop/ds/sakura-sakura", "内容": "さくら調剤薬局長谷堂店0山形県山形市長谷堂１１３－２" }, "geometry": { "type": "Point", "coordinates": [ 140.276817, 38.215719 ] } },
{ "type": "Feature", "properties": { "ID": 65100007349, "正式名称": "カワチ薬局山形北店", "機関区分": 5, "都道府県コード": 6, "市区町村コード": 201, "所在地": "山形県山形市嶋南２－１４－６", "緯度": 38.282617, "経度": 140.320663, "url": "https://www.iryou.teikyouseido.mhlw.go.jp/znk-web/juminkanja/S2430/initialize?prefCd=06&kikanCd=100007349&kikanKbn=nan", "url2": "https://www.cawachi.co.jp", "内容": "カワチ薬局山形北店0山形県山形市嶋南２－１４－６" }, "geometry": { "type": "Point", "coordinates": [ 140.320663, 38.282617 ] } },
{ "type": "Feature", "properties": { "ID": 65100007351, "正式名称": "かえで薬局", "機関区分": 5, "都道府県コード": 6, "市区町村コード": 201, "所在地": "山形県山形市砂塚１３−９", "緯度": 38.259227, "経度": 140.310709, "url": "https://www.iryou.teikyouseido.mhlw.go.jp/znk-web/juminkanja/S2430/initialize?prefCd=06&kikanCd=100007351&kikanKbn=nan", "url2": "https://tsubakimedical.co.jp", "内容": "かえで薬局0山形県山形市砂塚１３−９" }, "geometry": { "type": "Point", "coordinates": [ 140.310709, 38.259227 ] } },
{ "type": "Feature", "properties": { "ID": 65100007352, "正式名称": "さがえ調剤薬局", "機関区分": 5, "都道府県コード": 6, "市区町村コード": 206, "所在地": "山形県寒河江市大字寒河江字塩水５９－１", "緯度": 38.377987, "経度": 140.262306, "url": "https://www.iryou.teikyouseido.mhlw.go.jp/znk-web/juminkanja/S2430/initialize?prefCd=06&kikanCd=100007352&kikanKbn=nan", "url2": "https://shop.tsuruha-g.com/0758", "内容": "さがえ調剤薬局0山形県寒河江市大字寒河江字塩水５９－１" }, "geometry": { "type": "Point", "coordinates": [ 140.262306, 38.377987 ] } },
{ "type": "Feature", "properties": { "ID": 65100007354, "正式名称": "はながさ薬局", "機関区分": 5, "都道府県コード": 6, "市区町村コード": 212, "所在地": "山形県尾花沢市上町６－３－１７", "緯度": 38.602681, "経度": 140.400869, "url": "https://www.iryou.teikyouseido.mhlw.go.jp/znk-web/juminkanja/S2430/initialize?prefCd=06&kikanCd=100007354&kikanKbn=nan", "url2": null, "内容": "はながさ薬局0山形県尾花沢市上町６－３－１７" }, "geometry": { "type": "Point", "coordinates": [ 140.400869, 38.602681 ] } },
{ "type": "Feature", "properties": { "ID": 65100007368, "正式名称": "日本調剤山形大前薬局", "機関区分": 5, "都道府県コード": 6, "市区町村コード": 201, "所在地": "山形県山形市飯田西４－１－１４", "緯度": 38.215729, "経度": 140.321787, "url": "https://www.iryou.teikyouseido.mhlw.go.jp/znk-web/juminkanja/S2430/initialize?prefCd=06&kikanCd=100007368&kikanKbn=nan", "url2": "http://www.nicho.co.jp/tenpo/yamagatadaimae/", "内容": "日本調剤山形大前薬局0山形県山形市飯田西４－１－１４" }, "geometry": { "type": "Point", "coordinates": [ 140.321787, 38.215729 ] } },
{ "type": "Feature", "properties": { "ID": 65100007392, "正式名称": "やまのべ駅前調剤薬局", "機関区分": 5, "都道府県コード": 6, "市区町村コード": 301, "所在地": "山形県東村山郡山辺町山辺１２５８－１２", "緯度": 38.294162, "経度": 140.270463, "url": "https://www.iryou.teikyouseido.mhlw.go.jp/znk-web/juminkanja/S2430/initialize?prefCd=06&kikanCd=100007392&kikanKbn=nan", "url2": "yamanobe-ekimae-ph.com", "内容": "やまのべ駅前調剤薬局0山形県東村山郡山辺町山辺１２５８－１２" }, "geometry": { "type": "Point", "coordinates": [ 140.270463, 38.294162 ] } },
{ "type": "Feature", "properties": { "ID": 65100007430, "正式名称": "さくら調剤薬局神町店", "機関区分": 5, "都道府県コード": 6, "市区町村コード": 211, "所在地": "山形県東根市神町中央１丁目１２－１", "緯度": 38.4098, "経度": 140.380173, "url": "https://www.iryou.teikyouseido.mhlw.go.jp/znk-web/juminkanja/S2430/initialize?prefCd=06&kikanCd=100007430&kikanKbn=nan", "url2": "http://www.meron-net.jp/sakura711792/", "内容": "さくら調剤薬局神町店0山形県東根市神町中央１丁目１２－１" }, "geometry": { "type": "Point", "coordinates": [ 140.380173, 38.4098 ] } },
{ "type": "Feature", "properties": { "ID": 65100007477, "正式名称": "緑町Ｋｏｋｏｒｏ薬局", "機関区分": 5, "都道府県コード": 6, "市区町村コード": 201, "所在地": "山形県山形市緑町４－１４－６３", "緯度": 38.253743, "経度": 140.351761, "url": "https://www.iryou.teikyouseido.mhlw.go.jp/znk-web/juminkanja/S2430/initialize?prefCd=06&kikanCd=100007477&kikanKbn=nan", "url2": "http://www.kokoro-yakkyoku.co.jp/", "内容": "緑町Ｋｏｋｏｒｏ薬局0山形県山形市緑町４－１４－６３" }, "geometry": { "type": "Point", "coordinates": [ 140.351761, 38.253743 ] } },
{ "type": "Feature", "properties": { "ID": 65100007479, "正式名称": "にした薬局", "機関区分": 5, "都道府県コード": 6, "市区町村コード": 201, "所在地": "山形県山形市西田三丁目１１－２５", "緯度": 38.266919, "経度": 140.317654, "url": "https://www.iryou.teikyouseido.mhlw.go.jp/znk-web/juminkanja/S2430/initialize?prefCd=06&kikanCd=100007479&kikanKbn=nan", "url2": "http://www.luckybag.co.jp/", "内容": "にした薬局0山形県山形市西田三丁目１１－２５" }, "geometry": { "type": "Point", "coordinates": [ 140.317654, 38.266919 ] } },
{ "type": "Feature", "properties": { "ID": 65100007538, "正式名称": "エコー調剤薬局", "機関区分": 5, "都道府県コード": 6, "市区町村コード": 201, "所在地": "山形県山形市あこや町２丁目７－２０", "緯度": 38.241894, "経度": 140.351897, "url": "https://www.iryou.teikyouseido.mhlw.go.jp/znk-web/juminkanja/S2430/initialize?prefCd=06&kikanCd=100007538&kikanKbn=nan", "url2": null, "内容": "エコー調剤薬局0山形県山形市あこや町２丁目７－２０" }, "geometry": { "type": "Point", "coordinates": [ 140.351897, 38.241894 ] } },
{ "type": "Feature", "properties": { "ID": 65100007602, "正式名称": "らふらんす調剤薬局寒河江店", "機関区分": 5, "都道府県コード": 6, "市区町村コード": 206, "所在地": "山形県寒河江市南町２丁目１－１２", "緯度": 38.374425, "経度": 140.277281, "url": "https://www.iryou.teikyouseido.mhlw.go.jp/znk-web/juminkanja/S2430/initialize?prefCd=06&kikanCd=100007602&kikanKbn=nan", "url2": "http://reido.byoinnavi.jp", "内容": "らふらんす調剤薬局寒河江店0山形県寒河江市南町２丁目１－１２" }, "geometry": { "type": "Point", "coordinates": [ 140.277281, 38.374425 ] } },
{ "type": "Feature", "properties": { "ID": 65100007604, "正式名称": "あくあ調剤薬局", "機関区分": 5, "都道府県コード": 6, "市区町村コード": 211, "所在地": "山形県東根市さくらんぼ駅前二丁目１３－３", "緯度": 38.42873, "経度": 140.388553, "url": "https://www.iryou.teikyouseido.mhlw.go.jp/znk-web/juminkanja/S2430/initialize?prefCd=06&kikanCd=100007604&kikanKbn=nan", "url2": null, "内容": "あくあ調剤薬局0山形県東根市さくらんぼ駅前二丁目１３－３" }, "geometry": { "type": "Point", "coordinates": [ 140.388553, 38.42873 ] } },
{ "type": "Feature", "properties": { "ID": 65100007613, "正式名称": "けやき薬局東根店", "機関区分": 5, "都道府県コード": 6, "市区町村コード": 211, "所在地": "山形県東根市大森２－１－１", "緯度": 38.43002, "経度": 140.389161, "url": "https://www.iryou.teikyouseido.mhlw.go.jp/znk-web/juminkanja/S2430/initialize?prefCd=06&kikanCd=100007613&kikanKbn=nan", "url2": "http://www.keyaki-p.com", "内容": "けやき薬局東根店0山形県東根市大森２－１－１" }, "geometry": { "type": "Point", "coordinates": [ 140.389161, 38.43002 ] } },
{ "type": "Feature", "properties": { "ID": 65100007619, "正式名称": "あおば調剤薬局小白川店", "機関区分": 5, "都道府県コード": 6, "市区町村コード": 201, "所在地": "山形県山形市小白川町４丁目３ー１２", "緯度": 38.244808, "経度": 140.353925, "url": "https://www.iryou.teikyouseido.mhlw.go.jp/znk-web/juminkanja/S2430/initialize?prefCd=06&kikanCd=100007619&kikanKbn=nan", "url2": null, "内容": "あおば調剤薬局小白川店0山形県山形市小白川町４丁目３ー１２" }, "geometry": { "type": "Point", "coordinates": [ 140.353925, 38.244808 ] } },
{ "type": "Feature", "properties": { "ID": 65100007623, "正式名称": "よねた薬局", "機関区分": 5, "都道府県コード": 6, "市区町村コード": 201, "所在地": "山形県山形市城南町３丁目４番２７号", "緯度": 38.251995, "経度": 140.323107, "url": "https://www.iryou.teikyouseido.mhlw.go.jp/znk-web/juminkanja/S2430/initialize?prefCd=06&kikanCd=100007623&kikanKbn=nan", "url2": null, "内容": "よねた薬局0山形県山形市城南町３丁目４番２７号" }, "geometry": { "type": "Point", "coordinates": [ 140.323107, 38.251995 ] } },
{ "type": "Feature", "properties": { "ID": 65100007663, "正式名称": "けんこうの森薬局", "機関区分": 5, "都道府県コード": 6, "市区町村コード": 210, "所在地": "山形県天童市東本町３－４－１０", "緯度": 38.35841, "経度": 140.379035, "url": "https://www.iryou.teikyouseido.mhlw.go.jp/znk-web/juminkanja/S2430/initialize?prefCd=06&kikanCd=100007663&kikanKbn=nan", "url2": "kenkounomori-pharm.com", "内容": "けんこうの森薬局0山形県天童市東本町３－４－１０" }, "geometry": { "type": "Point", "coordinates": [ 140.379035, 38.35841 ] } },
{ "type": "Feature", "properties": { "ID": 65100007664, "正式名称": "カメイ調剤薬局小荷駄町店", "機関区分": 5, "都道府県コード": 6, "市区町村コード": 201, "所在地": "山形県山形市小荷駄町１２－３３", "緯度": 38.237405, "経度": 140.342939, "url": "https://www.iryou.teikyouseido.mhlw.go.jp/znk-web/juminkanja/S2430/initialize?prefCd=06&kikanCd=100007664&kikanKbn=nan", "url2": "https://www.kamei.co.jp/pharmacy/shop/konida/", "内容": "カメイ調剤薬局小荷駄町店0山形県山形市小荷駄町１２－３３" }, "geometry": { "type": "Point", "coordinates": [ 140.342939, 38.237405 ] } },
{ "type": "Feature", "properties": { "ID": 65100007684, "正式名称": "さくら調剤薬局十日町店", "機関区分": 5, "都道府県コード": 6, "市区町村コード": 201, "所在地": "山形県山形市十日町１丁目２－３０－１０２", "緯度": 38.246253, "経度": 140.334699, "url": "https://www.iryou.teikyouseido.mhlw.go.jp/znk-web/juminkanja/S2430/initialize?prefCd=06&kikanCd=100007684&kikanKbn=nan", "url2": null, "内容": "さくら調剤薬局十日町店0山形県山形市十日町１丁目２－３０－１０２" }, "geometry": { "type": "Point", "coordinates": [ 140.334699, 38.246253 ] } },
{ "type": "Feature", "properties": { "ID": 65100007740, "正式名称": "調剤薬局ツルハドラッグ山形吉原店", "機関区分": 5, "都道府県コード": 6, "市区町村コード": 201, "所在地": "山形県山形市吉原二丁目１０－１０", "緯度": 38.228052, "経度": 140.312906, "url": "https://www.iryou.teikyouseido.mhlw.go.jp/znk-web/juminkanja/S2430/initialize?prefCd=06&kikanCd=100007740&kikanKbn=nan", "url2": "http://shop.tsuruha-g.com/0892c", "内容": "調剤薬局ツルハドラッグ山形吉原店0山形県山形市吉原二丁目１０－１０" }, "geometry": { "type": "Point", "coordinates": [ 140.312906, 38.228052 ] } },
{ "type": "Feature", "properties": { "ID": 65100007785, "正式名称": "萬屋薬局かみの山店", "機関区分": 5, "都道府県コード": 6, "市区町村コード": 207, "所在地": "山形県上山市弁天２丁目−２−１３", "緯度": 38.169148, "経度": 140.292878, "url": "https://www.iryou.teikyouseido.mhlw.go.jp/znk-web/juminkanja/S2430/initialize?prefCd=06&kikanCd=100007785&kikanKbn=nan", "url2": "http://www.yorozuya-yakkyoku.jp/", "内容": "萬屋薬局かみの山店0山形県上山市弁天２丁目−２−１３" }, "geometry": { "type": "Point", "coordinates": [ 140.292878, 38.169148 ] } },
{ "type": "Feature", "properties": { "ID": 65100007786, "正式名称": "さくら薬局山形馬見ケ崎店", "機関区分": 5, "都道府県コード": 6, "市区町村コード": 201, "所在地": "山形県山形市馬見ケ崎四丁目−１−１９", "緯度": 38.283844, "経度": 140.334415, "url": "https://www.iryou.teikyouseido.mhlw.go.jp/znk-web/juminkanja/S2430/initialize?prefCd=06&kikanCd=100007786&kikanKbn=nan", "url2": "https://www.kraft-net.co.jp/sakura/store/3606/", "内容": "さくら薬局山形馬見ケ崎店0山形県山形市馬見ケ崎四丁目−１−１９" }, "geometry": { "type": "Point", "coordinates": [ 140.334415, 38.283844 ] } },
{ "type": "Feature", "properties": { "ID": 65100007788, "正式名称": "日本調剤山形北薬局", "機関区分": 5, "都道府県コード": 6, "市区町村コード": 201, "所在地": "山形県山形市馬見ケ崎４－１－１２", "緯度": 38.284151, "経度": 140.334302, "url": "https://www.iryou.teikyouseido.mhlw.go.jp/znk-web/juminkanja/S2430/initialize?prefCd=06&kikanCd=100007788&kikanKbn=nan", "url2": "http://www.nicho.co.jp/tenpo/touhoku/yamagata/post_468.html", "内容": "日本調剤山形北薬局0山形県山形市馬見ケ崎４－１－１２" }, "geometry": { "type": "Point", "coordinates": [ 140.334302, 38.284151 ] } },
{ "type": "Feature", "properties": { "ID": 65100007793, "正式名称": "ひなた薬局", "機関区分": 5, "都道府県コード": 6, "市区町村コード": 321, "所在地": "山形県西村山郡河北町谷地字田中４－１", "緯度": 38.415917, "経度": 140.308395, "url": "https://www.iryou.teikyouseido.mhlw.go.jp/znk-web/juminkanja/S2430/initialize?prefCd=06&kikanCd=100007793&kikanKbn=nan", "url2": null, "内容": "ひなた薬局0山形県西村山郡河北町谷地字田中４－１" }, "geometry": { "type": "Point", "coordinates": [ 140.308395, 38.415917 ] } },
{ "type": "Feature", "properties": { "ID": 65100007794, "正式名称": "ホープ薬局花楯店", "機関区分": 5, "都道府県コード": 6, "市区町村コード": 201, "所在地": "山形県山形市花楯２丁目６番１３号", "緯度": 38.272387, "経度": 140.348154, "url": "https://www.iryou.teikyouseido.mhlw.go.jp/znk-web/juminkanja/S2430/initialize?prefCd=06&kikanCd=100007794&kikanKbn=nan", "url2": "https://altacks-hope.jp", "内容": "ホープ薬局花楯店0山形県山形市花楯２丁目６番１３号" }, "geometry": { "type": "Point", "coordinates": [ 140.348154, 38.272387 ] } },
{ "type": "Feature", "properties": { "ID": 65100007799, "正式名称": "有限会社浜田薬局", "機関区分": 5, "都道府県コード": 6, "市区町村コード": 207, "所在地": "山形県上山市矢来１－５－３", "緯度": 38.152672, "経度": 140.276666, "url": "https://www.iryou.teikyouseido.mhlw.go.jp/znk-web/juminkanja/S2430/initialize?prefCd=06&kikanCd=100007799&kikanKbn=nan", "url2": "https://kusuri-hamada.com/", "内容": "有限会社浜田薬局0山形県上山市矢来１－５－３" }, "geometry": { "type": "Point", "coordinates": [ 140.276666, 38.152672 ] } },
{ "type": "Feature", "properties": { "ID": 65100007822, "正式名称": "岡崎医療医学部前調剤薬局", "機関区分": 5, "都道府県コード": 6, "市区町村コード": 201, "所在地": "山形県山形市飯田西４－５－３５", "緯度": 38.214581, "経度": 140.321706, "url": "https://www.iryou.teikyouseido.mhlw.go.jp/znk-web/juminkanja/S2430/initialize?prefCd=06&kikanCd=100007822&kikanKbn=nan", "url2": "https://www.okazaki-iryo.jp/", "内容": "岡崎医療医学部前調剤薬局0山形県山形市飯田西４－５－３５" }, "geometry": { "type": "Point", "coordinates": [ 140.321706, 38.214581 ] } },
{ "type": "Feature", "properties": { "ID": 65100007824, "正式名称": "どうまち薬局", "機関区分": 5, "都道府県コード": 6, "市区町村コード": 201, "所在地": "山形県山形市銅町２丁目６－３３", "緯度": 38.270221, "経度": 140.342628, "url": "https://www.iryou.teikyouseido.mhlw.go.jp/znk-web/juminkanja/S2430/initialize?prefCd=06&kikanCd=100007824&kikanKbn=nan", "url2": null, "内容": "どうまち薬局0山形県山形市銅町２丁目６－３３" }, "geometry": { "type": "Point", "coordinates": [ 140.342628, 38.270221 ] } },
{ "type": "Feature", "properties": { "ID": 65100007825, "正式名称": "なりさわ西調剤薬局", "機関区分": 5, "都道府県コード": 6, "市区町村コード": 201, "所在地": "山形県山形市成沢西４−１１−３１", "緯度": 38.204722, "経度": 140.316235, "url": "https://www.iryou.teikyouseido.mhlw.go.jp/znk-web/juminkanja/S2430/initialize?prefCd=06&kikanCd=100007825&kikanKbn=nan", "url2": null, "内容": "なりさわ西調剤薬局0山形県山形市成沢西４−１１−３１" }, "geometry": { "type": "Point", "coordinates": [ 140.316235, 38.204722 ] } },
{ "type": "Feature", "properties": { "ID": 65100007827, "正式名称": "ぴーく調剤薬局　小姓町店", "機関区分": 5, "都道府県コード": 6, "市区町村コード": 201, "所在地": "山形県山形市小姓町", "緯度": 38.246754, "経度": 140.339082, "url": "https://www.iryou.teikyouseido.mhlw.go.jp/znk-web/juminkanja/S2430/initialize?prefCd=06&kikanCd=100007827&kikanKbn=nan", "url2": "http://reido.byoinnavi.jp/", "内容": "ぴーく調剤薬局　小姓町店0山形県山形市小姓町" }, "geometry": { "type": "Point", "coordinates": [ 140.339082, 38.246754 ] } },
{ "type": "Feature", "properties": { "ID": 65100007834, "正式名称": "茂木調剤薬局", "機関区分": 5, "都道府県コード": 6, "市区町村コード": 321, "所在地": "山形県西村山郡河北町谷地字月山堂４０８−４", "緯度": 38.415703, "経度": 140.313907, "url": "https://www.iryou.teikyouseido.mhlw.go.jp/znk-web/juminkanja/S2430/initialize?prefCd=06&kikanCd=100007834&kikanKbn=nan", "url2": null, "内容": "茂木調剤薬局0山形県西村山郡河北町谷地字月山堂４０８−４" }, "geometry": { "type": "Point", "coordinates": [ 140.313907, 38.415703 ] } },
{ "type": "Feature", "properties": { "ID": 65100007835, "正式名称": "茂木調剤薬局中央店", "機関区分": 5, "都道府県コード": 6, "市区町村コード": 321, "所在地": "山形県西村山郡河北町谷地中央５丁目９−１６", "緯度": 38.417183, "経度": 140.307137, "url": "https://www.iryou.teikyouseido.mhlw.go.jp/znk-web/juminkanja/S2430/initialize?prefCd=06&kikanCd=100007835&kikanKbn=nan", "url2": null, "内容": "茂木調剤薬局中央店0山形県西村山郡河北町谷地中央５丁目９−１６" }, "geometry": { "type": "Point", "coordinates": [ 140.307137, 38.417183 ] } },
{ "type": "Feature", "properties": { "ID": 65100007837, "正式名称": "ら・ふらんす調剤薬局", "機関区分": 5, "都道府県コード": 6, "市区町村コード": 201, "所在地": "山形県山形市飯塚町４４８－３", "緯度": 38.258065, "経度": 140.291204, "url": "https://www.iryou.teikyouseido.mhlw.go.jp/znk-web/juminkanja/S2430/initialize?prefCd=06&kikanCd=100007837&kikanKbn=nan", "url2": null, "内容": "ら・ふらんす調剤薬局0山形県山形市飯塚町４４８－３" }, "geometry": { "type": "Point", "coordinates": [ 140.291204, 38.258065 ] } },
{ "type": "Feature", "properties": { "ID": 65100007839, "正式名称": "中野調剤薬局", "機関区分": 5, "都道府県コード": 6, "市区町村コード": 201, "所在地": "山形県山形市中野４１０５", "緯度": 38.307496, "経度": 140.301205, "url": "https://www.iryou.teikyouseido.mhlw.go.jp/znk-web/juminkanja/S2430/initialize?prefCd=06&kikanCd=100007839&kikanKbn=nan", "url2": null, "内容": "中野調剤薬局0山形県山形市中野４１０５" }, "geometry": { "type": "Point", "coordinates": [ 140.301205, 38.307496 ] } },
{ "type": "Feature", "properties": { "ID": 65100007856, "正式名称": "わかば調剤薬局", "機関区分": 5, "都道府県コード": 6, "市区町村コード": 201, "所在地": "山形県山形市桜町", "緯度": 38.253431, "経度": 140.332553, "url": "https://www.iryou.teikyouseido.mhlw.go.jp/znk-web/juminkanja/S2430/initialize?prefCd=06&kikanCd=100007856&kikanKbn=nan", "url2": null, "内容": "わかば調剤薬局0山形県山形市桜町" }, "geometry": { "type": "Point", "coordinates": [ 140.332553, 38.253431 ] } },
{ "type": "Feature", "properties": { "ID": 65100007857, "正式名称": "カメイ調剤薬局桧町店", "機関区分": 5, "都道府県コード": 6, "市区町村コード": 201, "所在地": "山形県山形市桧町４丁目６－１", "緯度": 38.276132, "経度": 140.326083, "url": "https://www.iryou.teikyouseido.mhlw.go.jp/znk-web/juminkanja/S2430/initialize?prefCd=06&kikanCd=100007857&kikanKbn=nan", "url2": "https://www.kamei.co.jp/pharmacy/shop/hinokichou/", "内容": "カメイ調剤薬局桧町店0山形県山形市桧町４丁目６－１" }, "geometry": { "type": "Point", "coordinates": [ 140.326083, 38.276132 ] } },
{ "type": "Feature", "properties": { "ID": 65100007888, "正式名称": "ヤマザワ調剤薬局松見町店", "機関区分": 5, "都道府県コード": 6, "市区町村コード": 201, "所在地": "山形県山形市松見町２１－１０", "緯度": 38.231843, "経度": 140.340257, "url": "https://www.iryou.teikyouseido.mhlw.go.jp/znk-web/juminkanja/S2430/initialize?prefCd=06&kikanCd=100007888&kikanKbn=nan", "url2": "www.yamazawa-drg.co.jp/", "内容": "ヤマザワ調剤薬局松見町店0山形県山形市松見町２１－１０" }, "geometry": { "type": "Point", "coordinates": [ 140.340257, 38.231843 ] } },
{ "type": "Feature", "properties": { "ID": 65100007916, "正式名称": "カメイ調剤薬局山大附属病院前店", "機関区分": 5, "都道府県コード": 6, "市区町村コード": 201, "所在地": "山形県山形市飯田西４－４－１６", "緯度": 38.215694, "経度": 140.321846, "url": "https://www.iryou.teikyouseido.mhlw.go.jp/znk-web/juminkanja/S2430/initialize?prefCd=06&kikanCd=100007916&kikanKbn=nan", "url2": "http://www.kamei.co.jp/pharmacy/cyozai/tenpo/", "内容": "カメイ調剤薬局山大附属病院前店0山形県山形市飯田西４－４－１６" }, "geometry": { "type": "Point", "coordinates": [ 140.321846, 38.215694 ] } },
{ "type": "Feature", "properties": { "ID": 65100007927, "正式名称": "みなみ三番町調剤薬局", "機関区分": 5, "都道府県コード": 6, "市区町村コード": 201, "所在地": "山形県山形市南三番町７－２２", "緯度": 38.230815, "経度": 140.324453, "url": "https://www.iryou.teikyouseido.mhlw.go.jp/znk-web/juminkanja/S2430/initialize?prefCd=06&kikanCd=100007927&kikanKbn=nan", "url2": null, "内容": "みなみ三番町調剤薬局0山形県山形市南三番町７－２２" }, "geometry": { "type": "Point", "coordinates": [ 140.324453, 38.230815 ] } },
{ "type": "Feature", "properties": { "ID": 65100007951, "正式名称": "なぬか町ほっと薬局", "機関区分": 5, "都道府県コード": 6, "市区町村コード": 201, "所在地": "山形県山形市七日町", "緯度": 38.253667, "経度": 140.339034, "url": "https://www.iryou.teikyouseido.mhlw.go.jp/znk-web/juminkanja/S2430/initialize?prefCd=06&kikanCd=100007951&kikanKbn=nan", "url2": "https://medicacollabo.com/store/", "内容": "なぬか町ほっと薬局0山形県山形市七日町" }, "geometry": { "type": "Point", "coordinates": [ 140.339034, 38.253667 ] } },
{ "type": "Feature", "properties": { "ID": 65100007952, "正式名称": "くるみ薬局", "機関区分": 5, "都道府県コード": 6, "市区町村コード": 201, "所在地": "山形県山形市銅町２－２４－１７", "緯度": 38.274272, "経度": 140.340343, "url": "https://www.iryou.teikyouseido.mhlw.go.jp/znk-web/juminkanja/S2430/initialize?prefCd=06&kikanCd=100007952&kikanKbn=nan", "url2": null, "内容": "くるみ薬局0山形県山形市銅町２－２４－１７" }, "geometry": { "type": "Point", "coordinates": [ 140.340343, 38.274272 ] } },
{ "type": "Feature", "properties": { "ID": 65100007970, "正式名称": "ふくろう薬局", "機関区分": 5, "都道府県コード": 6, "市区町村コード": 208, "所在地": "山形県村山市楯岡二日町７－２", "緯度": 38.486617, "経度": 140.388536, "url": "https://www.iryou.teikyouseido.mhlw.go.jp/znk-web/juminkanja/S2430/initialize?prefCd=06&kikanCd=100007970&kikanKbn=nan", "url2": null, "内容": "ふくろう薬局0山形県村山市楯岡二日町７－２" }, "geometry": { "type": "Point", "coordinates": [ 140.388536, 38.486617 ] } },
{ "type": "Feature", "properties": { "ID": 65100007971, "正式名称": "かえで薬局上山店", "機関区分": 5, "都道府県コード": 6, "市区町村コード": 207, "所在地": "山形県上山市新町", "緯度": 38.16322, "経度": 140.283619, "url": "https://www.iryou.teikyouseido.mhlw.go.jp/znk-web/juminkanja/S2430/initialize?prefCd=06&kikanCd=100007971&kikanKbn=nan", "url2": "https://tsubakimedical.co.jp/", "内容": "かえで薬局上山店0山形県上山市新町" }, "geometry": { "type": "Point", "coordinates": [ 140.283619, 38.16322 ] } },
{ "type": "Feature", "properties": { "ID": 65100007980, "正式名称": "共創未来　ほんまる薬局", "機関区分": 5, "都道府県コード": 6, "市区町村コード": 211, "所在地": "山形県東根市本丸南一丁目６−２１", "緯度": 38.441069, "経度": 140.400853, "url": "https://www.iryou.teikyouseido.mhlw.go.jp/znk-web/juminkanja/S2430/initialize?prefCd=06&kikanCd=100007980&kikanKbn=nan", "url2": "https://www.phmirai.co.jp/shops/detail.php?id=234", "内容": "共創未来　ほんまる薬局0山形県東根市本丸南一丁目６−２１" }, "geometry": { "type": "Point", "coordinates": [ 140.400853, 38.441069 ] } },
{ "type": "Feature", "properties": { "ID": 65100007981, "正式名称": "共創未来アカデミア薬局", "機関区分": 5, "都道府県コード": 6, "市区町村コード": 201, "所在地": "山形県山形市飯田西１－２－２６", "緯度": 38.216907, "経度": 140.321696, "url": "https://www.iryou.teikyouseido.mhlw.go.jp/znk-web/juminkanja/S2430/initialize?prefCd=06&kikanCd=100007981&kikanKbn=nan", "url2": null, "内容": "共創未来アカデミア薬局0山形県山形市飯田西１－２－２６" }, "geometry": { "type": "Point", "coordinates": [ 140.321696, 38.216907 ] } },
{ "type": "Feature", "properties": { "ID": 65100007982, "正式名称": "共創未来　寒河江薬局", "機関区分": 5, "都道府県コード": 6, "市区町村コード": 206, "所在地": "山形県寒河江市大字日田字五反２０２−２", "緯度": 38.373222, "経度": 140.295131, "url": "https://www.iryou.teikyouseido.mhlw.go.jp/znk-web/juminkanja/S2430/initialize?prefCd=06&kikanCd=100007982&kikanKbn=nan", "url2": null, "内容": "共創未来　寒河江薬局0山形県寒河江市大字日田字五反２０２−２" }, "geometry": { "type": "Point", "coordinates": [ 140.295131, 38.373222 ] } },
{ "type": "Feature", "properties": { "ID": 65100007984, "正式名称": "共創未来　東根薬局", "機関区分": 5, "都道府県コード": 6, "市区町村コード": 211, "所在地": "山形県東根市温泉町３－３－１２", "緯度": 38.460881, "経度": 140.386519, "url": "https://www.iryou.teikyouseido.mhlw.go.jp/znk-web/juminkanja/S2430/initialize?prefCd=06&kikanCd=100007984&kikanKbn=nan", "url2": "https://phmirai.co.jp/store/333/", "内容": "共創未来　東根薬局0山形県東根市温泉町３－３－１２" }, "geometry": { "type": "Point", "coordinates": [ 140.386519, 38.460881 ] } },
{ "type": "Feature", "properties": { "ID": 65100008007, "正式名称": "ホープ薬局嶋店", "機関区分": 5, "都道府県コード": 6, "市区町村コード": 201, "所在地": "山形県山形市嶋北３－１－４", "緯度": 38.289398, "経度": 140.323606, "url": "https://www.iryou.teikyouseido.mhlw.go.jp/znk-web/juminkanja/S2430/initialize?prefCd=06&kikanCd=100008007&kikanKbn=nan", "url2": null, "内容": "ホープ薬局嶋店0山形県山形市嶋北３－１－４" }, "geometry": { "type": "Point", "coordinates": [ 140.323606, 38.289398 ] } },
{ "type": "Feature", "properties": { "ID": 65100008013, "正式名称": "しののめ調剤薬局", "機関区分": 5, "都道府県コード": 6, "市区町村コード": 210, "所在地": "山形県天童市糠塚２－８－３２", "緯度": 38.364894, "経度": 140.383526, "url": "https://www.iryou.teikyouseido.mhlw.go.jp/znk-web/juminkanja/S2430/initialize?prefCd=06&kikanCd=100008013&kikanKbn=nan", "url2": "https://meron-net.shop/ds/shinonome", "内容": "しののめ調剤薬局0山形県天童市糠塚２－８－３２" }, "geometry": { "type": "Point", "coordinates": [ 140.383526, 38.364894 ] } },
{ "type": "Feature", "properties": { "ID": 65100008016, "正式名称": "いちご薬局", "機関区分": 5, "都道府県コード": 6, "市区町村コード": 210, "所在地": "山形県天童市南町３－１４－２６", "緯度": 38.341606, "経度": 140.368774, "url": "https://www.iryou.teikyouseido.mhlw.go.jp/znk-web/juminkanja/S2430/initialize?prefCd=06&kikanCd=100008016&kikanKbn=nan", "url2": "http://strawberry-pharmacy.jp/", "内容": "いちご薬局0山形県天童市南町３－１４－２６" }, "geometry": { "type": "Point", "coordinates": [ 140.368774, 38.341606 ] } },
{ "type": "Feature", "properties": { "ID": 65100008044, "正式名称": "おおもり薬局", "機関区分": 5, "都道府県コード": 6, "市区町村コード": 211, "所在地": "山形県東根市神町北３－２－１２", "緯度": 38.417368, "経度": 140.386026, "url": "https://www.iryou.teikyouseido.mhlw.go.jp/znk-web/juminkanja/S2430/initialize?prefCd=06&kikanCd=100008044&kikanKbn=nan", "url2": "http://www.luckybag.co.jp", "内容": "おおもり薬局0山形県東根市神町北３－２－１２" }, "geometry": { "type": "Point", "coordinates": [ 140.386026, 38.417368 ] } },
{ "type": "Feature", "properties": { "ID": 65100008063, "正式名称": "大丸薬局", "機関区分": 5, "都道府県コード": 6, "市区町村コード": 201, "所在地": "山形県山形市江俣", "緯度": 38.278786, "経度": 140.312855, "url": "https://www.iryou.teikyouseido.mhlw.go.jp/znk-web/juminkanja/S2430/initialize?prefCd=06&kikanCd=100008063&kikanKbn=nan", "url2": null, "内容": "大丸薬局0山形県山形市江俣" }, "geometry": { "type": "Point", "coordinates": [ 140.312855, 38.278786 ] } },
{ "type": "Feature", "properties": { "ID": 65100008082, "正式名称": "ざおう薬局", "機関区分": 5, "都道府県コード": 6, "市区町村コード": 201, "所在地": "山形県山形市片谷地３１５－６", "緯度": 38.206311, "経度": 140.308596, "url": "https://www.iryou.teikyouseido.mhlw.go.jp/znk-web/juminkanja/S2430/initialize?prefCd=06&kikanCd=100008082&kikanKbn=nan", "url2": "http://www.luckybag.co.jp", "内容": "ざおう薬局0山形県山形市片谷地３１５－６" }, "geometry": { "type": "Point", "coordinates": [ 140.308596, 38.206311 ] } },
{ "type": "Feature", "properties": { "ID": 65100008090, "正式名称": "アーク調剤薬局県立中央病院前店", "機関区分": 5, "都道府県コード": 6, "市区町村コード": 201, "所在地": "山形県山形市大字青柳１５６１−８", "緯度": 38.299957, "経度": 140.34884, "url": "https://www.iryou.teikyouseido.mhlw.go.jp/znk-web/juminkanja/S2430/initialize?prefCd=06&kikanCd=100008090&kikanKbn=nan", "url2": "https://www.life-stream-asahi.com/service_life_stream/", "内容": "アーク調剤薬局県立中央病院前店0山形県山形市大字青柳１５６１−８" }, "geometry": { "type": "Point", "coordinates": [ 140.34884, 38.299957 ] } },
{ "type": "Feature", "properties": { "ID": 65100008092, "正式名称": "もがみがわ調剤薬局", "機関区分": 5, "都道府県コード": 6, "市区町村コード": 341, "所在地": "山形県北村山郡大石田町四日町乙９４", "緯度": 38.589319, "経度": 140.370426, "url": "https://www.iryou.teikyouseido.mhlw.go.jp/znk-web/juminkanja/S2430/initialize?prefCd=06&kikanCd=100008092&kikanKbn=nan", "url2": null, "内容": "もがみがわ調剤薬局0山形県北村山郡大石田町四日町乙９４" }, "geometry": { "type": "Point", "coordinates": [ 140.370426, 38.589319 ] } },
{ "type": "Feature", "properties": { "ID": 65100008097, "正式名称": "トレーフルなりさわ調剤薬局", "機関区分": 5, "都道府県コード": 6, "市区町村コード": 201, "所在地": "山形県山形市成沢西１－２－９", "緯度": 38.212406, "経度": 140.31498, "url": "https://www.iryou.teikyouseido.mhlw.go.jp/znk-web/juminkanja/S2430/initialize?prefCd=06&kikanCd=100008097&kikanKbn=nan", "url2": "https://kk-trefle.amebaownd.com/", "内容": "トレーフルなりさわ調剤薬局0山形県山形市成沢西１－２－９" }, "geometry": { "type": "Point", "coordinates": [ 140.31498, 38.212406 ] } },
{ "type": "Feature", "properties": { "ID": 65100008112, "正式名称": "調剤薬局ツルハドラッグ山形桜田店", "機関区分": 5, "都道府県コード": 6, "市区町村コード": 201, "所在地": "山形県山形市桜田東４丁目９番１１号", "緯度": 38.218138, "経度": 140.324657, "url": "https://www.iryou.teikyouseido.mhlw.go.jp/znk-web/juminkanja/S2430/initialize?prefCd=06&kikanCd=100008112&kikanKbn=nan", "url2": null, "内容": "調剤薬局ツルハドラッグ山形桜田店0山形県山形市桜田東４丁目９番１１号" }, "geometry": { "type": "Point", "coordinates": [ 140.324657, 38.218138 ] } },
{ "type": "Feature", "properties": { "ID": 65100008115, "正式名称": "救済堂薬局上山店", "機関区分": 5, "都道府県コード": 6, "市区町村コード": 207, "所在地": "山形県上山市十日町７番地の２", "緯度": 38.157439, "経度": 140.278244, "url": "https://www.iryou.teikyouseido.mhlw.go.jp/znk-web/juminkanja/S2430/initialize?prefCd=06&kikanCd=100008115&kikanKbn=nan", "url2": "http://forest-pharmacy.com/", "内容": "救済堂薬局上山店0山形県上山市十日町７番地の２" }, "geometry": { "type": "Point", "coordinates": [ 140.278244, 38.157439 ] } },
{ "type": "Feature", "properties": { "ID": 65100008116, "正式名称": "フレンド薬局東根中央店", "機関区分": 5, "都道府県コード": 6, "市区町村コード": 211, "所在地": "山形県東根市中央３丁目２－１４", "緯度": 38.434867, "経度": 140.389813, "url": "https://www.iryou.teikyouseido.mhlw.go.jp/znk-web/juminkanja/S2430/initialize?prefCd=06&kikanCd=100008116&kikanKbn=nan", "url2": "https://meron-net.shop/ds/friendo-yakkyoku", "内容": "フレンド薬局東根中央店0山形県東根市中央３丁目２－１４" }, "geometry": { "type": "Point", "coordinates": [ 140.389813, 38.434867 ] } },
{ "type": "Feature", "properties": { "ID": 65100008133, "正式名称": "オオタ薬局", "機関区分": 5, "都道府県コード": 6, "市区町村コード": 201, "所在地": "山形県山形市双月町２－２－１", "緯度": 38.26116, "経度": 140.351528, "url": "https://www.iryou.teikyouseido.mhlw.go.jp/znk-web/juminkanja/S2430/initialize?prefCd=06&kikanCd=100008133&kikanKbn=nan", "url2": null, "内容": "オオタ薬局0山形県山形市双月町２－２－１" }, "geometry": { "type": "Point", "coordinates": [ 140.351528, 38.26116 ] } },
{ "type": "Feature", "properties": { "ID": 65100008138, "正式名称": "ふたば調剤薬局", "機関区分": 5, "都道府県コード": 6, "市区町村コード": 201, "所在地": "山形県山形市双葉町１−４−１８", "緯度": 38.248184, "経度": 140.322801, "url": "https://www.iryou.teikyouseido.mhlw.go.jp/znk-web/juminkanja/S2430/initialize?prefCd=06&kikanCd=100008138&kikanKbn=nan", "url2": "http://www.ranapharmacy.jp", "内容": "ふたば調剤薬局0山形県山形市双葉町１−４−１８" }, "geometry": { "type": "Point", "coordinates": [ 140.322801, 38.248184 ] } },
{ "type": "Feature", "properties": { "ID": 65100008152, "正式名称": "あんず調剤薬局", "機関区分": 5, "都道府県コード": 6, "市区町村コード": 211, "所在地": "山形県東根市神町中央１丁目８番８号", "緯度": 38.205804, "経度": 140.319138, "url": "https://www.iryou.teikyouseido.mhlw.go.jp/znk-web/juminkanja/S2430/initialize?prefCd=06&kikanCd=100008152&kikanKbn=nan", "url2": "http://www.y-isk.com", "内容": "あんず調剤薬局0山形県東根市神町中央１丁目８番８号" }, "geometry": { "type": "Point", "coordinates": [ 140.319138, 38.205804 ] } },
{ "type": "Feature", "properties": { "ID": 65100008181, "正式名称": "北山形薬局", "機関区分": 5, "都道府県コード": 6, "市区町村コード": 201, "所在地": "山形県山形市北山形ニ丁目５番４２号", "緯度": 38.0, "経度": 140.0, "url": "https://www.iryou.teikyouseido.mhlw.go.jp/znk-web/juminkanja/S2430/initialize?prefCd=06&kikanCd=100008181&kikanKbn=nan", "url2": "http://www.luckybag.co.jp", "内容": "北山形薬局0山形県山形市北山形ニ丁目５番４２号" }, "geometry": { "type": "Point", "coordinates": [ 140.0, 38.0 ] } },
{ "type": "Feature", "properties": { "ID": 65100008182, "正式名称": "さくら調剤薬局鈴川店", "機関区分": 5, "都道府県コード": 6, "市区町村コード": 201, "所在地": "山形県山形市五十鈴一丁目１－２７", "緯度": 38.271559, "経度": 140.351278, "url": "https://www.iryou.teikyouseido.mhlw.go.jp/znk-web/juminkanja/S2430/initialize?prefCd=06&kikanCd=100008182&kikanKbn=nan", "url2": null, "内容": "さくら調剤薬局鈴川店0山形県山形市五十鈴一丁目１－２７" }, "geometry": { "type": "Point", "coordinates": [ 140.351278, 38.271559 ] } },
{ "type": "Feature", "properties": { "ID": 65100008183, "正式名称": "コストコホールセールかみのやま倉庫店薬局", "機関区分": 5, "都道府県コード": 6, "市区町村コード": 207, "所在地": "山形県上山市みはらしの丘２１", "緯度": 38.75898, "経度": 140.287196, "url": "https://www.iryou.teikyouseido.mhlw.go.jp/znk-web/juminkanja/S2430/initialize?prefCd=06&kikanCd=100008183&kikanKbn=nan", "url2": "http://www.costco.co.jp/p/locations/kaminoyama", "内容": "コストコホールセールかみのやま倉庫店薬局0山形県上山市みはらしの丘２１" }, "geometry": { "type": "Point", "coordinates": [ 140.287196, 38.75898 ] } },
{ "type": "Feature", "properties": { "ID": 65100008184, "正式名称": "かみのやま調剤薬局　病院前店", "機関区分": 5, "都道府県コード": 6, "市区町村コード": 207, "所在地": "山形県上山市弁天１－６－１１", "緯度": 38.0, "経度": 140.0, "url": "https://www.iryou.teikyouseido.mhlw.go.jp/znk-web/juminkanja/S2430/initialize?prefCd=06&kikanCd=100008184&kikanKbn=nan", "url2": "https://tsubakimedical.co.jp/company-profile/", "内容": "かみのやま調剤薬局　病院前店0山形県上山市弁天１－６－１１" }, "geometry": { "type": "Point", "coordinates": [ 140.0, 38.0 ] } },
{ "type": "Feature", "properties": { "ID": 65100008191, "正式名称": "アイン薬局山形さくら町店", "機関区分": 5, "都道府県コード": 6, "市区町村コード": 201, "所在地": "山形県山形市桜町１－１２", "緯度": 38.0, "経度": 140.0, "url": "https://www.iryou.teikyouseido.mhlw.go.jp/znk-web/juminkanja/S2430/initialize?prefCd=06&kikanCd=100008191&kikanKbn=nan", "url2": "http://www.ainj.co.jp/", "内容": "アイン薬局山形さくら町店0山形県山形市桜町１－１２" }, "geometry": { "type": "Point", "coordinates": [ 140.0, 38.0 ] } },
{ "type": "Feature", "properties": { "ID": 65100008192, "正式名称": "すみれ調剤薬局本店", "機関区分": 5, "都道府県コード": 6, "市区町村コード": 201, "所在地": "山形県山形市大野目２－２－３５", "緯度": 38.279942, "経度": 140.357502, "url": "https://www.iryou.teikyouseido.mhlw.go.jp/znk-web/juminkanja/S2430/initialize?prefCd=06&kikanCd=100008192&kikanKbn=nan", "url2": "https://store.ainj.co.jp/detail/1100178/", "内容": "すみれ調剤薬局本店0山形県山形市大野目２－２－３５" }, "geometry": { "type": "Point", "coordinates": [ 140.357502, 38.279942 ] } },
{ "type": "Feature", "properties": { "ID": 65100008193, "正式名称": "アイン薬局小白川店", "機関区分": 5, "都道府県コード": 6, "市区町村コード": 201, "所在地": "山形県山形市小白川町４－８－１２", "緯度": 38.24649, "経度": 140.355959, "url": "https://www.iryou.teikyouseido.mhlw.go.jp/znk-web/juminkanja/S2430/initialize?prefCd=06&kikanCd=100008193&kikanKbn=nan", "url2": "http://www.ainj.co.jp/network/ainpharmaciez/mhl0005.html", "内容": "アイン薬局小白川店0山形県山形市小白川町４－８－１２" }, "geometry": { "type": "Point", "coordinates": [ 140.355959, 38.24649 ] } },
{ "type": "Feature", "properties": { "ID": 65100008194, "正式名称": "アイン薬局県立中央店", "機関区分": 5, "都道府県コード": 6, "市区町村コード": 201, "所在地": "山形県山形市青柳１５４４－９", "緯度": 38.299451, "経度": 140.348931, "url": "https://www.iryou.teikyouseido.mhlw.go.jp/znk-web/juminkanja/S2430/initialize?prefCd=06&kikanCd=100008194&kikanKbn=nan", "url2": "http://www.ainj.co.jp/", "内容": "アイン薬局県立中央店0山形県山形市青柳１５４４－９" }, "geometry": { "type": "Point", "coordinates": [ 140.348931, 38.299451 ] } },
{ "type": "Feature", "properties": { "ID": 65100008195, "正式名称": "アイン薬局　県立中央２号店", "機関区分": 5, "都道府県コード": 6, "市区町村コード": 201, "所在地": "山形県山形市青柳１５３９－１", "緯度": 38.299112, "経度": 140.348759, "url": "https://www.iryou.teikyouseido.mhlw.go.jp/znk-web/juminkanja/S2430/initialize?prefCd=06&kikanCd=100008195&kikanKbn=nan", "url2": "www.ainj.co.jp", "内容": "アイン薬局　県立中央２号店0山形県山形市青柳１５３９－１" }, "geometry": { "type": "Point", "coordinates": [ 140.348759, 38.299112 ] } },
{ "type": "Feature", "properties": { "ID": 65100008196, "正式名称": "アイン薬局天童店", "機関区分": 5, "都道府県コード": 6, "市区町村コード": 210, "所在地": "山形県天童市鎌田１－６－８", "緯度": 38.0, "経度": 140.0, "url": "https://www.iryou.teikyouseido.mhlw.go.jp/znk-web/juminkanja/S2430/initialize?prefCd=06&kikanCd=100008196&kikanKbn=nan", "url2": null, "内容": "アイン薬局天童店0山形県天童市鎌田１－６－８" }, "geometry": { "type": "Point", "coordinates": [ 140.0, 38.0 ] } },
{ "type": "Feature", "properties": { "ID": 65100008197, "正式名称": "アイン薬局上山店", "機関区分": 5, "都道府県コード": 6, "市区町村コード": 207, "所在地": "山形県上山市金谷字金ヶ瀬１１２０－１", "緯度": 38.17048, "経度": 140.301931, "url": "https://www.iryou.teikyouseido.mhlw.go.jp/znk-web/juminkanja/S2430/initialize?prefCd=06&kikanCd=100008197&kikanKbn=nan", "url2": null, "内容": "アイン薬局上山店0山形県上山市金谷字金ヶ瀬１１２０－１" }, "geometry": { "type": "Point", "coordinates": [ 140.301931, 38.17048 ] } },
{ "type": "Feature", "properties": { "ID": 65100008198, "正式名称": "アイン薬局河北町店", "機関区分": 5, "都道府県コード": 6, "市区町村コード": 321, "所在地": "山形県西村山郡河北町谷地", "緯度": 38.0, "経度": 140.0, "url": "https://www.iryou.teikyouseido.mhlw.go.jp/znk-web/juminkanja/S2430/initialize?prefCd=06&kikanCd=100008198&kikanKbn=nan", "url2": "http://www.ainj.co.jp/network/ainpharmaciez/ap0230.html", "内容": "アイン薬局河北町店0山形県西村山郡河北町谷地" }, "geometry": { "type": "Point", "coordinates": [ 140.0, 38.0 ] } },
{ "type": "Feature", "properties": { "ID": 65100008200, "正式名称": "えぼし薬局青田店", "機関区分": 5, "都道府県コード": 6, "市区町村コード": 201, "所在地": "山形県山形市青田南２４－４６", "緯度": 38.220881, "経度": 140.324965, "url": "https://www.iryou.teikyouseido.mhlw.go.jp/znk-web/juminkanja/S2430/initialize?prefCd=06&kikanCd=100008200&kikanKbn=nan", "url2": null, "内容": "えぼし薬局青田店0山形県山形市青田南２４－４６" }, "geometry": { "type": "Point", "coordinates": [ 140.324965, 38.220881 ] } },
{ "type": "Feature", "properties": { "ID": 65100008249, "正式名称": "けやき薬局軽井沢店", "機関区分": 5, "都道府県コード": 6, "市区町村コード": 207, "所在地": "山形県上山市軽井沢２−３−２８", "緯度": 38.0, "経度": 140.0, "url": "https://www.iryou.teikyouseido.mhlw.go.jp/znk-web/juminkanja/S2430/initialize?prefCd=06&kikanCd=100008249&kikanKbn=nan", "url2": null, "内容": "けやき薬局軽井沢店0山形県上山市軽井沢２−３−２８" }, "geometry": { "type": "Point", "coordinates": [ 140.0, 38.0 ] } },
{ "type": "Feature", "properties": { "ID": 65100008299, "正式名称": "マルマン調剤薬局２００３", "機関区分": 5, "都道府県コード": 6, "市区町村コード": 210, "所在地": "山形県天童市駅西３－９－１２", "緯度": 38.358374, "経度": 140.364863, "url": "https://www.iryou.teikyouseido.mhlw.go.jp/znk-web/juminkanja/S2430/initialize?prefCd=06&kikanCd=100008299&kikanKbn=nan", "url2": "https://ship-ph.co.jp", "内容": "マルマン調剤薬局２００３0山形県天童市駅西３－９－１２" }, "geometry": { "type": "Point", "coordinates": [ 140.364863, 38.358374 ] } },
{ "type": "Feature", "properties": { "ID": 65100008300, "正式名称": "マルマン調剤薬局", "機関区分": 5, "都道府県コード": 6, "市区町村コード": 210, "所在地": "山形県天童市久野本３６２－４", "緯度": 38.0, "経度": 140.0, "url": "https://www.iryou.teikyouseido.mhlw.go.jp/znk-web/juminkanja/S2430/initialize?prefCd=06&kikanCd=100008300&kikanKbn=nan", "url2": "https://ship-ph.co.jp/", "内容": "マルマン調剤薬局0山形県天童市久野本３６２－４" }, "geometry": { "type": "Point", "coordinates": [ 140.0, 38.0 ] } },
{ "type": "Feature", "properties": { "ID": 65100008303, "正式名称": "イーグル薬局", "機関区分": 5, "都道府県コード": 6, "市区町村コード": 201, "所在地": "山形県山形市平久保１３１", "緯度": 38.287758, "経度": 140.355961, "url": "https://www.iryou.teikyouseido.mhlw.go.jp/znk-web/juminkanja/S2430/initialize?prefCd=06&kikanCd=100008303&kikanKbn=nan", "url2": null, "内容": "イーグル薬局0山形県山形市平久保１３１" }, "geometry": { "type": "Point", "coordinates": [ 140.355961, 38.287758 ] } },
{ "type": "Feature", "properties": { "ID": 65100008308, "正式名称": "ウエルシア薬局　寒河江栄町店", "機関区分": 5, "都道府県コード": 6, "市区町村コード": 206, "所在地": "山形県寒河江市栄町", "緯度": 38.368026, "経度": 140.281266, "url": "https://www.iryou.teikyouseido.mhlw.go.jp/znk-web/juminkanja/S2430/initialize?prefCd=06&kikanCd=100008308&kikanKbn=nan", "url2": null, "内容": "ウエルシア薬局　寒河江栄町店0山形県寒河江市栄町" }, "geometry": { "type": "Point", "coordinates": [ 140.281266, 38.368026 ] } },
{ "type": "Feature", "properties": { "ID": 65100008331, "正式名称": "山形調剤薬局", "機関区分": 5, "都道府県コード": 6, "市区町村コード": 201, "所在地": "山形県山形市春日町２－２９", "緯度": 38.0, "経度": 140.0, "url": "https://www.iryou.teikyouseido.mhlw.go.jp/znk-web/juminkanja/S2430/initialize?prefCd=06&kikanCd=100008331&kikanKbn=nan", "url2": "http://www.yorozuya-yakkyoku.jp/", "内容": "山形調剤薬局0山形県山形市春日町２－２９" }, "geometry": { "type": "Point", "coordinates": [ 140.0, 38.0 ] } },
{ "type": "Feature", "properties": { "ID": 65100008337, "正式名称": "トリム薬局東根店", "機関区分": 5, "都道府県コード": 6, "市区町村コード": 211, "所在地": "山形県東根市温泉町２ー５ー２３", "緯度": 38.460746, "経度": 140.38706, "url": "https://www.iryou.teikyouseido.mhlw.go.jp/znk-web/juminkanja/S2430/initialize?prefCd=06&kikanCd=100008337&kikanKbn=nan", "url2": "https://www.pharmarise.com/company/store/store.php?store_id=505", "内容": "トリム薬局東根店0山形県東根市温泉町２ー５ー２３" }, "geometry": { "type": "Point", "coordinates": [ 140.38706, 38.460746 ] } },
{ "type": "Feature", "properties": { "ID": 65100008354, "正式名称": "アイン薬局元木店", "機関区分": 5, "都道府県コード": 6, "市区町村コード": 201, "所在地": "山形県山形市元木３－２－４", "緯度": 38.0, "経度": 140.0, "url": "https://www.iryou.teikyouseido.mhlw.go.jp/znk-web/juminkanja/S2430/initialize?prefCd=06&kikanCd=100008354&kikanKbn=nan", "url2": "http://www.ainj.co.jp/", "内容": "アイン薬局元木店0山形県山形市元木３－２－４" }, "geometry": { "type": "Point", "coordinates": [ 140.0, 38.0 ] } },
{ "type": "Feature", "properties": { "ID": 65100008355, "正式名称": "アイン薬局芸工大前店", "機関区分": 5, "都道府県コード": 6, "市区町村コード": 201, "所在地": "山形県山形市東青田３丁目１１－５", "緯度": 38.0, "経度": 140.0, "url": "https://www.iryou.teikyouseido.mhlw.go.jp/znk-web/juminkanja/S2430/initialize?prefCd=06&kikanCd=100008355&kikanKbn=nan", "url2": "http://www.ainj.co.jp/", "内容": "アイン薬局芸工大前店0山形県山形市東青田３丁目１１－５" }, "geometry": { "type": "Point", "coordinates": [ 140.0, 38.0 ] } },
{ "type": "Feature", "properties": { "ID": 65100008356, "正式名称": "アイン薬局成沢店", "機関区分": 5, "都道府県コード": 6, "市区町村コード": 201, "所在地": "山形県山形市成沢西二丁目九番六号", "緯度": 38.0, "経度": 140.0, "url": "https://www.iryou.teikyouseido.mhlw.go.jp/znk-web/juminkanja/S2430/initialize?prefCd=06&kikanCd=100008356&kikanKbn=nan", "url2": "http://www.ainj.co.jp/", "内容": "アイン薬局成沢店0山形県山形市成沢西二丁目九番六号" }, "geometry": { "type": "Point", "coordinates": [ 140.0, 38.0 ] } },
{ "type": "Feature", "properties": { "ID": 65100008357, "正式名称": "アイン薬局医者街通り店", "機関区分": 5, "都道府県コード": 6, "市区町村コード": 201, "所在地": "山形県山形市花楯１ー１６ー１２", "緯度": 38.0, "経度": 140.0, "url": "https://www.iryou.teikyouseido.mhlw.go.jp/znk-web/juminkanja/S2430/initialize?prefCd=06&kikanCd=100008357&kikanKbn=nan", "url2": null, "内容": "アイン薬局医者街通り店0山形県山形市花楯１ー１６ー１２" }, "geometry": { "type": "Point", "coordinates": [ 140.0, 38.0 ] } },
{ "type": "Feature", "properties": { "ID": 65100008366, "正式名称": "松本薬局", "機関区分": 5, "都道府県コード": 6, "市区町村コード": 207, "所在地": "山形県上山市新湯１－７", "緯度": 38.0, "経度": 140.0, "url": "https://www.iryou.teikyouseido.mhlw.go.jp/znk-web/juminkanja/S2430/initialize?prefCd=06&kikanCd=100008366&kikanKbn=nan", "url2": "https://www.matsumoto-ph.jp/", "内容": "松本薬局0山形県上山市新湯１－７" }, "geometry": { "type": "Point", "coordinates": [ 140.0, 38.0 ] } },
{ "type": "Feature", "properties": { "ID": 65100008367, "正式名称": "アイセイ薬局新町中央店", "機関区分": 5, "都道府県コード": 6, "市区町村コード": 212, "所在地": "山形県尾花沢市新町中央３番７号", "緯度": 38.605471, "経度": 140.406907, "url": "https://www.iryou.teikyouseido.mhlw.go.jp/znk-web/juminkanja/S2430/initialize?prefCd=06&kikanCd=100008367&kikanKbn=nan", "url2": "http://www.aisei.co.jp/", "内容": "アイセイ薬局新町中央店0山形県尾花沢市新町中央３番７号" }, "geometry": { "type": "Point", "coordinates": [ 140.406907, 38.605471 ] } },
{ "type": "Feature", "properties": { "ID": 65100008369, "正式名称": "みんなの薬局桜田東店", "機関区分": 5, "都道府県コード": 6, "市区町村コード": 201, "所在地": "山形県山形市桜田東一丁目１４番１７号", "緯度": 38.0, "経度": 140.0, "url": "https://www.iryou.teikyouseido.mhlw.go.jp/znk-web/juminkanja/S2430/initialize?prefCd=06&kikanCd=100008369&kikanKbn=nan", "url2": "https://www.yg-nissin.co.jp/minnanoyakkyoku/", "内容": "みんなの薬局桜田東店0山形県山形市桜田東一丁目１４番１７号" }, "geometry": { "type": "Point", "coordinates": [ 140.0, 38.0 ] } },
{ "type": "Feature", "properties": { "ID": 65100008374, "正式名称": "カワチ薬局　寒河江店", "機関区分": 5, "都道府県コード": 6, "市区町村コード": 206, "所在地": "山形県寒河江市内ノ袋６", "緯度": 38.376472, "経度": 140.261196, "url": "https://www.iryou.teikyouseido.mhlw.go.jp/znk-web/juminkanja/S2430/initialize?prefCd=06&kikanCd=100008374&kikanKbn=nan", "url2": "https://www.cawachi.co.jp/customer/store/shop.html?storeCode=211&pharmacy=1&search=1", "内容": "カワチ薬局　寒河江店0山形県寒河江市内ノ袋６" }, "geometry": { "type": "Point", "coordinates": [ 140.261196, 38.376472 ] } },
{ "type": "Feature", "properties": { "ID": 65100008375, "正式名称": "調剤薬局ツルハドラッグ東根店", "機関区分": 5, "都道府県コード": 6, "市区町村コード": 211, "所在地": "山形県東根市温泉町３－３－４", "緯度": 38.459599, "経度": 140.385999, "url": "https://www.iryou.teikyouseido.mhlw.go.jp/znk-web/juminkanja/S2430/initialize?prefCd=06&kikanCd=100008375&kikanKbn=nan", "url2": "http://www.tsuruha.co.jp/", "内容": "調剤薬局ツルハドラッグ東根店0山形県東根市温泉町３－３－４" }, "geometry": { "type": "Point", "coordinates": [ 140.385999, 38.459599 ] } },
{ "type": "Feature", "properties": { "ID": 65100008377, "正式名称": "村山駅西調剤薬局", "機関区分": 5, "都道府県コード": 6, "市区町村コード": 208, "所在地": "山形県村山市駅西２３−７", "緯度": 38.0, "経度": 140.0, "url": "https://www.iryou.teikyouseido.mhlw.go.jp/znk-web/juminkanja/S2430/initialize?prefCd=06&kikanCd=100008377&kikanKbn=nan", "url2": "https://www.kazukikikaku.com", "内容": "村山駅西調剤薬局0山形県村山市駅西２３−７" }, "geometry": { "type": "Point", "coordinates": [ 140.0, 38.0 ] } },
{ "type": "Feature", "properties": { "ID": 65100008387, "正式名称": "カワチ薬局　山形南店", "機関区分": 5, "都道府県コード": 6, "市区町村コード": 201, "所在地": "山形県山形市若宮２－１７－２", "緯度": 38.226434, "経度": 140.309526, "url": "https://www.iryou.teikyouseido.mhlw.go.jp/znk-web/juminkanja/S2430/initialize?prefCd=06&kikanCd=100008387&kikanKbn=nan", "url2": "https://www.cawachi.co.jp/customer/store/shop.html?storeCode=100&pharmacy=1&search=1", "内容": "カワチ薬局　山形南店0山形県山形市若宮２－１７－２" }, "geometry": { "type": "Point", "coordinates": [ 140.309526, 38.226434 ] } },
{ "type": "Feature", "properties": { "ID": 65100008409, "正式名称": "山形わかば薬局", "機関区分": 5, "都道府県コード": 6, "市区町村コード": 201, "所在地": "山形県山形市清住町２－２－２３", "緯度": 38.0, "経度": 140.0, "url": "https://www.iryou.teikyouseido.mhlw.go.jp/znk-web/juminkanja/S2430/initialize?prefCd=06&kikanCd=100008409&kikanKbn=nan", "url2": null, "内容": "山形わかば薬局0山形県山形市清住町２－２－２３" }, "geometry": { "type": "Point", "coordinates": [ 140.0, 38.0 ] } },
{ "type": "Feature", "properties": { "ID": 65100008410, "正式名称": "ウエルシア薬局　山形河北店", "機関区分": 5, "都道府県コード": 6, "市区町村コード": 321, "所在地": "山形県西村山郡河北町谷地中央４－８－６", "緯度": 38.0, "経度": 140.0, "url": "https://www.iryou.teikyouseido.mhlw.go.jp/znk-web/juminkanja/S2430/initialize?prefCd=06&kikanCd=100008410&kikanKbn=nan", "url2": "https://store.welcia.co.jp/welcia/spot/detail?code=6356D", "内容": "ウエルシア薬局　山形河北店0山形県西村山郡河北町谷地中央４－８－６" }, "geometry": { "type": "Point", "coordinates": [ 140.0, 38.0 ] } },
{ "type": "Feature", "properties": { "ID": 65100008426, "正式名称": "みどり薬局", "機関区分": 5, "都道府県コード": 6, "市区町村コード": 210, "所在地": "山形県天童市東長岡２−１−３９", "緯度": 38.0, "経度": 140.0, "url": "https://www.iryou.teikyouseido.mhlw.go.jp/znk-web/juminkanja/S2430/initialize?prefCd=06&kikanCd=100008426&kikanKbn=nan", "url2": "www.luckybag.co.jp", "内容": "みどり薬局0山形県天童市東長岡２−１−３９" }, "geometry": { "type": "Point", "coordinates": [ 140.0, 38.0 ] } },
{ "type": "Feature", "properties": { "ID": 65100008434, "正式名称": "ゴトウ薬局", "機関区分": 5, "都道府県コード": 6, "市区町村コード": 201, "所在地": "山形県山形市本町二丁目４－１６", "緯度": 38.0, "経度": 140.0, "url": "https://www.iryou.teikyouseido.mhlw.go.jp/znk-web/juminkanja/S2430/initialize?prefCd=06&kikanCd=100008434&kikanKbn=nan", "url2": null, "内容": "ゴトウ薬局0山形県山形市本町二丁目４－１６" }, "geometry": { "type": "Point", "coordinates": [ 140.0, 38.0 ] } },
{ "type": "Feature", "properties": { "ID": 65100008440, "正式名称": "ら・ふらんす調剤薬局　神町店", "機関区分": 5, "都道府県コード": 6, "市区町村コード": 211, "所在地": "山形県東根市神町北２－５－７", "緯度": 38.0, "経度": 140.0, "url": "https://www.iryou.teikyouseido.mhlw.go.jp/znk-web/juminkanja/S2430/initialize?prefCd=06&kikanCd=100008440&kikanKbn=nan", "url2": "http://reido.byoinnavi.jp", "内容": "ら・ふらんす調剤薬局　神町店0山形県東根市神町北２－５－７" }, "geometry": { "type": "Point", "coordinates": [ 140.0, 38.0 ] } },
{ "type": "Feature", "properties": { "ID": 65100008452, "正式名称": "クレア薬局　天童店", "機関区分": 5, "都道府県コード": 6, "市区町村コード": 210, "所在地": "山形県天童市芳賀タウン南三丁目７番１４号", "緯度": 38.339296, "経度": 140.360875, "url": "https://www.iryou.teikyouseido.mhlw.go.jp/znk-web/juminkanja/S2430/initialize?prefCd=06&kikanCd=100008452&kikanKbn=nan", "url2": "https://kureatendou.amebaownd.com/", "内容": "クレア薬局　天童店0山形県天童市芳賀タウン南三丁目７番１４号" }, "geometry": { "type": "Point", "coordinates": [ 140.360875, 38.339296 ] } },
{ "type": "Feature", "properties": { "ID": 65100008455, "正式名称": "かみのやま調剤薬局　美咲町店", "機関区分": 5, "都道府県コード": 6, "市区町村コード": 207, "所在地": "山形県上山市美咲町２－３－１１", "緯度": 38.15234, "経度": 140.281173, "url": "https://www.iryou.teikyouseido.mhlw.go.jp/znk-web/juminkanja/S2430/initialize?prefCd=06&kikanCd=100008455&kikanKbn=nan", "url2": null, "内容": "かみのやま調剤薬局　美咲町店0山形県上山市美咲町２－３－１１" }, "geometry": { "type": "Point", "coordinates": [ 140.281173, 38.15234 ] } },
{ "type": "Feature", "properties": { "ID": 65100008471, "正式名称": "調剤薬局マツモトキヨシ山形嶋南店", "機関区分": 5, "都道府県コード": 6, "市区町村コード": 201, "所在地": "山形県山形市嶋南２丁目６ー２", "緯度": 38.279858, "経度": 140.319428, "url": "https://www.iryou.teikyouseido.mhlw.go.jp/znk-web/juminkanja/S2430/initialize?prefCd=06&kikanCd=100008471&kikanKbn=nan", "url2": "www.matsukiyo.co.jp/", "内容": "調剤薬局マツモトキヨシ山形嶋南店0山形県山形市嶋南２丁目６ー２" }, "geometry": { "type": "Point", "coordinates": [ 140.319428, 38.279858 ] } },
{ "type": "Feature", "properties": { "ID": 65100008487, "正式名称": "オレンジ調剤薬局", "機関区分": 5, "都道府県コード": 6, "市区町村コード": 201, "所在地": "山形県山形市十日町４ー７－２３", "緯度": 38.242923, "経度": 140.333092, "url": "https://www.iryou.teikyouseido.mhlw.go.jp/znk-web/juminkanja/S2430/initialize?prefCd=06&kikanCd=100008487&kikanKbn=nan", "url2": null, "内容": "オレンジ調剤薬局0山形県山形市十日町４ー７－２３" }, "geometry": { "type": "Point", "coordinates": [ 140.333092, 38.242923 ] } },
{ "type": "Feature", "properties": { "ID": 65100008504, "正式名称": "さくら薬局楯岡店", "機関区分": 5, "都道府県コード": 6, "市区町村コード": 208, "所在地": "山形県村山市楯岡晦日町", "緯度": 38.482816, "経度": 140.389196, "url": "https://www.iryou.teikyouseido.mhlw.go.jp/znk-web/juminkanja/S2430/initialize?prefCd=06&kikanCd=100008504&kikanKbn=nan", "url2": null, "内容": "さくら薬局楯岡店0山形県村山市楯岡晦日町" }, "geometry": { "type": "Point", "coordinates": [ 140.389196, 38.482816 ] } },
{ "type": "Feature", "properties": { "ID": 65100008514, "正式名称": "桜田調剤薬局", "機関区分": 5, "都道府県コード": 6, "市区町村コード": 201, "所在地": "山形県山形市桜田東２－９－１９", "緯度": 38.220758, "経度": 140.322204, "url": "https://www.iryou.teikyouseido.mhlw.go.jp/znk-web/juminkanja/S2430/initialize?prefCd=06&kikanCd=100008514&kikanKbn=nan", "url2": null, "内容": "桜田調剤薬局0山形県山形市桜田東２－９－１９" }, "geometry": { "type": "Point", "coordinates": [ 140.322204, 38.220758 ] } },
{ "type": "Feature", "properties": { "ID": 65100008516, "正式名称": "ウエルシア薬局　東根中央店", "機関区分": 5, "都道府県コード": 6, "市区町村コード": 211, "所在地": "山形県東根市中央２－１－２５", "緯度": 38.430749, "経度": 140.389605, "url": "https://www.iryou.teikyouseido.mhlw.go.jp/znk-web/juminkanja/S2430/initialize?prefCd=06&kikanCd=100008516&kikanKbn=nan", "url2": "https://store.welcia.co.jp/welcia/spot/detail?code=6359D", "内容": "ウエルシア薬局　東根中央店0山形県東根市中央２－１－２５" }, "geometry": { "type": "Point", "coordinates": [ 140.389605, 38.430749 ] } },
{ "type": "Feature", "properties": { "ID": 65100008524, "正式名称": "コスモ調剤薬局　楯岡店", "機関区分": 5, "都道府県コード": 6, "市区町村コード": 208, "所在地": "山形県村山市楯岡新高田", "緯度": 38.486169, "経度": 140.386524, "url": "https://www.iryou.teikyouseido.mhlw.go.jp/znk-web/juminkanja/S2430/initialize?prefCd=06&kikanCd=100008524&kikanKbn=nan", "url2": "http://www.cosmo-ph.co.jp/", "内容": "コスモ調剤薬局　楯岡店0山形県村山市楯岡新高田" }, "geometry": { "type": "Point", "coordinates": [ 140.386524, 38.486169 ] } },
{ "type": "Feature", "properties": { "ID": 65100008525, "正式名称": "ウエルシア薬局　山形篭田店", "機関区分": 5, "都道府県コード": 6, "市区町村コード": 201, "所在地": "山形県山形市篭田一丁目１４番２５号", "緯度": 38.239863, "経度": 140.320058, "url": "https://www.iryou.teikyouseido.mhlw.go.jp/znk-web/juminkanja/S2430/initialize?prefCd=06&kikanCd=100008525&kikanKbn=nan", "url2": "http://as.chizumaru.com/welcia/detailMap?account=welcia&accmd=3&bid=6374", "内容": "ウエルシア薬局　山形篭田店0山形県山形市篭田一丁目１４番２５号" }, "geometry": { "type": "Point", "coordinates": [ 140.320058, 38.239863 ] } },
{ "type": "Feature", "properties": { "ID": 65100008544, "正式名称": "クオール薬局桧町店", "機関区分": 5, "都道府県コード": 6, "市区町村コード": 201, "所在地": "山形県山形市桧町２－１１－１６", "緯度": 38.278231, "経度": 140.331752, "url": "https://www.iryou.teikyouseido.mhlw.go.jp/znk-web/juminkanja/S2430/initialize?prefCd=06&kikanCd=100008544&kikanKbn=nan", "url2": "https://store.qol-net.co.jp/detail/252/", "内容": "クオール薬局桧町店0山形県山形市桧町２－１１－１６" }, "geometry": { "type": "Point", "coordinates": [ 140.331752, 38.278231 ] } },
{ "type": "Feature", "properties": { "ID": 65100008546, "正式名称": "クオール薬局上山店", "機関区分": 5, "都道府県コード": 6, "市区町村コード": 207, "所在地": "山形県上山市八日町４番２６号", "緯度": 38.154365, "経度": 140.278195, "url": "https://www.iryou.teikyouseido.mhlw.go.jp/znk-web/juminkanja/S2430/initialize?prefCd=06&kikanCd=100008546&kikanKbn=nan", "url2": "https://www.qol-net.co.jp/", "内容": "クオール薬局上山店0山形県上山市八日町４番２６号" }, "geometry": { "type": "Point", "coordinates": [ 140.278195, 38.154365 ] } },
{ "type": "Feature", "properties": { "ID": 65100008554, "正式名称": "アイン薬局河北病院前店", "機関区分": 5, "都道府県コード": 6, "市区町村コード": 321, "所在地": "山形県西村山郡河北町谷地字月山堂１６５－７", "緯度": 38.415256, "経度": 140.309999, "url": "https://www.iryou.teikyouseido.mhlw.go.jp/znk-web/juminkanja/S2430/initialize?prefCd=06&kikanCd=100008554&kikanKbn=nan", "url2": null, "内容": "アイン薬局河北病院前店0山形県西村山郡河北町谷地字月山堂１６５－７" }, "geometry": { "type": "Point", "coordinates": [ 140.309999, 38.415256 ] } },
{ "type": "Feature", "properties": { "ID": 65100008572, "正式名称": "蔵王サン薬局", "機関区分": 5, "都道府県コード": 6, "市区町村コード": 201, "所在地": "山形県山形市成沢西４−４−１１", "緯度": 38.206168, "経度": 140.319766, "url": "https://www.iryou.teikyouseido.mhlw.go.jp/znk-web/juminkanja/S2430/initialize?prefCd=06&kikanCd=100008572&kikanKbn=nan", "url2": "https://zaosunpharmacy.wixsite.com/-site-2", "内容": "蔵王サン薬局0山形県山形市成沢西４−４−１１" }, "geometry": { "type": "Point", "coordinates": [ 140.319766, 38.206168 ] } },
{ "type": "Feature", "properties": { "ID": 65100008581, "正式名称": "きくち調剤薬局", "機関区分": 5, "都道府県コード": 6, "市区町村コード": 208, "所在地": "山形県村山市楯岡五日町１４－２４", "緯度": 38.4799586, "経度": 140.3875656, "url": "https://www.iryou.teikyouseido.mhlw.go.jp/znk-web/juminkanja/S2430/initialize?prefCd=06&kikanCd=100008581&kikanKbn=nan", "url2": null, "内容": "きくち調剤薬局0山形県村山市楯岡五日町１４－２４" }, "geometry": { "type": "Point", "coordinates": [ 140.387565599999988, 38.4799586 ] } },
{ "type": "Feature", "properties": { "ID": 65100008584, "正式名称": "おおいしだ調剤薬局", "機関区分": 5, "都道府県コード": 6, "市区町村コード": 341, "所在地": "山形県北村山郡大石田町大字大石田甲１８５番地１", "緯度": 38.590524, "経度": 140.372436, "url": "https://www.iryou.teikyouseido.mhlw.go.jp/znk-web/juminkanja/S2430/initialize?prefCd=06&kikanCd=100008584&kikanKbn=nan", "url2": "https://www.oishida-ph.com/", "内容": "おおいしだ調剤薬局0山形県北村山郡大石田町大字大石田甲１８５番地１" }, "geometry": { "type": "Point", "coordinates": [ 140.372436, 38.590524 ] } },
{ "type": "Feature", "properties": { "ID": 65100008586, "正式名称": "なごみ薬局わかば店", "機関区分": 5, "都道府県コード": 6, "市区町村コード": 212, "所在地": "山形県尾花沢市若葉町二丁目１番８号", "緯度": 38.601394, "経度": 140.408191, "url": "https://www.iryou.teikyouseido.mhlw.go.jp/znk-web/juminkanja/S2430/initialize?prefCd=06&kikanCd=100008586&kikanKbn=nan", "url2": null, "内容": "なごみ薬局わかば店0山形県尾花沢市若葉町二丁目１番８号" }, "geometry": { "type": "Point", "coordinates": [ 140.408191, 38.601394 ] } },
{ "type": "Feature", "properties": { "ID": 65100008587, "正式名称": "陵南調剤薬局", "機関区分": 5, "都道府県コード": 6, "市区町村コード": 206, "所在地": "山形県寒河江市内ノ袋１－９－６", "緯度": 38.372532, "経度": 140.26259, "url": "https://www.iryou.teikyouseido.mhlw.go.jp/znk-web/juminkanja/S2430/initialize?prefCd=06&kikanCd=100008587&kikanKbn=nan", "url2": null, "内容": "陵南調剤薬局0山形県寒河江市内ノ袋１－９－６" }, "geometry": { "type": "Point", "coordinates": [ 140.26259, 38.372532 ] } },
{ "type": "Feature", "properties": { "ID": 65100008589, "正式名称": "ふれあい調剤薬局中郷店", "機関区分": 5, "都道府県コード": 6, "市区町村コード": 206, "所在地": "山形県寒河江市中郷１０４７－１", "緯度": 38.0, "経度": 140.0, "url": "https://www.iryou.teikyouseido.mhlw.go.jp/znk-web/juminkanja/S2430/initialize?prefCd=06&kikanCd=100008589&kikanKbn=nan", "url2": "https://www.emc-fureai.jp/home", "内容": "ふれあい調剤薬局中郷店0山形県寒河江市中郷１０４７－１" }, "geometry": { "type": "Point", "coordinates": [ 140.0, 38.0 ] } },
{ "type": "Feature", "properties": { "ID": 65100008599, "正式名称": "調剤薬局ツルハドラッグ東根神町店", "機関区分": 5, "都道府県コード": 6, "市区町村コード": 211, "所在地": "山形県東根市神町北５丁目３番地１号", "緯度": 38.414165, "経度": 140.384615, "url": "https://www.iryou.teikyouseido.mhlw.go.jp/znk-web/juminkanja/S2430/initialize?prefCd=06&kikanCd=100008599&kikanKbn=nan", "url2": "http://www.tsuruha.co.jp/", "内容": "調剤薬局ツルハドラッグ東根神町店0山形県東根市神町北５丁目３番地１号" }, "geometry": { "type": "Point", "coordinates": [ 140.384615, 38.414165 ] } },
{ "type": "Feature", "properties": { "ID": 65100008600, "正式名称": "ふれあい調剤薬局さがえ店", "機関区分": 5, "都道府県コード": 6, "市区町村コード": 206, "所在地": "山形県寒河江市本町３丁目１１－１１", "緯度": 38.37, "経度": 140.27, "url": "https://www.iryou.teikyouseido.mhlw.go.jp/znk-web/juminkanja/S2430/initialize?prefCd=06&kikanCd=100008600&kikanKbn=nan", "url2": null, "内容": "ふれあい調剤薬局さがえ店0山形県寒河江市本町３丁目１１－１１" }, "geometry": { "type": "Point", "coordinates": [ 140.27, 38.37 ] } },
{ "type": "Feature", "properties": { "ID": 65100008623, "正式名称": "エール薬局たておか店", "機関区分": 5, "都道府県コード": 6, "市区町村コード": 208, "所在地": "山形県村山市楯岡新町４丁目１０番２１号", "緯度": 38.469054, "経度": 140.392634, "url": "https://www.iryou.teikyouseido.mhlw.go.jp/znk-web/juminkanja/S2430/initialize?prefCd=06&kikanCd=100008623&kikanKbn=nan", "url2": null, "内容": "エール薬局たておか店0山形県村山市楯岡新町４丁目１０番２１号" }, "geometry": { "type": "Point", "coordinates": [ 140.392634, 38.469054 ] } },
{ "type": "Feature", "properties": { "ID": 65100008657, "正式名称": "ら・ふらんす調剤薬局　西川店", "機関区分": 5, "都道府県コード": 6, "市区町村コード": 322, "所在地": "山形県西村山郡西川町海味５４２ー１", "緯度": 38.427596, "経度": 140.145767, "url": "https://www.iryou.teikyouseido.mhlw.go.jp/znk-web/juminkanja/S2430/initialize?prefCd=06&kikanCd=100008657&kikanKbn=nan", "url2": "http://reido.byoinnavi.jp/", "内容": "ら・ふらんす調剤薬局　西川店0山形県西村山郡西川町海味５４２ー１" }, "geometry": { "type": "Point", "coordinates": [ 140.145767, 38.427596 ] } },
{ "type": "Feature", "properties": { "ID": 65100008661, "正式名称": "クレア薬局　芳賀店", "機関区分": 5, "都道府県コード": 6, "市区町村コード": 210, "所在地": "山形県天童市芳賀タウン南三丁目７−５", "緯度": 38.339709, "経度": 140.361238, "url": "https://www.iryou.teikyouseido.mhlw.go.jp/znk-web/juminkanja/S2430/initialize?prefCd=06&kikanCd=100008661&kikanKbn=nan", "url2": "https://kureahaga.amebaownd.com/", "内容": "クレア薬局　芳賀店0山形県天童市芳賀タウン南三丁目７−５" }, "geometry": { "type": "Point", "coordinates": [ 140.361238, 38.339709 ] } },
{ "type": "Feature", "properties": { "ID": 65100008665, "正式名称": "ウエルシア薬局上山弁天店", "機関区分": 5, "都道府県コード": 6, "市区町村コード": 207, "所在地": "山形県上山市弁天１－１１－３６", "緯度": 38.167914, "経度": 140.29257, "url": "https://www.iryou.teikyouseido.mhlw.go.jp/znk-web/juminkanja/S2430/initialize?prefCd=06&kikanCd=100008665&kikanKbn=nan", "url2": "https://store.welcia.co.jp/welcia/spot/detail?code=1335D", "内容": "ウエルシア薬局上山弁天店0山形県上山市弁天１－１１－３６" }, "geometry": { "type": "Point", "coordinates": [ 140.29257, 38.167914 ] } },
{ "type": "Feature", "properties": { "ID": 65100008666, "正式名称": "エース薬局", "機関区分": 5, "都道府県コード": 6, "市区町村コード": 211, "所在地": "山形県東根市神町北１丁目３−４０−１", "緯度": 38.416113, "経度": 140.380816, "url": "https://www.iryou.teikyouseido.mhlw.go.jp/znk-web/juminkanja/S2430/initialize?prefCd=06&kikanCd=100008666&kikanKbn=nan", "url2": "https://www.lifesmile-a.com/", "内容": "エース薬局0山形県東根市神町北１丁目３−４０−１" }, "geometry": { "type": "Point", "coordinates": [ 140.380816, 38.416113 ] } },
{ "type": "Feature", "properties": { "ID": 65100008691, "正式名称": "かえで薬局　楯岡新町店", "機関区分": 5, "都道府県コード": 6, "市区町村コード": 208, "所在地": "山形県村山市楯岡新町３丁目２番３号", "緯度": 38.471185, "経度": 140.388588, "url": "https://www.iryou.teikyouseido.mhlw.go.jp/znk-web/juminkanja/S2430/initialize?prefCd=06&kikanCd=100008691&kikanKbn=nan", "url2": "https://tsubakimedical.co.jp", "内容": "かえで薬局　楯岡新町店0山形県村山市楯岡新町３丁目２番３号" }, "geometry": { "type": "Point", "coordinates": [ 140.388588, 38.471185 ] } },
{ "type": "Feature", "properties": { "ID": 65100008693, "正式名称": "クスリのアオキ中里薬局", "機関区分": 5, "都道府県コード": 6, "市区町村コード": 210, "所在地": "山形県天童市中里四丁目１番４５号", "緯度": 38.32963, "経度": 140.36118, "url": "https://www.iryou.teikyouseido.mhlw.go.jp/znk-web/juminkanja/S2430/initialize?prefCd=06&kikanCd=100008693&kikanKbn=nan", "url2": "https://www.kusuri-aoki.co.jp/", "内容": "クスリのアオキ中里薬局0山形県天童市中里四丁目１番４５号" }, "geometry": { "type": "Point", "coordinates": [ 140.36118, 38.32963 ] } },
{ "type": "Feature", "properties": { "ID": 65100008697, "正式名称": "フレンド薬局　東根", "機関区分": 5, "都道府県コード": 6, "市区町村コード": 211, "所在地": "山形県東根市温泉町２−１５−２−１１１", "緯度": 38.4612, "経度": 140.38714, "url": "https://www.iryou.teikyouseido.mhlw.go.jp/znk-web/juminkanja/S2430/initialize?prefCd=06&kikanCd=100008697&kikanKbn=nan", "url2": null, "内容": "フレンド薬局　東根0山形県東根市温泉町２−１５−２−１１１" }, "geometry": { "type": "Point", "coordinates": [ 140.38714, 38.4612 ] } },
{ "type": "Feature", "properties": { "ID": 65100008701, "正式名称": "かえで薬局　天童西口店", "機関区分": 5, "都道府県コード": 6, "市区町村コード": 210, "所在地": "山形県天童市駅西１丁目９番６号", "緯度": 38.36063, "経度": 140.36695, "url": "https://www.iryou.teikyouseido.mhlw.go.jp/znk-web/juminkanja/S2430/initialize?prefCd=06&kikanCd=100008701&kikanKbn=nan", "url2": "https://www.kaedeph.jp/store#ttl-navi06", "内容": "かえで薬局　天童西口店0山形県天童市駅西１丁目９番６号" }, "geometry": { "type": "Point", "coordinates": [ 140.36695, 38.36063 ] } },
{ "type": "Feature", "properties": { "ID": 65100008717, "正式名称": "イオン薬局東根店", "機関区分": 5, "都道府県コード": 6, "市区町村コード": 211, "所在地": "山形県東根市さくらんぼ駅前３丁目７番１５番地", "緯度": 38.427061, "経度": 140.387523, "url": "https://www.iryou.teikyouseido.mhlw.go.jp/znk-web/juminkanja/S2430/initialize?prefCd=06&kikanCd=100008717&kikanKbn=nan", "url2": null, "内容": "イオン薬局東根店0山形県東根市さくらんぼ駅前３丁目７番１５番地" }, "geometry": { "type": "Point", "coordinates": [ 140.387523, 38.427061 ] } },
{ "type": "Feature", "properties": { "ID": 65100008718, "正式名称": "イオン薬局天童店", "機関区分": 5, "都道府県コード": 6, "市区町村コード": 210, "所在地": "山形県天童市芳賀タウン北４丁目１番１号", "緯度": 38.34395, "経度": 140.36355, "url": "https://www.iryou.teikyouseido.mhlw.go.jp/znk-web/juminkanja/S2430/initialize?prefCd=06&kikanCd=100008718&kikanKbn=nan", "url2": null, "内容": "イオン薬局天童店0山形県天童市芳賀タウン北４丁目１番１号" }, "geometry": { "type": "Point", "coordinates": [ 140.36355, 38.34395 ] } },
{ "type": "Feature", "properties": { "ID": 65100008719, "正式名称": "かえで薬局　末広町店", "機関区分": 5, "都道府県コード": 6, "市区町村コード": 206, "所在地": "山形県寒河江市末広町２－３５", "緯度": 38.369755, "経度": 140.279013, "url": "https://www.iryou.teikyouseido.mhlw.go.jp/znk-web/juminkanja/S2430/initialize?prefCd=06&kikanCd=100008719&kikanKbn=nan", "url2": "https://tsubakimedical.co.jp/", "内容": "かえで薬局　末広町店0山形県寒河江市末広町２－３５" }, "geometry": { "type": "Point", "coordinates": [ 140.279013, 38.369755 ] } },
{ "type": "Feature", "properties": { "ID": 65100008720, "正式名称": "大江町薬局", "機関区分": 5, "都道府県コード": 6, "市区町村コード": 324, "所在地": "山形県西村山郡大江町左沢８７５ー１５", "緯度": 38.382151, "経度": 140.207084, "url": "https://www.iryou.teikyouseido.mhlw.go.jp/znk-web/juminkanja/S2430/initialize?prefCd=06&kikanCd=100008720&kikanKbn=nan", "url2": "https://medikamente.co.jp/", "内容": "大江町薬局0山形県西村山郡大江町左沢８７５ー１５" }, "geometry": { "type": "Point", "coordinates": [ 140.207084, 38.382151 ] } },
{ "type": "Feature", "properties": { "ID": 65100008725, "正式名称": "ウエルシア薬局山形天童中店", "機関区分": 5, "都道府県コード": 6, "市区町村コード": 210, "所在地": "山形県天童市天童中３ー１ー１５", "緯度": 38.355549, "経度": 140.38101, "url": "https://www.iryou.teikyouseido.mhlw.go.jp/znk-web/juminkanja/S2430/initialize?prefCd=06&kikanCd=100008725&kikanKbn=nan", "url2": "https://store.welcia.co.jp/welcia/spot/detail?code=6366D", "内容": "ウエルシア薬局山形天童中店0山形県天童市天童中３ー１ー１５" }, "geometry": { "type": "Point", "coordinates": [ 140.38101, 38.355549 ] } },
{ "type": "Feature", "properties": { "ID": 65100008726, "正式名称": "かえで薬局　ほなみ店", "機関区分": 5, "都道府県コード": 6, "市区町村コード": 206, "所在地": "山形県寒河江市七日町３番５１号", "緯度": 38.380897, "経度": 140.281982, "url": "https://www.iryou.teikyouseido.mhlw.go.jp/znk-web/juminkanja/S2430/initialize?prefCd=06&kikanCd=100008726&kikanKbn=nan", "url2": "https://tsubakimedical.co.jp/", "内容": "かえで薬局　ほなみ店0山形県寒河江市七日町３番５１号" }, "geometry": { "type": "Point", "coordinates": [ 140.281982, 38.380897 ] } },
{ "type": "Feature", "properties": { "ID": 65100008743, "正式名称": "みんなの薬局中山店", "機関区分": 5, "都道府県コード": 6, "市区町村コード": 302, "所在地": "山形県東村山郡中山町長崎１０５３－３", "緯度": 38.333646, "経度": 140.287891, "url": "https://www.iryou.teikyouseido.mhlw.go.jp/znk-web/juminkanja/S2430/initialize?prefCd=06&kikanCd=100008743&kikanKbn=nan", "url2": "https://www.yg-nissin.co.jp/minnanoyakkyoku/", "内容": "みんなの薬局中山店0山形県東村山郡中山町長崎１０５３－３" }, "geometry": { "type": "Point", "coordinates": [ 140.287891, 38.333646 ] } },
{ "type": "Feature", "properties": { "ID": 65100008746, "正式名称": "にじまる薬局", "機関区分": 5, "都道府県コード": 6, "市区町村コード": 210, "所在地": "山形県天童市芳賀タウン南６−１−４７", "緯度": 38.338237, "経度": 140.360968, "url": "https://www.iryou.teikyouseido.mhlw.go.jp/znk-web/juminkanja/S2430/initialize?prefCd=06&kikanCd=100008746&kikanKbn=nan", "url2": "https://www.nijimaru-ph.com/", "内容": "にじまる薬局0山形県天童市芳賀タウン南６−１−４７" }, "geometry": { "type": "Point", "coordinates": [ 140.360968, 38.338237 ] } },
{ "type": "Feature", "properties": { "ID": 65100008749, "正式名称": "ユニスマイル薬局　ひがしね店", "機関区分": 5, "都道府県コード": 6, "市区町村コード": 211, "所在地": "山形県東根市さくらんぼ駅前二丁目１０ー３", "緯度": 38.428906, "経度": 140.387393, "url": "https://www.iryou.teikyouseido.mhlw.go.jp/znk-web/juminkanja/S2430/initialize?prefCd=06&kikanCd=100008749&kikanKbn=nan", "url2": "https://unismile.co.jp/shop/higashine/", "内容": "ユニスマイル薬局　ひがしね店0山形県東根市さくらんぼ駅前二丁目１０ー３" }, "geometry": { "type": "Point", "coordinates": [ 140.387393, 38.428906 ] } },
{ "type": "Feature", "properties": { "ID": 65100008761, "正式名称": "グレープ薬局", "機関区分": 5, "都道府県コード": 6, "市区町村コード": 206, "所在地": "山形県寒河江市本町２－１０－６　１階", "緯度": 38.37782, "経度": 140.27688, "url": "https://www.iryou.teikyouseido.mhlw.go.jp/znk-web/juminkanja/S2430/initialize?prefCd=06&kikanCd=100008761&kikanKbn=nan", "url2": null, "内容": "グレープ薬局0山形県寒河江市本町２－１０－６　１階" }, "geometry": { "type": "Point", "coordinates": [ 140.27688, 38.37782 ] } },
{ "type": "Feature", "properties": { "ID": 65100008764, "正式名称": "クスリのアオキ河北薬局", "機関区分": 5, "都道府県コード": 6, "市区町村コード": 321, "所在地": "山形県西村山郡河北町谷地字砂田７０番地１", "緯度": 38.421208, "経度": 140.306771, "url": "https://www.iryou.teikyouseido.mhlw.go.jp/znk-web/juminkanja/S2430/initialize?prefCd=06&kikanCd=100008764&kikanKbn=nan", "url2": "https://www.kusuri-aoki.co.jp/", "内容": "クスリのアオキ河北薬局0山形県西村山郡河北町谷地字砂田７０番地１" }, "geometry": { "type": "Point", "coordinates": [ 140.306771, 38.421208 ] } },
{ "type": "Feature", "properties": { "ID": 65100008806, "正式名称": "クスリのアオキ寒河江西薬局", "機関区分": 5, "都道府県コード": 6, "市区町村コード": 206, "所在地": "山形県寒河江市寒河江字鶴田１５番地の２", "緯度": 38.380314, "経度": 140.260941, "url": "https://www.iryou.teikyouseido.mhlw.go.jp/znk-web/juminkanja/S2430/initialize?prefCd=06&kikanCd=100008806&kikanKbn=nan", "url2": "https://www.kusuri-aoki.co.jp/", "内容": "クスリのアオキ寒河江西薬局0山形県寒河江市寒河江字鶴田１５番地の２" }, "geometry": { "type": "Point", "coordinates": [ 140.260941, 38.380314 ] } },
{ "type": "Feature", "properties": { "ID": 65100008810, "正式名称": "サンドラッグさくらんぼ東根駅前薬局", "機関区分": 5, "都道府県コード": 6, "市区町村コード": 211, "所在地": "山形県東根市さくらんぼ駅前２−１６−２５", "緯度": 38.428997, "経度": 140.386475, "url": "https://www.iryou.teikyouseido.mhlw.go.jp/znk-web/juminkanja/S2430/initialize?prefCd=06&kikanCd=100008810&kikanKbn=nan", "url2": "https://sundrug-online.com/blogs/search-store/6908", "内容": "サンドラッグさくらんぼ東根駅前薬局0山形県東根市さくらんぼ駅前２−１６−２５" }, "geometry": { "type": "Point", "coordinates": [ 140.386475, 38.428997 ] } },
{ "type": "Feature", "properties": { "ID": 65100008814, "正式名称": "ひまわり薬局", "機関区分": 5, "都道府県コード": 6, "市区町村コード": 207, "所在地": "山形県上山市河崎１－１－３８", "緯度": 38.149737, "経度": 140.270251, "url": "https://www.iryou.teikyouseido.mhlw.go.jp/znk-web/juminkanja/S2430/initialize?prefCd=06&kikanCd=100008814&kikanKbn=nan", "url2": null, "内容": "ひまわり薬局0山形県上山市河崎１－１－３８" }, "geometry": { "type": "Point", "coordinates": [ 140.270251, 38.149737 ] } },
{ "type": "Feature", "properties": { "ID": 65100008822, "正式名称": "おりづる薬局天童店", "機関区分": 5, "都道府県コード": 6, "市区町村コード": 210, "所在地": "山形県天童市鍬ノ町２－２－２９", "緯度": 38.3558508, "経度": 140.3867829, "url": "https://www.iryou.teikyouseido.mhlw.go.jp/znk-web/juminkanja/S2430/initialize?prefCd=06&kikanCd=100008822&kikanKbn=nan", "url2": null, "内容": "おりづる薬局天童店0山形県天童市鍬ノ町２－２－２９" }, "geometry": { "type": "Point", "coordinates": [ 140.386782899999986, 38.3558508 ] } },
{ "type": "Feature", "properties": { "ID": 65100008823, "正式名称": "調剤薬局ツルハドラッグ天童店", "機関区分": 5, "都道府県コード": 6, "市区町村コード": 210, "所在地": "山形県天童市鍬ノ町１丁目１番１７号", "緯度": 38.356889, "経度": 140.384066, "url": "https://www.iryou.teikyouseido.mhlw.go.jp/znk-web/juminkanja/S2430/initialize?prefCd=06&kikanCd=100008823&kikanKbn=nan", "url2": "https://shop.tsuruha-g.com/3361", "内容": "調剤薬局ツルハドラッグ天童店0山形県天童市鍬ノ町１丁目１番１７号" }, "geometry": { "type": "Point", "coordinates": [ 140.384066, 38.356889 ] } },
{ "type": "Feature", "properties": { "ID": 65100008831, "正式名称": "ブナの森調剤薬局　河北店", "機関区分": 5, "都道府県コード": 6, "市区町村コード": 321, "所在地": "山形県西村山郡河北町谷地中央五丁目４−２２", "緯度": 38.419063, "経度": 140.307682, "url": "https://www.iryou.teikyouseido.mhlw.go.jp/znk-web/juminkanja/S2430/initialize?prefCd=06&kikanCd=100008831&kikanKbn=nan", "url2": "https://www.marinegroup.jp/", "内容": "ブナの森調剤薬局　河北店0山形県西村山郡河北町谷地中央五丁目４−２２" }, "geometry": { "type": "Point", "coordinates": [ 140.307682, 38.419063 ] } },
{ "type": "Feature", "properties": { "ID": 65100008861, "正式名称": "みんなの薬局羽入東店", "機関区分": 5, "都道府県コード": 6, "市区町村コード": 211, "所在地": "山形県東根市羽入東１番３６号", "緯度": 38.408518, "経度": 140.363528, "url": "https://www.iryou.teikyouseido.mhlw.go.jp/znk-web/juminkanja/S2430/initialize?prefCd=06&kikanCd=100008861&kikanKbn=nan", "url2": "https://www.yg-nissin.co.jp/minnanoyakkyoku/", "内容": "みんなの薬局羽入東店0山形県東根市羽入東１番３６号" }, "geometry": { "type": "Point", "coordinates": [ 140.363528, 38.408518 ] } },
{ "type": "Feature", "properties": { "ID": 65100008863, "正式名称": "岡崎医療天童いずみ町調剤薬局", "機関区分": 5, "都道府県コード": 6, "市区町村コード": 210, "所在地": "山形県天童市泉町１丁目７ー３０", "緯度": 38.36254, "経度": 140.38162, "url": "https://www.iryou.teikyouseido.mhlw.go.jp/znk-web/juminkanja/S2430/initialize?prefCd=06&kikanCd=100008863&kikanKbn=nan", "url2": "https://www.okazaki-iryo.jp/", "内容": "岡崎医療天童いずみ町調剤薬局0山形県天童市泉町１丁目７ー３０" }, "geometry": { "type": "Point", "coordinates": [ 140.38162, 38.36254 ] } },
{ "type": "Feature", "properties": { "ID": 65100008865, "正式名称": "コスモス薬局新町店", "機関区分": 5, "都道府県コード": 6, "市区町村コード": 208, "所在地": "山形県村山市楯岡新町二丁目８－２１", "緯度": 38.475964, "経度": 140.390613, "url": "https://www.iryou.teikyouseido.mhlw.go.jp/znk-web/juminkanja/S2430/initialize?prefCd=06&kikanCd=100008865&kikanKbn=nan", "url2": "https://www.nanohana-ph.jp", "内容": "コスモス薬局新町店0山形県村山市楯岡新町二丁目８－２１" }, "geometry": { "type": "Point", "coordinates": [ 140.390613, 38.475964 ] } },
{ "type": "Feature", "properties": { "ID": 65100008866, "正式名称": "コスモス薬局湯野沢店", "機関区分": 5, "都道府県コード": 6, "市区町村コード": 208, "所在地": "山形県村山市湯野沢１８９７－１２", "緯度": 38.474086, "経度": 140.321159, "url": "https://www.iryou.teikyouseido.mhlw.go.jp/znk-web/juminkanja/S2430/initialize?prefCd=06&kikanCd=100008866&kikanKbn=nan", "url2": "https://www.nanohana-ph.jp/", "内容": "コスモス薬局湯野沢店0山形県村山市湯野沢１８９７－１２" }, "geometry": { "type": "Point", "coordinates": [ 140.321159, 38.474086 ] } },
{ "type": "Feature", "properties": { "ID": 65100008867, "正式名称": "コスモス薬局河北病院前店", "機関区分": 5, "都道府県コード": 6, "市区町村コード": 321, "所在地": "山形県西村山郡河北町谷地字月山堂３７５", "緯度": 38.41503, "経度": 140.311215, "url": "https://www.iryou.teikyouseido.mhlw.go.jp/znk-web/juminkanja/S2430/initialize?prefCd=06&kikanCd=100008867&kikanKbn=nan", "url2": "https://www.nanohana-ph.jp/", "内容": "コスモス薬局河北病院前店0山形県西村山郡河北町谷地字月山堂３７５" }, "geometry": { "type": "Point", "coordinates": [ 140.311215, 38.41503 ] } },
{ "type": "Feature", "properties": { "ID": 65100008868, "正式名称": "コスモス薬局南寒河江店", "機関区分": 5, "都道府県コード": 6, "市区町村コード": 206, "所在地": "山形県寒河江市大字島字島東８７番地", "緯度": 38.359207, "経度": 140.277894, "url": "https://www.iryou.teikyouseido.mhlw.go.jp/znk-web/juminkanja/S2430/initialize?prefCd=06&kikanCd=100008868&kikanKbn=nan", "url2": "https://www.nanohana-ph.jp/shop/touhoku/yamagata/sagae/kosumosu-minamisagae.php", "内容": "コスモス薬局南寒河江店0山形県寒河江市大字島字島東８７番地" }, "geometry": { "type": "Point", "coordinates": [ 140.277894, 38.359207 ] } },
{ "type": "Feature", "properties": { "ID": 65100008869, "正式名称": "おしどり薬局　仲谷地店", "機関区分": 5, "都道府県コード": 6, "市区町村コード": 206, "所在地": "山形県寒河江市仲谷地二丁目３の５", "緯度": 38.370631, "経度": 140.262485, "url": "https://www.iryou.teikyouseido.mhlw.go.jp/znk-web/juminkanja/S2430/initialize?prefCd=06&kikanCd=100008869&kikanKbn=nan", "url2": "https://www.nanohana-ph.jp/shop/touhoku/yamagata/sagae/oshidori-nakayachi.php", "内容": "おしどり薬局　仲谷地店0山形県寒河江市仲谷地二丁目３の５" }, "geometry": { "type": "Point", "coordinates": [ 140.262485, 38.370631 ] } },
{ "type": "Feature", "properties": { "ID": 65100008888, "正式名称": "りんどう薬局", "機関区分": 5, "都道府県コード": 6, "市区町村コード": 301, "所在地": "山形県東村山郡山辺町山辺１１１５－６", "緯度": 38.290146, "経度": 140.26105, "url": "https://www.iryou.teikyouseido.mhlw.go.jp/znk-web/juminkanja/S2430/initialize?prefCd=06&kikanCd=100008888&kikanKbn=nan", "url2": "https://www.ms-chozai.com/", "内容": "りんどう薬局0山形県東村山郡山辺町山辺１１１５－６" }, "geometry": { "type": "Point", "coordinates": [ 140.26105, 38.290146 ] } },
{ "type": "Feature", "properties": { "ID": 65100008910, "正式名称": "おりづる薬局久野本店", "機関区分": 5, "都道府県コード": 6, "市区町村コード": 210, "所在地": "山形県天童市東久野本２－１０－８", "緯度": 38.371538, "経度": 140.378378, "url": "https://www.iryou.teikyouseido.mhlw.go.jp/znk-web/juminkanja/S2430/initialize?prefCd=06&kikanCd=100008910&kikanKbn=nan", "url2": "https://orizuru0001.com", "内容": "おりづる薬局久野本店0山形県天童市東久野本２－１０－８" }, "geometry": { "type": "Point", "coordinates": [ 140.378378, 38.371538 ] } },
{ "type": "Feature", "properties": { "ID": 65100008917, "正式名称": "べにばな薬局", "機関区分": 5, "都道府県コード": 6, "市区町村コード": 321, "所在地": "山形県西村山郡河北町谷地所岡３－２－１１", "緯度": 38.432459, "経度": 140.312128, "url": "https://www.iryou.teikyouseido.mhlw.go.jp/znk-web/juminkanja/S2430/initialize?prefCd=06&kikanCd=100008917&kikanKbn=nan", "url2": "ms-chozai.com", "内容": "べにばな薬局0山形県西村山郡河北町谷地所岡３－２－１１" }, "geometry": { "type": "Point", "coordinates": [ 140.312128, 38.432459 ] } },
{ "type": "Feature", "properties": { "ID": 65100008918, "正式名称": "調剤薬局ツルハドラッグ天童糠塚店", "機関区分": 5, "都道府県コード": 6, "市区町村コード": 210, "所在地": "山形県天童市糠塚１丁目１ー３", "緯度": 38.36493, "経度": 140.3817, "url": "https://www.iryou.teikyouseido.mhlw.go.jp/znk-web/juminkanja/S2430/initialize?prefCd=06&kikanCd=100008918&kikanKbn=nan", "url2": "https://shop.tsuruha-g.com/5034", "内容": "調剤薬局ツルハドラッグ天童糠塚店0山形県天童市糠塚１丁目１ー３" }, "geometry": { "type": "Point", "coordinates": [ 140.3817, 38.36493 ] } },
{ "type": "Feature", "properties": { "ID": 65100008931, "正式名称": "さくら薬局　寒河江元町店", "機関区分": 5, "都道府県コード": 6, "市区町村コード": 206, "所在地": "山形県寒河江市元町一丁目２－８", "緯度": 38.372189, "経度": 140.273901, "url": "https://www.iryou.teikyouseido.mhlw.go.jp/znk-web/juminkanja/S2430/initialize?prefCd=06&kikanCd=100008931&kikanKbn=nan", "url2": "https://www.kraft-net.co.jp/sakura/store/4023/", "内容": "さくら薬局　寒河江元町店0山形県寒河江市元町一丁目２－８" }, "geometry": { "type": "Point", "coordinates": [ 140.273901, 38.372189 ] } },
{ "type": "Feature", "properties": { "ID": 65200000114, "正式名称": "寿屋薬局", "機関区分": 5, "都道府県コード": 6, "市区町村コード": 365, "所在地": "山形県最上郡大蔵村清水", "緯度": 38.703008, "経度": 140.234001, "url": "https://www.iryou.teikyouseido.mhlw.go.jp/znk-web/juminkanja/S2430/initialize?prefCd=06&kikanCd=200000114&kikanKbn=nan", "url2": null, "内容": "寿屋薬局0山形県最上郡大蔵村清水" }, "geometry": { "type": "Point", "coordinates": [ 140.234001, 38.703008 ] } },
{ "type": "Feature", "properties": { "ID": 65200000117, "正式名称": "カイセイ調剤薬局", "機関区分": 5, "都道府県コード": 6, "市区町村コード": 205, "所在地": "山形県新庄市鉄砲町７−２７", "緯度": 38.760049, "経度": 140.300231, "url": "https://www.iryou.teikyouseido.mhlw.go.jp/znk-web/juminkanja/S2430/initialize?prefCd=06&kikanCd=200000117&kikanKbn=nan", "url2": "http://www.kaisei-company.com/", "内容": "カイセイ調剤薬局0山形県新庄市鉄砲町７−２７" }, "geometry": { "type": "Point", "coordinates": [ 140.300231, 38.760049 ] } },
{ "type": "Feature", "properties": { "ID": 65200000119, "正式名称": "すずき調剤薬局", "機関区分": 5, "都道府県コード": 6, "市区町村コード": 362, "所在地": "山形県最上郡最上町向町", "緯度": 38.760397, "経度": 140.514565, "url": "https://www.iryou.teikyouseido.mhlw.go.jp/znk-web/juminkanja/S2430/initialize?prefCd=06&kikanCd=200000119&kikanKbn=nan", "url2": "www.suzukityozai-yakkyoku.jp", "内容": "すずき調剤薬局0山形県最上郡最上町向町" }, "geometry": { "type": "Point", "coordinates": [ 140.514565, 38.760397 ] } },
{ "type": "Feature", "properties": { "ID": 65200000511, "正式名称": "（有）矢口薬局", "機関区分": 5, "都道府県コード": 6, "市区町村コード": 205, "所在地": "山形県新庄市新町５－２４", "緯度": 38.759693, "経度": 140.289604, "url": "https://www.iryou.teikyouseido.mhlw.go.jp/znk-web/juminkanja/S2430/initialize?prefCd=06&kikanCd=200000511&kikanKbn=nan", "url2": null, "内容": "（有）矢口薬局0山形県新庄市新町５－２４" }, "geometry": { "type": "Point", "coordinates": [ 140.289604, 38.759693 ] } },
{ "type": "Feature", "properties": { "ID": 65200000524, "正式名称": "ほし薬局　鉄砲町店", "機関区分": 5, "都道府県コード": 6, "市区町村コード": 205, "所在地": "山形県新庄市鉄砲町３―１", "緯度": 38.758233, "経度": 140.301561, "url": "https://www.iryou.teikyouseido.mhlw.go.jp/znk-web/juminkanja/S2430/initialize?prefCd=06&kikanCd=200000524&kikanKbn=nan", "url2": "https://medica-info.jp/", "内容": "ほし薬局　鉄砲町店0山形県新庄市鉄砲町３―１" }, "geometry": { "type": "Point", "coordinates": [ 140.301561, 38.758233 ] } },
{ "type": "Feature", "properties": { "ID": 65200000547, "正式名称": "金山調剤薬局", "機関区分": 5, "都道府県コード": 6, "市区町村コード": 361, "所在地": "山形県最上郡金山町金山５０９－２", "緯度": 38.879171, "経度": 140.333413, "url": "https://www.iryou.teikyouseido.mhlw.go.jp/znk-web/juminkanja/S2430/initialize?prefCd=06&kikanCd=200000547&kikanKbn=nan", "url2": "http://www.luckybag.co.jp/", "内容": "金山調剤薬局0山形県最上郡金山町金山５０９－２" }, "geometry": { "type": "Point", "coordinates": [ 140.333413, 38.879171 ] } },
{ "type": "Feature", "properties": { "ID": 65200000553, "正式名称": "舟形調剤薬局", "機関区分": 5, "都道府県コード": 6, "市区町村コード": 363, "所在地": "山形県最上郡舟形町舟形３５２－１０", "緯度": 38.691355, "経度": 140.316632, "url": "https://www.iryou.teikyouseido.mhlw.go.jp/znk-web/juminkanja/S2430/initialize?prefCd=06&kikanCd=200000553&kikanKbn=nan", "url2": "http://www.luckybag.co.jp", "内容": "舟形調剤薬局0山形県最上郡舟形町舟形３５２－１０" }, "geometry": { "type": "Point", "coordinates": [ 140.316632, 38.691355 ] } },
{ "type": "Feature", "properties": { "ID": 65200000620, "正式名称": "ナカムラ薬局", "機関区分": 5, "都道府県コード": 6, "市区町村コード": 205, "所在地": "山形県新庄市城西町３－２６", "緯度": 38.765873, "経度": 140.290634, "url": "https://www.iryou.teikyouseido.mhlw.go.jp/znk-web/juminkanja/S2430/initialize?prefCd=06&kikanCd=200000620&kikanKbn=nan", "url2": "https://www.nakamurayakkyoku.com", "内容": "ナカムラ薬局0山形県新庄市城西町３－２６" }, "geometry": { "type": "Point", "coordinates": [ 140.290634, 38.765873 ] } },
{ "type": "Feature", "properties": { "ID": 65200000638, "正式名称": "わかば調剤薬局東山店", "機関区分": 5, "都道府県コード": 6, "市区町村コード": 205, "所在地": "山形県新庄市東谷地田町６−１", "緯度": 38.756944, "経度": 140.312241, "url": "https://www.iryou.teikyouseido.mhlw.go.jp/znk-web/juminkanja/S2430/initialize?prefCd=06&kikanCd=200000638&kikanKbn=nan", "url2": "?", "内容": "わかば調剤薬局東山店0山形県新庄市東谷地田町６−１" }, "geometry": { "type": "Point", "coordinates": [ 140.312241, 38.756944 ] } },
{ "type": "Feature", "properties": { "ID": 65200000786, "正式名称": "大町調剤薬局", "機関区分": 5, "都道府県コード": 6, "市区町村コード": 205, "所在地": "山形県新庄市沖の町３－３", "緯度": 38.762257, "経度": 140.303981, "url": "https://www.iryou.teikyouseido.mhlw.go.jp/znk-web/juminkanja/S2430/initialize?prefCd=06&kikanCd=200000786&kikanKbn=nan", "url2": "http://www.luckybag.co.jp/", "内容": "大町調剤薬局0山形県新庄市沖の町３－３" }, "geometry": { "type": "Point", "coordinates": [ 140.303981, 38.762257 ] } },
{ "type": "Feature", "properties": { "ID": 65200000801, "正式名称": "さくら調剤薬局", "機関区分": 5, "都道府県コード": 6, "市区町村コード": 205, "所在地": "山形県新庄市大字福田字福田山７７４−３５", "緯度": 38.742903, "経度": 140.268226, "url": "https://www.iryou.teikyouseido.mhlw.go.jp/znk-web/juminkanja/S2430/initialize?prefCd=06&kikanCd=200000801&kikanKbn=nan", "url2": null, "内容": "さくら調剤薬局0山形県新庄市大字福田字福田山７７４−３５" }, "geometry": { "type": "Point", "coordinates": [ 140.268226, 38.742903 ] } },
{ "type": "Feature", "properties": { "ID": 65200000830, "正式名称": "かむろ薬局", "機関区分": 5, "都道府県コード": 6, "市区町村コード": 205, "所在地": "山形県新庄市東谷地田町２－５", "緯度": 38.756836, "経度": 140.314694, "url": "https://www.iryou.teikyouseido.mhlw.go.jp/znk-web/juminkanja/S2430/initialize?prefCd=06&kikanCd=200000830&kikanKbn=nan", "url2": "http://www.luckybag.co.jp/", "内容": "かむろ薬局0山形県新庄市東谷地田町２－５" }, "geometry": { "type": "Point", "coordinates": [ 140.314694, 38.756836 ] } },
{ "type": "Feature", "properties": { "ID": 65200000867, "正式名称": "おかの薬局", "機関区分": 5, "都道府県コード": 6, "市区町村コード": 362, "所在地": "山形県最上郡最上町向町６８－１１", "緯度": 38.754142, "経度": 140.515695, "url": "https://www.iryou.teikyouseido.mhlw.go.jp/znk-web/juminkanja/S2430/initialize?prefCd=06&kikanCd=200000867&kikanKbn=nan", "url2": "https://okano-pharmacy.net/", "内容": "おかの薬局0山形県最上郡最上町向町６８－１１" }, "geometry": { "type": "Point", "coordinates": [ 140.515695, 38.754142 ] } },
{ "type": "Feature", "properties": { "ID": 65200000868, "正式名称": "ひろみ薬局", "機関区分": 5, "都道府県コード": 6, "市区町村コード": 205, "所在地": "山形県新庄市桧町", "緯度": 38.77312, "経度": 140.294498, "url": "https://www.iryou.teikyouseido.mhlw.go.jp/znk-web/juminkanja/S2430/initialize?prefCd=06&kikanCd=200000868&kikanKbn=nan", "url2": null, "内容": "ひろみ薬局0山形県新庄市桧町" }, "geometry": { "type": "Point", "coordinates": [ 140.294498, 38.77312 ] } },
{ "type": "Feature", "properties": { "ID": 65200000879, "正式名称": "まつもと薬局", "機関区分": 5, "都道府県コード": 6, "市区町村コード": 205, "所在地": "山形県新庄市松本字東浦４８５－６", "緯度": 38.748979, "経度": 140.289863, "url": "https://www.iryou.teikyouseido.mhlw.go.jp/znk-web/juminkanja/S2430/initialize?prefCd=06&kikanCd=200000879&kikanKbn=nan", "url2": "http://www.luckybag.co.jp/", "内容": "まつもと薬局0山形県新庄市松本字東浦４８５－６" }, "geometry": { "type": "Point", "coordinates": [ 140.289863, 38.748979 ] } },
{ "type": "Feature", "properties": { "ID": 65200000892, "正式名称": "カイセイ調剤薬局　栄町店", "機関区分": 5, "都道府県コード": 6, "市区町村コード": 205, "所在地": "山形県新庄市栄町６ー５", "緯度": 38.759549, "経度": 140.295781, "url": "https://www.iryou.teikyouseido.mhlw.go.jp/znk-web/juminkanja/S2430/initialize?prefCd=06&kikanCd=200000892&kikanKbn=nan", "url2": "http://www.kaisei-company.com/", "内容": "カイセイ調剤薬局　栄町店0山形県新庄市栄町６ー５" }, "geometry": { "type": "Point", "coordinates": [ 140.295781, 38.759549 ] } },
{ "type": "Feature", "properties": { "ID": 65200002055, "正式名称": "すこやか調剤薬局", "機関区分": 5, "都道府県コード": 6, "市区町村コード": 205, "所在地": "山形県新庄市大字泉田１９", "緯度": 38.81016, "経度": 140.32235, "url": "https://www.iryou.teikyouseido.mhlw.go.jp/znk-web/juminkanja/S2430/initialize?prefCd=06&kikanCd=200002055&kikanKbn=nan", "url2": null, "内容": "すこやか調剤薬局0山形県新庄市大字泉田１９" }, "geometry": { "type": "Point", "coordinates": [ 140.32235, 38.81016 ] } },
{ "type": "Feature", "properties": { "ID": 65200002390, "正式名称": "高宮薬局", "機関区分": 5, "都道府県コード": 6, "市区町村コード": 364, "所在地": "山形県最上郡真室川町新町１２８番地２０", "緯度": 38.858215, "経度": 140.253133, "url": "https://www.iryou.teikyouseido.mhlw.go.jp/znk-web/juminkanja/S2430/initialize?prefCd=06&kikanCd=200002390&kikanKbn=nan", "url2": "https://meron-net.shop/ds/takamiya_yakkyoku", "内容": "高宮薬局0山形県最上郡真室川町新町１２８番地２０" }, "geometry": { "type": "Point", "coordinates": [ 140.253133, 38.858215 ] } },
{ "type": "Feature", "properties": { "ID": 65200002400, "正式名称": "ほし薬局戸沢店", "機関区分": 5, "都道府県コード": 6, "市区町村コード": 367, "所在地": "山形県最上郡戸沢村古口４３５６－１", "緯度": 38.0, "経度": 140.0, "url": "https://www.iryou.teikyouseido.mhlw.go.jp/znk-web/juminkanja/S2430/initialize?prefCd=06&kikanCd=200002400&kikanKbn=nan", "url2": "https://medica-info.jp/", "内容": "ほし薬局戸沢店0山形県最上郡戸沢村古口４３５６－１" }, "geometry": { "type": "Point", "coordinates": [ 140.0, 38.0 ] } },
{ "type": "Feature", "properties": { "ID": 65200002402, "正式名称": "おおてまち薬局", "機関区分": 5, "都道府県コード": 6, "市区町村コード": 205, "所在地": "山形県新庄市大手町５－７", "緯度": 38.768167, "経度": 140.299384, "url": "https://www.iryou.teikyouseido.mhlw.go.jp/znk-web/juminkanja/S2430/initialize?prefCd=06&kikanCd=200002402&kikanKbn=nan", "url2": "https://laughline.co.jp/", "内容": "おおてまち薬局0山形県新庄市大手町５－７" }, "geometry": { "type": "Point", "coordinates": [ 140.299384, 38.768167 ] } },
{ "type": "Feature", "properties": { "ID": 65200002459, "正式名称": "真室川薬局", "機関区分": 5, "都道府県コード": 6, "市区町村コード": 364, "所在地": "山形県最上郡真室川町新町４０８－２", "緯度": 38.852979, "経度": 140.248985, "url": "https://www.iryou.teikyouseido.mhlw.go.jp/znk-web/juminkanja/S2430/initialize?prefCd=06&kikanCd=200002459&kikanKbn=nan", "url2": null, "内容": "真室川薬局0山形県最上郡真室川町新町４０８－２" }, "geometry": { "type": "Point", "coordinates": [ 140.248985, 38.852979 ] } },
{ "type": "Feature", "properties": { "ID": 65200002463, "正式名称": "かねざわ薬局", "機関区分": 5, "都道府県コード": 6, "市区町村コード": 205, "所在地": "山形県新庄市下金沢町５－３７", "緯度": 38.754848, "経度": 140.302772, "url": "https://www.iryou.teikyouseido.mhlw.go.jp/znk-web/juminkanja/S2430/initialize?prefCd=06&kikanCd=200002463&kikanKbn=nan", "url2": "http://www.luckybag.co.jp/", "内容": "かねざわ薬局0山形県新庄市下金沢町５－３７" }, "geometry": { "type": "Point", "coordinates": [ 140.302772, 38.754848 ] } },
{ "type": "Feature", "properties": { "ID": 65200002479, "正式名称": "ふれあい薬局", "機関区分": 5, "都道府県コード": 6, "市区町村コード": 364, "所在地": "山形県最上郡真室川町新町４７５－５", "緯度": 38.85108, "経度": 140.248554, "url": "https://www.iryou.teikyouseido.mhlw.go.jp/znk-web/juminkanja/S2430/initialize?prefCd=06&kikanCd=200002479&kikanKbn=nan", "url2": "https://ship-ph.co.jp/", "内容": "ふれあい薬局0山形県最上郡真室川町新町４７５－５" }, "geometry": { "type": "Point", "coordinates": [ 140.248554, 38.85108 ] } },
{ "type": "Feature", "properties": { "ID": 65200002500, "正式名称": "しんじょう薬局", "機関区分": 5, "都道府県コード": 6, "市区町村コード": 205, "所在地": "山形県新庄市沼田町２番６号", "緯度": 38.76951, "経度": 140.298161, "url": "https://www.iryou.teikyouseido.mhlw.go.jp/znk-web/juminkanja/S2430/initialize?prefCd=06&kikanCd=200002500&kikanKbn=nan", "url2": null, "内容": "しんじょう薬局0山形県新庄市沼田町２番６号" }, "geometry": { "type": "Point", "coordinates": [ 140.298161, 38.76951 ] } },
{ "type": "Feature", "properties": { "ID": 65200002501, "正式名称": "よつば調剤薬局", "機関区分": 5, "都道府県コード": 6, "市区町村コード": 205, "所在地": "山形県新庄市大手町２番８号", "緯度": 38.767838, "経度": 140.29944, "url": "https://www.iryou.teikyouseido.mhlw.go.jp/znk-web/juminkanja/S2430/initialize?prefCd=06&kikanCd=200002501&kikanKbn=nan", "url2": null, "内容": "よつば調剤薬局0山形県新庄市大手町２番８号" }, "geometry": { "type": "Point", "coordinates": [ 140.29944, 38.767838 ] } },
{ "type": "Feature", "properties": { "ID": 65200002503, "正式名称": "ほし薬局　大蔵店", "機関区分": 5, "都道府県コード": 6, "市区町村コード": 365, "所在地": "山形県最上郡大蔵村清水２３４６番地２", "緯度": 38.70478, "経度": 140.231, "url": "https://www.iryou.teikyouseido.mhlw.go.jp/znk-web/juminkanja/S2430/initialize?prefCd=06&kikanCd=200002503&kikanKbn=nan", "url2": null, "内容": "ほし薬局　大蔵店0山形県最上郡大蔵村清水２３４６番地２" }, "geometry": { "type": "Point", "coordinates": [ 140.231, 38.70478 ] } },
{ "type": "Feature", "properties": { "ID": 65200002506, "正式名称": "沖の町薬局", "機関区分": 5, "都道府県コード": 6, "市区町村コード": 205, "所在地": "山形県新庄市沖の町４番１７号", "緯度": 38.762276, "経度": 140.302624, "url": "https://www.iryou.teikyouseido.mhlw.go.jp/znk-web/juminkanja/S2430/initialize?prefCd=06&kikanCd=200002506&kikanKbn=nan", "url2": "http://www.luckybag.co.jp", "内容": "沖の町薬局0山形県新庄市沖の町４番１７号" }, "geometry": { "type": "Point", "coordinates": [ 140.302624, 38.762276 ] } },
{ "type": "Feature", "properties": { "ID": 65200002511, "正式名称": "よつば調剤薬局　宮内町店", "機関区分": 5, "都道府県コード": 6, "市区町村コード": 205, "所在地": "山形県新庄市五日町３７６ー１", "緯度": 38.759288, "経度": 140.293767, "url": "https://www.iryou.teikyouseido.mhlw.go.jp/znk-web/juminkanja/S2430/initialize?prefCd=06&kikanCd=200002511&kikanKbn=nan", "url2": null, "内容": "よつば調剤薬局　宮内町店0山形県新庄市五日町３７６ー１" }, "geometry": { "type": "Point", "coordinates": [ 140.293767, 38.759288 ] } },
{ "type": "Feature", "properties": { "ID": 65200002520, "正式名称": "日本調剤新庄薬局", "機関区分": 5, "都道府県コード": 6, "市区町村コード": 205, "所在地": "山形県新庄市金沢字中関屋７３０－１１日本調剤新庄薬局", "緯度": 38.7667164, "経度": 140.3090009, "url": "https://www.iryou.teikyouseido.mhlw.go.jp/znk-web/juminkanja/S2430/initialize?prefCd=06&kikanCd=200002520&kikanKbn=nan", "url2": null, "内容": "日本調剤新庄薬局0山形県新庄市金沢字中関屋７３０－１１日本調剤新庄薬局" }, "geometry": { "type": "Point", "coordinates": [ 140.3090009, 38.7667164 ] } },
{ "type": "Feature", "properties": { "ID": 65200002521, "正式名称": "ウエルシア薬局新庄金沢店", "機関区分": 5, "都道府県コード": 6, "市区町村コード": 205, "所在地": "山形県新庄市金沢中関屋８１５番地の８", "緯度": 38.766776, "経度": 140.307658, "url": "https://www.iryou.teikyouseido.mhlw.go.jp/znk-web/juminkanja/S2430/initialize?prefCd=06&kikanCd=200002521&kikanKbn=nan", "url2": "https://store.welcia.co.jp/welcia/spot/detail?code=1406D", "内容": "ウエルシア薬局新庄金沢店0山形県新庄市金沢中関屋８１５番地の８" }, "geometry": { "type": "Point", "coordinates": [ 140.307658, 38.766776 ] } },
{ "type": "Feature", "properties": { "ID": 65200002522, "正式名称": "最上センター薬局", "機関区分": 5, "都道府県コード": 6, "市区町村コード": 205, "所在地": "山形県新庄市金沢７０２－３", "緯度": 38.76725, "経度": 140.309037, "url": "https://www.iryou.teikyouseido.mhlw.go.jp/znk-web/juminkanja/S2430/initialize?prefCd=06&kikanCd=200002522&kikanKbn=nan", "url2": "https://www.luckybag.co.jp/", "内容": "最上センター薬局0山形県新庄市金沢７０２－３" }, "geometry": { "type": "Point", "coordinates": [ 140.309037, 38.76725 ] } },
{ "type": "Feature", "properties": { "ID": 65200002523, "正式名称": "ほし薬局　本店", "機関区分": 5, "都道府県コード": 6, "市区町村コード": 205, "所在地": "山形県新庄市桧町１０－８", "緯度": 38.772394, "経度": 140.294412, "url": "https://www.iryou.teikyouseido.mhlw.go.jp/znk-web/juminkanja/S2430/initialize?prefCd=06&kikanCd=200002523&kikanKbn=nan", "url2": "https://medica-info.jp/", "内容": "ほし薬局　本店0山形県新庄市桧町１０－８" }, "geometry": { "type": "Point", "coordinates": [ 140.294412, 38.772394 ] } },
{ "type": "Feature", "properties": { "ID": 65200002524, "正式名称": "カワチ薬局　新庄駅東店", "機関区分": 5, "都道府県コード": 6, "市区町村コード": 205, "所在地": "山形県新庄市金沢１１２９－１", "緯度": 38.763637, "経度": 140.309634, "url": "https://www.iryou.teikyouseido.mhlw.go.jp/znk-web/juminkanja/S2430/initialize?prefCd=06&kikanCd=200002524&kikanKbn=nan", "url2": "https://www.cawachi.co.jp/customer/store/shop.html?storeCode=128&pharmacy=1&search=1", "内容": "カワチ薬局　新庄駅東店0山形県新庄市金沢１１２９－１" }, "geometry": { "type": "Point", "coordinates": [ 140.309634, 38.763637 ] } },
{ "type": "Feature", "properties": { "ID": 65200002525, "正式名称": "わかば調剤薬局", "機関区分": 5, "都道府県コード": 6, "市区町村コード": 205, "所在地": "山形県新庄市金沢８０１－３５", "緯度": 38.767035, "経度": 140.30747, "url": "https://www.iryou.teikyouseido.mhlw.go.jp/znk-web/juminkanja/S2430/initialize?prefCd=06&kikanCd=200002525&kikanKbn=nan", "url2": null, "内容": "わかば調剤薬局0山形県新庄市金沢８０１－３５" }, "geometry": { "type": "Point", "coordinates": [ 140.30747, 38.767035 ] } },
{ "type": "Feature", "properties": { "ID": 65200002527, "正式名称": "アイン薬局新庄店", "機関区分": 5, "都道府県コード": 6, "市区町村コード": 205, "所在地": "山形県新庄市金沢字中関屋８００－４", "緯度": 38.766716, "経度": 140.309234, "url": "https://www.iryou.teikyouseido.mhlw.go.jp/znk-web/juminkanja/S2430/initialize?prefCd=06&kikanCd=200002527&kikanKbn=nan", "url2": "https://www.ainj.co.jp/", "内容": "アイン薬局新庄店0山形県新庄市金沢字中関屋８００－４" }, "geometry": { "type": "Point", "coordinates": [ 140.309234, 38.766716 ] } },
{ "type": "Feature", "properties": { "ID": 65300000222, "正式名称": "中部調剤薬局", "機関区分": 5, "都道府県コード": 6, "市区町村コード": 202, "所在地": "山形県米沢市丸の内２－１－１４", "緯度": 37.911889, "経度": 140.108416, "url": "https://www.iryou.teikyouseido.mhlw.go.jp/znk-web/juminkanja/S2430/initialize?prefCd=06&kikanCd=300000222&kikanKbn=nan", "url2": null, "内容": "中部調剤薬局0山形県米沢市丸の内２－１－１４" }, "geometry": { "type": "Point", "coordinates": [ 140.108416, 37.911889 ] } },
{ "type": "Feature", "properties": { "ID": 65300000223, "正式名称": "はなざわ薬局", "機関区分": 5, "都道府県コード": 6, "市区町村コード": 202, "所在地": "山形県米沢市花沢町２６８６－５", "緯度": 37.918648, "経度": 140.122037, "url": "https://www.iryou.teikyouseido.mhlw.go.jp/znk-web/juminkanja/S2430/initialize?prefCd=06&kikanCd=300000223&kikanKbn=nan", "url2": "https://meron-net.shop/ds/hanazawa-yakkyoku/", "内容": "はなざわ薬局0山形県米沢市花沢町２６８６－５" }, "geometry": { "type": "Point", "coordinates": [ 140.122037, 37.918648 ] } },
{ "type": "Feature", "properties": { "ID": 65300000224, "正式名称": "アイセイ薬局　米沢東店", "機関区分": 5, "都道府県コード": 6, "市区町村コード": 202, "所在地": "山形県米沢市東１丁目３－２１", "緯度": 37.904109, "経度": 140.128047, "url": "https://www.iryou.teikyouseido.mhlw.go.jp/znk-web/juminkanja/S2430/initialize?prefCd=06&kikanCd=300000224&kikanKbn=nan", "url2": null, "内容": "アイセイ薬局　米沢東店0山形県米沢市東１丁目３－２１" }, "geometry": { "type": "Point", "coordinates": [ 140.128047, 37.904109 ] } },
{ "type": "Feature", "properties": { "ID": 65300000225, "正式名称": "フレンド薬局", "機関区分": 5, "都道府県コード": 6, "市区町村コード": 202, "所在地": "山形県米沢市万世町金谷６６４－１", "緯度": 37.903859, "経度": 140.149248, "url": "https://www.iryou.teikyouseido.mhlw.go.jp/znk-web/juminkanja/S2430/initialize?prefCd=06&kikanCd=300000225&kikanKbn=nan", "url2": "https://www.friend-yk.jp/", "内容": "フレンド薬局0山形県米沢市万世町金谷６６４－１" }, "geometry": { "type": "Point", "coordinates": [ 140.149248, 37.903859 ] } },
{ "type": "Feature", "properties": { "ID": 65300000226, "正式名称": "アイン薬局　米沢東店", "機関区分": 5, "都道府県コード": 6, "市区町村コード": 202, "所在地": "山形県米沢市アルカディア１丁目８０８−３２", "緯度": 37.91116, "経度": 140.142667, "url": "https://www.iryou.teikyouseido.mhlw.go.jp/znk-web/juminkanja/S2430/initialize?prefCd=06&kikanCd=300000226&kikanKbn=nan", "url2": "https://www.ainj.co.jp/", "内容": "アイン薬局　米沢東店0山形県米沢市アルカディア１丁目８０８−３２" }, "geometry": { "type": "Point", "coordinates": [ 140.142667, 37.91116 ] } },
{ "type": "Feature", "properties": { "ID": 65300000227, "正式名称": "かわにし調剤薬局", "機関区分": 5, "都道府県コード": 6, "市区町村コード": 382, "所在地": "山形県東置賜郡川西町上小松９１５－５", "緯度": 38.002337, "経度": 140.052333, "url": "https://www.iryou.teikyouseido.mhlw.go.jp/znk-web/juminkanja/S2430/initialize?prefCd=06&kikanCd=300000227&kikanKbn=nan", "url2": "yaqtasu.co.jp", "内容": "かわにし調剤薬局0山形県東置賜郡川西町上小松９１５－５" }, "geometry": { "type": "Point", "coordinates": [ 140.052333, 38.002337 ] } },
{ "type": "Feature", "properties": { "ID": 65300000296, "正式名称": "ミドリ薬局長井店", "機関区分": 5, "都道府県コード": 6, "市区町村コード": 209, "所在地": "山形県長井市ままの上", "緯度": 38.107444, "経度": 140.03923, "url": "https://www.iryou.teikyouseido.mhlw.go.jp/znk-web/juminkanja/S2430/initialize?prefCd=06&kikanCd=300000296&kikanKbn=nan", "url2": null, "内容": "ミドリ薬局長井店0山形県長井市ままの上" }, "geometry": { "type": "Point", "coordinates": [ 140.03923, 38.107444 ] } },
{ "type": "Feature", "properties": { "ID": 65300000298, "正式名称": "ながい調剤薬局", "機関区分": 5, "都道府県コード": 6, "市区町村コード": 209, "所在地": "山形県長井市栄町１０－２", "緯度": 38.109141, "経度": 140.038752, "url": "https://www.iryou.teikyouseido.mhlw.go.jp/znk-web/juminkanja/S2430/initialize?prefCd=06&kikanCd=300000298&kikanKbn=nan", "url2": null, "内容": "ながい調剤薬局0山形県長井市栄町１０－２" }, "geometry": { "type": "Point", "coordinates": [ 140.038752, 38.109141 ] } },
{ "type": "Feature", "properties": { "ID": 65300000305, "正式名称": "ゆり調剤薬局", "機関区分": 5, "都道府県コード": 6, "市区町村コード": 403, "所在地": "山形県西置賜郡飯豊町椿", "緯度": 38.042949, "経度": 139.995098, "url": "https://www.iryou.teikyouseido.mhlw.go.jp/znk-web/juminkanja/S2430/initialize?prefCd=06&kikanCd=300000305&kikanKbn=nan", "url2": "http://www.pharmacy-suzu.com/", "内容": "ゆり調剤薬局0山形県西置賜郡飯豊町椿" }, "geometry": { "type": "Point", "coordinates": [ 139.995098, 38.042949 ] } },
{ "type": "Feature", "properties": { "ID": 65300000306, "正式名称": "大町調剤薬局", "機関区分": 5, "都道府県コード": 6, "市区町村コード": 209, "所在地": "山形県長井市大町８－８", "緯度": 38.109921, "経度": 140.037888, "url": "https://www.iryou.teikyouseido.mhlw.go.jp/znk-web/juminkanja/S2430/initialize?prefCd=06&kikanCd=300000306&kikanKbn=nan", "url2": "http://www.e-classa.net/oomachi/", "内容": "大町調剤薬局0山形県長井市大町８－８" }, "geometry": { "type": "Point", "coordinates": [ 140.037888, 38.109921 ] } },
{ "type": "Feature", "properties": { "ID": 65300000308, "正式名称": "あらと調剤薬局", "機関区分": 5, "都道府県コード": 6, "市区町村コード": 402, "所在地": "山形県西置賜郡白鷹町荒砥甲１０５７－６", "緯度": 38.185248, "経度": 140.10036, "url": "https://www.iryou.teikyouseido.mhlw.go.jp/znk-web/juminkanja/S2430/initialize?prefCd=06&kikanCd=300000308&kikanKbn=nan", "url2": "https://pharmacy-suzu.com/", "内容": "あらと調剤薬局0山形県西置賜郡白鷹町荒砥甲１０５７－６" }, "geometry": { "type": "Point", "coordinates": [ 140.10036, 38.185248 ] } },
{ "type": "Feature", "properties": { "ID": 65300000313, "正式名称": "アップル薬局", "機関区分": 5, "都道府県コード": 6, "市区町村コード": 209, "所在地": "山形県長井市大町９－２６", "緯度": 38.109896, "経度": 140.039568, "url": "https://www.iryou.teikyouseido.mhlw.go.jp/znk-web/juminkanja/S2430/initialize?prefCd=06&kikanCd=300000313&kikanKbn=nan", "url2": "https://applecarenet.jp/", "内容": "アップル薬局0山形県長井市大町９－２６" }, "geometry": { "type": "Point", "coordinates": [ 140.039568, 38.109896 ] } },
{ "type": "Feature", "properties": { "ID": 65300000314, "正式名称": "あやめ調剤薬局", "機関区分": 5, "都道府県コード": 6, "市区町村コード": 209, "所在地": "山形県長井市大町９−２２", "緯度": 38.110463, "経度": 140.039618, "url": "https://www.iryou.teikyouseido.mhlw.go.jp/znk-web/juminkanja/S2430/initialize?prefCd=06&kikanCd=300000314&kikanKbn=nan", "url2": "https://pharmacy-suzu.com/", "内容": "あやめ調剤薬局0山形県長井市大町９−２２" }, "geometry": { "type": "Point", "coordinates": [ 140.039618, 38.110463 ] } },
{ "type": "Feature", "properties": { "ID": 65300000414, "正式名称": "ふくだまち薬局", "機関区分": 5, "都道府県コード": 6, "市区町村コード": 202, "所在地": "山形県米沢市福田町２丁１番５２号", "緯度": 37.903645, "経度": 140.118946, "url": "https://www.iryou.teikyouseido.mhlw.go.jp/znk-web/juminkanja/S2430/initialize?prefCd=06&kikanCd=300000414&kikanKbn=nan", "url2": null, "内容": "ふくだまち薬局0山形県米沢市福田町２丁１番５２号" }, "geometry": { "type": "Point", "coordinates": [ 140.118946, 37.903645 ] } },
{ "type": "Feature", "properties": { "ID": 65300000415, "正式名称": "コジマ薬局", "機関区分": 5, "都道府県コード": 6, "市区町村コード": 202, "所在地": "山形県米沢市大町", "緯度": 37.903476, "経度": 140.11118, "url": "https://www.iryou.teikyouseido.mhlw.go.jp/znk-web/juminkanja/S2430/initialize?prefCd=06&kikanCd=300000415&kikanKbn=nan", "url2": null, "内容": "コジマ薬局0山形県米沢市大町" }, "geometry": { "type": "Point", "coordinates": [ 140.11118, 37.903476 ] } },
{ "type": "Feature", "properties": { "ID": 65300000416, "正式名称": "丸喜薬局", "機関区分": 5, "都道府県コード": 6, "市区町村コード": 202, "所在地": "山形県米沢市松が岬３－６－１６", "緯度": 37.911702, "経度": 140.100036, "url": "https://www.iryou.teikyouseido.mhlw.go.jp/znk-web/juminkanja/S2430/initialize?prefCd=06&kikanCd=300000416&kikanKbn=nan", "url2": "https://www.marukiph.com/%e4%b8%b8%e5%96%9c%e8%96%ac%e5%b1%80%e6%9c%ac%e5%ba%97", "内容": "丸喜薬局0山形県米沢市松が岬３－６－１６" }, "geometry": { "type": "Point", "coordinates": [ 140.100036, 37.911702 ] } },
{ "type": "Feature", "properties": { "ID": 65300000421, "正式名称": "有限会社山本調剤薬局", "機関区分": 5, "都道府県コード": 6, "市区町村コード": 202, "所在地": "山形県米沢市中央７丁目４−４６", "緯度": 37.919832, "経度": 140.10786, "url": "https://www.iryou.teikyouseido.mhlw.go.jp/znk-web/juminkanja/S2430/initialize?prefCd=06&kikanCd=300000421&kikanKbn=nan", "url2": "?", "内容": "有限会社山本調剤薬局0山形県米沢市中央７丁目４−４６" }, "geometry": { "type": "Point", "coordinates": [ 140.10786, 37.919832 ] } },
{ "type": "Feature", "properties": { "ID": 65300000423, "正式名称": "有限会社アリス調剤薬局", "機関区分": 5, "都道府県コード": 6, "市区町村コード": 202, "所在地": "山形県米沢市中央", "緯度": 37.917615, "経度": 140.106735, "url": "https://www.iryou.teikyouseido.mhlw.go.jp/znk-web/juminkanja/S2430/initialize?prefCd=06&kikanCd=300000423&kikanKbn=nan", "url2": null, "内容": "有限会社アリス調剤薬局0山形県米沢市中央" }, "geometry": { "type": "Point", "coordinates": [ 140.106735, 37.917615 ] } },
{ "type": "Feature", "properties": { "ID": 65300000425, "正式名称": "有限会社　昌生堂薬局", "機関区分": 5, "都道府県コード": 6, "市区町村コード": 202, "所在地": "山形県米沢市中央６丁目１−２０８", "緯度": 37.919443, "経度": 140.103833, "url": "https://www.iryou.teikyouseido.mhlw.go.jp/znk-web/juminkanja/S2430/initialize?prefCd=06&kikanCd=300000425&kikanKbn=nan", "url2": null, "内容": "有限会社　昌生堂薬局0山形県米沢市中央６丁目１−２０８" }, "geometry": { "type": "Point", "coordinates": [ 140.103833, 37.919443 ] } },
{ "type": "Feature", "properties": { "ID": 65300000426, "正式名称": "金池薬局", "機関区分": 5, "都道府県コード": 6, "市区町村コード": 202, "所在地": "山形県米沢市中央３－６－１９", "緯度": 37.915999, "経度": 140.11199, "url": "https://www.iryou.teikyouseido.mhlw.go.jp/znk-web/juminkanja/S2430/initialize?prefCd=06&kikanCd=300000426&kikanKbn=nan", "url2": "https://y-yaku.or.jp/pharmacy/yk461/", "内容": "金池薬局0山形県米沢市中央３－６－１９" }, "geometry": { "type": "Point", "coordinates": [ 140.11199, 37.915999 ] } },
{ "type": "Feature", "properties": { "ID": 65300000429, "正式名称": "コアラ薬局", "機関区分": 5, "都道府県コード": 6, "市区町村コード": 202, "所在地": "山形県米沢市大町４－４－１１", "緯度": 37.910436, "経度": 140.114866, "url": "https://www.iryou.teikyouseido.mhlw.go.jp/znk-web/juminkanja/S2430/initialize?prefCd=06&kikanCd=300000429&kikanKbn=nan", "url2": null, "内容": "コアラ薬局0山形県米沢市大町４－４－１１" }, "geometry": { "type": "Point", "coordinates": [ 140.114866, 37.910436 ] } },
{ "type": "Feature", "properties": { "ID": 65300000435, "正式名称": "やまなみ調剤薬局", "機関区分": 5, "都道府県コード": 6, "市区町村コード": 202, "所在地": "山形県米沢市川井小路１－５", "緯度": 37.915363, "経度": 140.116082, "url": "https://www.iryou.teikyouseido.mhlw.go.jp/znk-web/juminkanja/S2430/initialize?prefCd=06&kikanCd=300000435&kikanKbn=nan", "url2": null, "内容": "やまなみ調剤薬局0山形県米沢市川井小路１－５" }, "geometry": { "type": "Point", "coordinates": [ 140.116082, 37.915363 ] } },
{ "type": "Feature", "properties": { "ID": 65300000438, "正式名称": "コスモ調剤薬局太田町店", "機関区分": 5, "都道府県コード": 6, "市区町村コード": 202, "所在地": "山形県米沢市太田町５丁目１５３０－７０", "緯度": 37.888408, "経度": 140.113734, "url": "https://www.iryou.teikyouseido.mhlw.go.jp/znk-web/juminkanja/S2430/initialize?prefCd=06&kikanCd=300000438&kikanKbn=nan", "url2": "http://www.cosmo-ph.co.jp/", "内容": "コスモ調剤薬局太田町店0山形県米沢市太田町５丁目１５３０－７０" }, "geometry": { "type": "Point", "coordinates": [ 140.113734, 37.888408 ] } },
{ "type": "Feature", "properties": { "ID": 65300000439, "正式名称": "（株）大東本店薬局", "機関区分": 5, "都道府県コード": 6, "市区町村コード": 213, "所在地": "山形県南陽市宮内２５２４", "緯度": 38.072858, "経度": 140.140022, "url": "https://www.iryou.teikyouseido.mhlw.go.jp/znk-web/juminkanja/S2430/initialize?prefCd=06&kikanCd=300000439&kikanKbn=nan", "url2": "?", "内容": "（株）大東本店薬局0山形県南陽市宮内２５２４" }, "geometry": { "type": "Point", "coordinates": [ 140.140022, 38.072858 ] } },
{ "type": "Feature", "properties": { "ID": 65300000445, "正式名称": "たんぽぽ調剤薬局　赤湯店", "機関区分": 5, "都道府県コード": 6, "市区町村コード": 213, "所在地": "山形県南陽市赤湯３４６－７３", "緯度": 38.047559, "経度": 140.163985, "url": "https://www.iryou.teikyouseido.mhlw.go.jp/znk-web/juminkanja/S2430/initialize?prefCd=06&kikanCd=300000445&kikanKbn=nan", "url2": null, "内容": "たんぽぽ調剤薬局　赤湯店0山形県南陽市赤湯３４６－７３" }, "geometry": { "type": "Point", "coordinates": [ 140.163985, 38.047559 ] } },
{ "type": "Feature", "properties": { "ID": 65300000446, "正式名称": "ゆうき調剤薬局", "機関区分": 5, "都道府県コード": 6, "市区町村コード": 213, "所在地": "山形県南陽市赤湯２８７５−５", "緯度": 38.046554, "経度": 140.173043, "url": "https://www.iryou.teikyouseido.mhlw.go.jp/znk-web/juminkanja/S2430/initialize?prefCd=06&kikanCd=300000446&kikanKbn=nan", "url2": null, "内容": "ゆうき調剤薬局0山形県南陽市赤湯２８７５−５" }, "geometry": { "type": "Point", "coordinates": [ 140.173043, 38.046554 ] } },
{ "type": "Feature", "properties": { "ID": 65300000452, "正式名称": "ユニスマイル薬局　あいのもり店", "機関区分": 5, "都道府県コード": 6, "市区町村コード": 381, "所在地": "山形県東置賜郡高畠町高畠渋作２９９ー１０", "緯度": 38.002588, "経度": 140.189838, "url": "https://www.iryou.teikyouseido.mhlw.go.jp/znk-web/juminkanja/S2430/initialize?prefCd=06&kikanCd=300000452&kikanKbn=nan", "url2": "http://www.unismile.co.jp", "内容": "ユニスマイル薬局　あいのもり店0山形県東置賜郡高畠町高畠渋作２９９ー１０" }, "geometry": { "type": "Point", "coordinates": [ 140.189838, 38.002588 ] } },
{ "type": "Feature", "properties": { "ID": 65300000455, "正式名称": "ＳＳ調剤薬局", "機関区分": 5, "都道府県コード": 6, "市区町村コード": 381, "所在地": "山形県東置賜郡高畠町高畠３９３－７", "緯度": 38.00087, "経度": 140.191236, "url": "https://www.iryou.teikyouseido.mhlw.go.jp/znk-web/juminkanja/S2430/initialize?prefCd=06&kikanCd=300000455&kikanKbn=nan", "url2": "http://higashine-chuo-pharmacy.com/ss.html", "内容": "ＳＳ調剤薬局0山形県東置賜郡高畠町高畠３９３－７" }, "geometry": { "type": "Point", "coordinates": [ 140.191236, 38.00087 ] } },
{ "type": "Feature", "properties": { "ID": 65300000459, "正式名称": "天神森調剤薬局", "機関区分": 5, "都道府県コード": 6, "市区町村コード": 382, "所在地": "山形県東置賜郡川西町上小松１４１７－２", "緯度": 38.007901, "経度": 140.050294, "url": "https://www.iryou.teikyouseido.mhlw.go.jp/znk-web/juminkanja/S2430/initialize?prefCd=06&kikanCd=300000459&kikanKbn=nan", "url2": "https://y-pres.jp/", "内容": "天神森調剤薬局0山形県東置賜郡川西町上小松１４１７－２" }, "geometry": { "type": "Point", "coordinates": [ 140.050294, 38.007901 ] } },
{ "type": "Feature", "properties": { "ID": 65300000870, "正式名称": "白い森調剤薬局", "機関区分": 5, "都道府県コード": 6, "市区町村コード": 401, "所在地": "山形県西置賜郡小国町大字岩井沢５４８−１５", "緯度": 38.058389, "経度": 139.754597, "url": "https://www.iryou.teikyouseido.mhlw.go.jp/znk-web/juminkanja/S2430/initialize?prefCd=06&kikanCd=300000870&kikanKbn=nan", "url2": "?", "内容": "白い森調剤薬局0山形県西置賜郡小国町大字岩井沢５４８−１５" }, "geometry": { "type": "Point", "coordinates": [ 139.754597, 38.058389 ] } },
{ "type": "Feature", "properties": { "ID": 65300000883, "正式名称": "ほし薬局", "機関区分": 5, "都道府県コード": 6, "市区町村コード": 381, "所在地": "山形県東置賜郡高畠町泉岡４２６－１", "緯度": 37.999453, "経度": 140.187499, "url": "https://www.iryou.teikyouseido.mhlw.go.jp/znk-web/juminkanja/S2430/initialize?prefCd=06&kikanCd=300000883&kikanKbn=nan", "url2": "https://www.pref.yamagata.jp/medical-net/ds/index.php#InputTop", "内容": "ほし薬局0山形県東置賜郡高畠町泉岡４２６－１" }, "geometry": { "type": "Point", "coordinates": [ 140.187499, 37.999453 ] } },
{ "type": "Feature", "properties": { "ID": 65300001202, "正式名称": "アップル薬局おきたま店", "機関区分": 5, "都道府県コード": 6, "市区町村コード": 382, "所在地": "山形県東置賜郡川西町西大塚１３８１－４", "緯度": 38.050687, "経度": 140.056891, "url": "https://www.iryou.teikyouseido.mhlw.go.jp/znk-web/juminkanja/S2430/initialize?prefCd=06&kikanCd=300001202&kikanKbn=nan", "url2": "https://applecarenet.jp/", "内容": "アップル薬局おきたま店0山形県東置賜郡川西町西大塚１３８１－４" }, "geometry": { "type": "Point", "coordinates": [ 140.056891, 38.050687 ] } },
{ "type": "Feature", "properties": { "ID": 65300002077, "正式名称": "アップル薬局　美女木店", "機関区分": 5, "都道府県コード": 6, "市区町村コード": 382, "所在地": "山形県東置賜郡川西町上小松字美女木１０７８－７", "緯度": 38.003899, "経度": 140.050748, "url": "https://www.iryou.teikyouseido.mhlw.go.jp/znk-web/juminkanja/S2430/initialize?prefCd=06&kikanCd=300002077&kikanKbn=nan", "url2": "http://www.applecarenet.jp/", "内容": "アップル薬局　美女木店0山形県東置賜郡川西町上小松字美女木１０７８－７" }, "geometry": { "type": "Point", "coordinates": [ 140.050748, 38.003899 ] } },
{ "type": "Feature", "properties": { "ID": 65300002094, "正式名称": "いいでワゴー薬局", "機関区分": 5, "都道府県コード": 6, "市区町村コード": 403, "所在地": "山形県西置賜郡飯豊町萩生４２８４－７", "緯度": 38.060356, "経度": 139.999555, "url": "https://www.iryou.teikyouseido.mhlw.go.jp/znk-web/juminkanja/S2430/initialize?prefCd=06&kikanCd=300002094&kikanKbn=nan", "url2": "?", "内容": "いいでワゴー薬局0山形県西置賜郡飯豊町萩生４２８４－７" }, "geometry": { "type": "Point", "coordinates": [ 139.999555, 38.060356 ] } },
{ "type": "Feature", "properties": { "ID": 65300002158, "正式名称": "まるき薬局", "機関区分": 5, "都道府県コード": 6, "市区町村コード": 202, "所在地": "山形県米沢市林泉寺２−２−９７", "緯度": 37.902248, "経度": 140.099087, "url": "https://www.iryou.teikyouseido.mhlw.go.jp/znk-web/juminkanja/S2430/initialize?prefCd=06&kikanCd=300002158&kikanKbn=nan", "url2": "http://www.marukiph.com/", "内容": "まるき薬局0山形県米沢市林泉寺２−２−９７" }, "geometry": { "type": "Point", "coordinates": [ 140.099087, 37.902248 ] } },
{ "type": "Feature", "properties": { "ID": 65300002176, "正式名称": "たかはた調剤薬局", "機関区分": 5, "都道府県コード": 6, "市区町村コード": 381, "所在地": "山形県東置賜郡高畠町高畠２７６－１６", "緯度": 37.999226, "経度": 140.191513, "url": "https://www.iryou.teikyouseido.mhlw.go.jp/znk-web/juminkanja/S2430/initialize?prefCd=06&kikanCd=300002176&kikanKbn=nan", "url2": "https://www.emc-fureai.jp/", "内容": "たかはた調剤薬局0山形県東置賜郡高畠町高畠２７６－１６" }, "geometry": { "type": "Point", "coordinates": [ 140.191513, 37.999226 ] } },
{ "type": "Feature", "properties": { "ID": 65300002177, "正式名称": "十王調剤薬局", "機関区分": 5, "都道府県コード": 6, "市区町村コード": 402, "所在地": "山形県西置賜郡白鷹町十王５０５９－１６", "緯度": 38.192945, "経度": 140.124032, "url": "https://www.iryou.teikyouseido.mhlw.go.jp/znk-web/juminkanja/S2430/initialize?prefCd=06&kikanCd=300002177&kikanKbn=nan", "url2": "http://www.jyuoutyouzai-yakkyoku.co.jp", "内容": "十王調剤薬局0山形県西置賜郡白鷹町十王５０５９－１６" }, "geometry": { "type": "Point", "coordinates": [ 140.124032, 38.192945 ] } },
{ "type": "Feature", "properties": { "ID": 65300002201, "正式名称": "あやめ薬局駅前店", "機関区分": 5, "都道府県コード": 6, "市区町村コード": 209, "所在地": "山形県長井市栄町４番２０－１号", "緯度": 38.1069, "経度": 140.036915, "url": "https://www.iryou.teikyouseido.mhlw.go.jp/znk-web/juminkanja/S2430/initialize?prefCd=06&kikanCd=300002201&kikanKbn=nan", "url2": "http://pharmacy-suzu.com/", "内容": "あやめ薬局駅前店0山形県長井市栄町４番２０－１号" }, "geometry": { "type": "Point", "coordinates": [ 140.036915, 38.1069 ] } },
{ "type": "Feature", "properties": { "ID": 65300002284, "正式名称": "かすが薬局", "機関区分": 5, "都道府県コード": 6, "市区町村コード": 202, "所在地": "山形県米沢市春日２－３－５１", "緯度": 37.922298, "経度": 140.109535, "url": "https://www.iryou.teikyouseido.mhlw.go.jp/znk-web/juminkanja/S2430/initialize?prefCd=06&kikanCd=300002284&kikanKbn=nan", "url2": null, "内容": "かすが薬局0山形県米沢市春日２－３－５１" }, "geometry": { "type": "Point", "coordinates": [ 140.109535, 37.922298 ] } },
{ "type": "Feature", "properties": { "ID": 65300002300, "正式名称": "さぶろう調剤薬局荒町店", "機関区分": 5, "都道府県コード": 6, "市区町村コード": 381, "所在地": "山形県東置賜郡高畠町高畠１１３６−６", "緯度": 38.002465, "経度": 140.201358, "url": "https://www.iryou.teikyouseido.mhlw.go.jp/znk-web/juminkanja/S2430/initialize?prefCd=06&kikanCd=300002300&kikanKbn=nan", "url2": null, "内容": "さぶろう調剤薬局荒町店0山形県東置賜郡高畠町高畠１１３６−６" }, "geometry": { "type": "Point", "coordinates": [ 140.201358, 38.002465 ] } },
{ "type": "Feature", "properties": { "ID": 65300002363, "正式名称": "南中前調剤薬局", "機関区分": 5, "都道府県コード": 6, "市区町村コード": 209, "所在地": "山形県長井市泉１９２６－１３", "緯度": 38.087826, "経度": 140.036658, "url": "https://www.iryou.teikyouseido.mhlw.go.jp/znk-web/juminkanja/S2430/initialize?prefCd=06&kikanCd=300002363&kikanKbn=nan", "url2": "https://yppp.jp/pharmacy/qxm3gl7o", "内容": "南中前調剤薬局0山形県長井市泉１９２６－１３" }, "geometry": { "type": "Point", "coordinates": [ 140.036658, 38.087826 ] } },
{ "type": "Feature", "properties": { "ID": 65300002433, "正式名称": "有限会社ひまわり調剤薬局", "機関区分": 5, "都道府県コード": 6, "市区町村コード": 209, "所在地": "山形県長井市あら町６−４９", "緯度": 38.101206, "経度": 140.03875, "url": "https://www.iryou.teikyouseido.mhlw.go.jp/znk-web/juminkanja/S2430/initialize?prefCd=06&kikanCd=300002433&kikanKbn=nan", "url2": "http://www.e-classa.net/himawari-yamagata/", "内容": "有限会社ひまわり調剤薬局0山形県長井市あら町６−４９" }, "geometry": { "type": "Point", "coordinates": [ 140.03875, 38.101206 ] } },
{ "type": "Feature", "properties": { "ID": 65300002572, "正式名称": "にこにこ薬局", "機関区分": 5, "都道府県コード": 6, "市区町村コード": 213, "所在地": "山形県南陽市赤湯３９３番地４", "緯度": 38.047106, "経度": 140.166549, "url": "https://www.iryou.teikyouseido.mhlw.go.jp/znk-web/juminkanja/S2430/initialize?prefCd=06&kikanCd=300002572&kikanKbn=nan", "url2": null, "内容": "にこにこ薬局0山形県南陽市赤湯３９３番地４" }, "geometry": { "type": "Point", "coordinates": [ 140.166549, 38.047106 ] } },
{ "type": "Feature", "properties": { "ID": 65300002607, "正式名称": "コスモ調剤薬局高畠店", "機関区分": 5, "都道府県コード": 6, "市区町村コード": 381, "所在地": "山形県東置賜郡高畠町相森", "緯度": 38.003867, "経度": 140.183302, "url": "https://www.iryou.teikyouseido.mhlw.go.jp/znk-web/juminkanja/S2430/initialize?prefCd=06&kikanCd=300002607&kikanKbn=nan", "url2": "http://www.cosmo-ph.co.jp/", "内容": "コスモ調剤薬局高畠店0山形県東置賜郡高畠町相森" }, "geometry": { "type": "Point", "coordinates": [ 140.183302, 38.003867 ] } },
{ "type": "Feature", "properties": { "ID": 65300002693, "正式名称": "あおい調剤薬局", "機関区分": 5, "都道府県コード": 6, "市区町村コード": 213, "所在地": "山形県南陽市椚塚１６８６－３", "緯度": 38.044009, "経度": 140.159469, "url": "https://www.iryou.teikyouseido.mhlw.go.jp/znk-web/juminkanja/S2430/initialize?prefCd=06&kikanCd=300002693&kikanKbn=nan", "url2": "http://www.e-classa.net/aoi/", "内容": "あおい調剤薬局0山形県南陽市椚塚１６８６－３" }, "geometry": { "type": "Point", "coordinates": [ 140.159469, 38.044009 ] } },
{ "type": "Feature", "properties": { "ID": 65300002783, "正式名称": "コスモ調剤薬局御廟店", "機関区分": 5, "都道府県コード": 6, "市区町村コード": 202, "所在地": "山形県米沢市御廟３丁目２－５", "緯度": 37.905778, "経度": 140.095457, "url": "https://www.iryou.teikyouseido.mhlw.go.jp/znk-web/juminkanja/S2430/initialize?prefCd=06&kikanCd=300002783&kikanKbn=nan", "url2": "http://www.cosmo-ph.co.jp/", "内容": "コスモ調剤薬局御廟店0山形県米沢市御廟３丁目２－５" }, "geometry": { "type": "Point", "coordinates": [ 140.095457, 37.905778 ] } },
{ "type": "Feature", "properties": { "ID": 65300002848, "正式名称": "ゆうき薬局　桜木町店", "機関区分": 5, "都道府県コード": 6, "市区町村コード": 213, "所在地": "山形県南陽市三間通１２６－６", "緯度": 38.048159, "経度": 140.151947, "url": "https://www.iryou.teikyouseido.mhlw.go.jp/znk-web/juminkanja/S2430/initialize?prefCd=06&kikanCd=300002848&kikanKbn=nan", "url2": "https://act-medical2012.co.jp/", "内容": "ゆうき薬局　桜木町店0山形県南陽市三間通１２６－６" }, "geometry": { "type": "Point", "coordinates": [ 140.151947, 38.048159 ] } },
{ "type": "Feature", "properties": { "ID": 65300002870, "正式名称": "有限会社ハヤシ薬局", "機関区分": 5, "都道府県コード": 6, "市区町村コード": 202, "所在地": "山形県米沢市駅前", "緯度": 37.911508, "経度": 140.12406, "url": "https://www.iryou.teikyouseido.mhlw.go.jp/znk-web/juminkanja/S2430/initialize?prefCd=06&kikanCd=300002870&kikanKbn=nan", "url2": "https://kanpohayashi.jp/", "内容": "有限会社ハヤシ薬局0山形県米沢市駅前" }, "geometry": { "type": "Point", "coordinates": [ 140.12406, 37.911508 ] } },
{ "type": "Feature", "properties": { "ID": 65300002916, "正式名称": "コスモ調剤薬局金池南店", "機関区分": 5, "都道府県コード": 6, "市区町村コード": 202, "所在地": "山形県米沢市金池２－６－３２", "緯度": 37.919114, "経度": 140.114303, "url": "https://www.iryou.teikyouseido.mhlw.go.jp/znk-web/juminkanja/S2430/initialize?prefCd=06&kikanCd=300002916&kikanKbn=nan", "url2": "http://www.cosmo-ph.co.jp/", "内容": "コスモ調剤薬局金池南店0山形県米沢市金池２－６－３２" }, "geometry": { "type": "Point", "coordinates": [ 140.114303, 37.919114 ] } },
{ "type": "Feature", "properties": { "ID": 65300003247, "正式名称": "さくら薬局　米沢木場店", "機関区分": 5, "都道府県コード": 6, "市区町村コード": 202, "所在地": "山形県米沢市木場町３－９", "緯度": 37.916273, "経度": 140.094532, "url": "https://www.iryou.teikyouseido.mhlw.go.jp/znk-web/juminkanja/S2430/initialize?prefCd=06&kikanCd=300003247&kikanKbn=nan", "url2": "https://www.kraft-net.co.jp/sakura/store/3308/", "内容": "さくら薬局　米沢木場店0山形県米沢市木場町３－９" }, "geometry": { "type": "Point", "coordinates": [ 140.094532, 37.916273 ] } },
{ "type": "Feature", "properties": { "ID": 65300003423, "正式名称": "有限会社アリカベ薬局", "機関区分": 5, "都道府県コード": 6, "市区町村コード": 202, "所在地": "山形県米沢市中央１−１２−２６", "緯度": 37.914696, "経度": 140.110527, "url": "https://www.iryou.teikyouseido.mhlw.go.jp/znk-web/juminkanja/S2430/initialize?prefCd=06&kikanCd=300003423&kikanKbn=nan", "url2": null, "内容": "有限会社アリカベ薬局0山形県米沢市中央１−１２−２６" }, "geometry": { "type": "Point", "coordinates": [ 140.110527, 37.914696 ] } },
{ "type": "Feature", "properties": { "ID": 65300003553, "正式名称": "やまがたアイ薬局", "機関区分": 5, "都道府県コード": 6, "市区町村コード": 381, "所在地": "山形県東置賜郡高畠町福沢５９６－４", "緯度": 37.992991, "経度": 140.146241, "url": "https://www.iryou.teikyouseido.mhlw.go.jp/znk-web/juminkanja/S2430/initialize?prefCd=06&kikanCd=300003553&kikanKbn=nan", "url2": "https://www.aipharmacy.net/", "内容": "やまがたアイ薬局0山形県東置賜郡高畠町福沢５９６－４" }, "geometry": { "type": "Point", "coordinates": [ 140.146241, 37.992991 ] } },
{ "type": "Feature", "properties": { "ID": 65300003647, "正式名称": "うさぎ森薬局", "機関区分": 5, "都道府県コード": 6, "市区町村コード": 213, "所在地": "山形県南陽市島貫５９９−７", "緯度": 38.047338, "経度": 140.144722, "url": "https://www.iryou.teikyouseido.mhlw.go.jp/znk-web/juminkanja/S2430/initialize?prefCd=06&kikanCd=300003647&kikanKbn=nan", "url2": "https://forest-pharmacy.com", "内容": "うさぎ森薬局0山形県南陽市島貫５９９−７" }, "geometry": { "type": "Point", "coordinates": [ 140.144722, 38.047338 ] } },
{ "type": "Feature", "properties": { "ID": 65300003699, "正式名称": "チェリー薬局", "機関区分": 5, "都道府県コード": 6, "市区町村コード": 209, "所在地": "山形県長井市成田１８９０－１０", "緯度": 38.12624, "経度": 140.03816, "url": "https://www.iryou.teikyouseido.mhlw.go.jp/znk-web/juminkanja/S2430/initialize?prefCd=06&kikanCd=300003699&kikanKbn=nan", "url2": null, "内容": "チェリー薬局0山形県長井市成田１８９０－１０" }, "geometry": { "type": "Point", "coordinates": [ 140.03816, 38.12624 ] } },
{ "type": "Feature", "properties": { "ID": 65300003828, "正式名称": "そうごう薬局　金池店", "機関区分": 5, "都道府県コード": 6, "市区町村コード": 202, "所在地": "山形県米沢市金池６丁目４番５号", "緯度": 37.925458, "経度": 140.115668, "url": "https://www.iryou.teikyouseido.mhlw.go.jp/znk-web/juminkanja/S2430/initialize?prefCd=06&kikanCd=300003828&kikanKbn=nan", "url2": "http://www.sogo-medical.co.jp/sogopharmacy/shop/view/460", "内容": "そうごう薬局　金池店0山形県米沢市金池６丁目４番５号" }, "geometry": { "type": "Point", "coordinates": [ 140.115668, 37.925458 ] } },
{ "type": "Feature", "properties": { "ID": 65300003830, "正式名称": "ひまわり調剤薬局　本町店", "機関区分": 5, "都道府県コード": 6, "市区町村コード": 209, "所在地": "山形県長井市本町１丁目９－２８", "緯度": 38.105568, "経度": 140.036928, "url": "https://www.iryou.teikyouseido.mhlw.go.jp/znk-web/juminkanja/S2430/initialize?prefCd=06&kikanCd=300003830&kikanKbn=nan", "url2": null, "内容": "ひまわり調剤薬局　本町店0山形県長井市本町１丁目９－２８" }, "geometry": { "type": "Point", "coordinates": [ 140.036928, 38.105568 ] } },
{ "type": "Feature", "properties": { "ID": 65300003859, "正式名称": "あらまち調剤薬局", "機関区分": 5, "都道府県コード": 6, "市区町村コード": 202, "所在地": "山形県米沢市中央５－３－３０", "緯度": 37.919352, "経度": 140.109323, "url": "https://www.iryou.teikyouseido.mhlw.go.jp/znk-web/juminkanja/S2430/initialize?prefCd=06&kikanCd=300003859&kikanKbn=nan", "url2": "https://arpharma.xsrv.jp/", "内容": "あらまち調剤薬局0山形県米沢市中央５－３－３０" }, "geometry": { "type": "Point", "coordinates": [ 140.109323, 37.919352 ] } },
{ "type": "Feature", "properties": { "ID": 65300003865, "正式名称": "えぼし薬局　宮内店", "機関区分": 5, "都道府県コード": 6, "市区町村コード": 213, "所在地": "山形県南陽市宮内３５０６", "緯度": 38.078271, "経度": 140.139629, "url": "https://www.iryou.teikyouseido.mhlw.go.jp/znk-web/juminkanja/S2430/initialize?prefCd=06&kikanCd=300003865&kikanKbn=nan", "url2": null, "内容": "えぼし薬局　宮内店0山形県南陽市宮内３５０６" }, "geometry": { "type": "Point", "coordinates": [ 140.139629, 38.078271 ] } },
{ "type": "Feature", "properties": { "ID": 65300003878, "正式名称": "さくら薬局　米沢成島店", "機関区分": 5, "都道府県コード": 6, "市区町村コード": 202, "所在地": "山形県米沢市成島町２丁目１－３４", "緯度": 37.0, "経度": 140.0, "url": "https://www.iryou.teikyouseido.mhlw.go.jp/znk-web/juminkanja/S2430/initialize?prefCd=06&kikanCd=300003878&kikanKbn=nan", "url2": "https://www.kraft-net.co.jp/sakura/store/3706/", "内容": "さくら薬局　米沢成島店0山形県米沢市成島町２丁目１－３４" }, "geometry": { "type": "Point", "coordinates": [ 140.0, 37.0 ] } },
{ "type": "Feature", "properties": { "ID": 65300003919, "正式名称": "アイン薬局　南陽店", "機関区分": 5, "都道府県コード": 6, "市区町村コード": 213, "所在地": "山形県南陽市椚塚１１７７", "緯度": 38.044171, "経度": 140.174789, "url": "https://www.iryou.teikyouseido.mhlw.go.jp/znk-web/juminkanja/S2430/initialize?prefCd=06&kikanCd=300003919&kikanKbn=nan", "url2": "http://www.ainj.co.jp/", "内容": "アイン薬局　南陽店0山形県南陽市椚塚１１７７" }, "geometry": { "type": "Point", "coordinates": [ 140.174789, 38.044171 ] } },
{ "type": "Feature", "properties": { "ID": 65300003921, "正式名称": "アイン薬局長井店", "機関区分": 5, "都道府県コード": 6, "市区町村コード": 209, "所在地": "山形県長井市幸町１６－１２", "緯度": 38.108961, "経度": 140.028508, "url": "https://www.iryou.teikyouseido.mhlw.go.jp/znk-web/juminkanja/S2430/initialize?prefCd=06&kikanCd=300003921&kikanKbn=nan", "url2": "http://www.ainj.co.jp/network/ainpharmaciez/mhl0013.html", "内容": "アイン薬局長井店0山形県長井市幸町１６－１２" }, "geometry": { "type": "Point", "coordinates": [ 140.028508, 38.108961 ] } },
{ "type": "Feature", "properties": { "ID": 65300003922, "正式名称": "アイン薬局　川西店", "機関区分": 5, "都道府県コード": 6, "市区町村コード": 382, "所在地": "山形県東置賜郡川西町上小松根岸２９１９ー１", "緯度": 38.002166, "経度": 140.04087, "url": "https://www.iryou.teikyouseido.mhlw.go.jp/znk-web/juminkanja/S2430/initialize?prefCd=06&kikanCd=300003922&kikanKbn=nan", "url2": "http://www.ainj.co.jp/network/ainpharmaciez/ap0070.html", "内容": "アイン薬局　川西店0山形県東置賜郡川西町上小松根岸２９１９ー１" }, "geometry": { "type": "Point", "coordinates": [ 140.04087, 38.002166 ] } },
{ "type": "Feature", "properties": { "ID": 65300003923, "正式名称": "アイン薬局　おきたま公立病院前２号店", "機関区分": 5, "都道府県コード": 6, "市区町村コード": 382, "所在地": "山形県東置賜郡川西町西大塚堂ノ前参１９７３", "緯度": 38.044448, "経度": 140.0563, "url": "https://www.iryou.teikyouseido.mhlw.go.jp/znk-web/juminkanja/S2430/initialize?prefCd=06&kikanCd=300003923&kikanKbn=nan", "url2": "http://www.ainj.co.jp/", "内容": "アイン薬局　おきたま公立病院前２号店0山形県東置賜郡川西町西大塚堂ノ前参１９７３" }, "geometry": { "type": "Point", "coordinates": [ 140.0563, 38.044448 ] } },
{ "type": "Feature", "properties": { "ID": 65300003924, "正式名称": "アイン薬局　おきたま公立病院前店", "機関区分": 5, "都道府県コード": 6, "市区町村コード": 382, "所在地": "山形県東置賜郡川西町西大塚字横道１３７１－５", "緯度": 38.04904, "経度": 140.057313, "url": "https://www.iryou.teikyouseido.mhlw.go.jp/znk-web/juminkanja/S2430/initialize?prefCd=06&kikanCd=300003924&kikanKbn=nan", "url2": "https://www.ainj.co.jp", "内容": "アイン薬局　おきたま公立病院前店0山形県東置賜郡川西町西大塚字横道１３７１－５" }, "geometry": { "type": "Point", "coordinates": [ 140.057313, 38.04904 ] } },
{ "type": "Feature", "properties": { "ID": 65300003954, "正式名称": "アイン薬局　米沢駅前店", "機関区分": 5, "都道府県コード": 6, "市区町村コード": 202, "所在地": "山形県米沢市駅前２丁目３ー１８", "緯度": 37.909215, "経度": 140.122328, "url": "https://www.iryou.teikyouseido.mhlw.go.jp/znk-web/juminkanja/S2430/initialize?prefCd=06&kikanCd=300003954&kikanKbn=nan", "url2": "https://www.ainj.co.jp/", "内容": "アイン薬局　米沢駅前店0山形県米沢市駅前２丁目３ー１８" }, "geometry": { "type": "Point", "coordinates": [ 140.122328, 37.909215 ] } },
{ "type": "Feature", "properties": { "ID": 65300003955, "正式名称": "アイン薬局南陽宮内店", "機関区分": 5, "都道府県コード": 6, "市区町村コード": 213, "所在地": "山形県南陽市宮内１１７６－１３", "緯度": 38.078613, "経度": 140.1479, "url": "https://www.iryou.teikyouseido.mhlw.go.jp/znk-web/juminkanja/S2430/initialize?prefCd=06&kikanCd=300003955&kikanKbn=nan", "url2": "www.ainj.co.jp", "内容": "アイン薬局南陽宮内店0山形県南陽市宮内１１７６－１３" }, "geometry": { "type": "Point", "coordinates": [ 140.1479, 38.078613 ] } },
{ "type": "Feature", "properties": { "ID": 65300003983, "正式名称": "調剤薬局ツルハドラッグ高畠店", "機関区分": 5, "都道府県コード": 6, "市区町村コード": 381, "所在地": "山形県東置賜郡高畠町泉岡中道３９９", "緯度": 37.999218, "経度": 140.186609, "url": "https://www.iryou.teikyouseido.mhlw.go.jp/znk-web/juminkanja/S2430/initialize?prefCd=06&kikanCd=300003983&kikanKbn=nan", "url2": "http://www.tsuruha.co.jp", "内容": "調剤薬局ツルハドラッグ高畠店0山形県東置賜郡高畠町泉岡中道３９９" }, "geometry": { "type": "Point", "coordinates": [ 140.186609, 37.999218 ] } },
{ "type": "Feature", "properties": { "ID": 65300004015, "正式名称": "しのぶ調剤薬局", "機関区分": 5, "都道府県コード": 6, "市区町村コード": 202, "所在地": "山形県米沢市西大通２丁目３−６１", "緯度": 37.919266, "経度": 140.096269, "url": "https://www.iryou.teikyouseido.mhlw.go.jp/znk-web/juminkanja/S2430/initialize?prefCd=06&kikanCd=300004015&kikanKbn=nan", "url2": null, "内容": "しのぶ調剤薬局0山形県米沢市西大通２丁目３−６１" }, "geometry": { "type": "Point", "coordinates": [ 140.096269, 37.919266 ] } },
{ "type": "Feature", "properties": { "ID": 65300004020, "正式名称": "カワチ薬局　米沢駅前店", "機関区分": 5, "都道府県コード": 6, "市区町村コード": 202, "所在地": "山形県米沢市東３－４－１", "緯度": 37.907124, "経度": 140.127886, "url": "https://www.iryou.teikyouseido.mhlw.go.jp/znk-web/juminkanja/S2430/initialize?prefCd=06&kikanCd=300004020&kikanKbn=nan", "url2": "https://www.cawachi.co.jp/customer/store/shop.html?storeCode=198&pharmacy=1&search=1", "内容": "カワチ薬局　米沢駅前店0山形県米沢市東３－４－１" }, "geometry": { "type": "Point", "coordinates": [ 140.127886, 37.907124 ] } },
{ "type": "Feature", "properties": { "ID": 65300004042, "正式名称": "ひがしまち調剤薬局", "機関区分": 5, "都道府県コード": 6, "市区町村コード": 209, "所在地": "山形県長井市東町", "緯度": 38.107178, "経度": 140.04212, "url": "https://www.iryou.teikyouseido.mhlw.go.jp/znk-web/juminkanja/S2430/initialize?prefCd=06&kikanCd=300004042&kikanKbn=nan", "url2": "http://reido.byoinnavi.jp", "内容": "ひがしまち調剤薬局0山形県長井市東町" }, "geometry": { "type": "Point", "coordinates": [ 140.04212, 38.107178 ] } },
{ "type": "Feature", "properties": { "ID": 65300004045, "正式名称": "ハトヤ薬局", "機関区分": 5, "都道府県コード": 6, "市区町村コード": 202, "所在地": "山形県米沢市駅前３−４−７", "緯度": 37.910067, "経度": 140.125708, "url": "https://www.iryou.teikyouseido.mhlw.go.jp/znk-web/juminkanja/S2430/initialize?prefCd=06&kikanCd=300004045&kikanKbn=nan", "url2": null, "内容": "ハトヤ薬局0山形県米沢市駅前３−４−７" }, "geometry": { "type": "Point", "coordinates": [ 140.125708, 37.910067 ] } },
{ "type": "Feature", "properties": { "ID": 65300004071, "正式名称": "エール薬局　たかはた店", "機関区分": 5, "都道府県コード": 6, "市区町村コード": 381, "所在地": "山形県東置賜郡高畠町福沢南", "緯度": 37.991187, "経度": 140.148622, "url": "https://www.iryou.teikyouseido.mhlw.go.jp/znk-web/juminkanja/S2430/initialize?prefCd=06&kikanCd=300004071&kikanKbn=nan", "url2": null, "内容": "エール薬局　たかはた店0山形県東置賜郡高畠町福沢南" }, "geometry": { "type": "Point", "coordinates": [ 140.148622, 37.991187 ] } },
{ "type": "Feature", "properties": { "ID": 65300004072, "正式名称": "エール薬局　駅東口店", "機関区分": 5, "都道府県コード": 6, "市区町村コード": 202, "所在地": "山形県米沢市下花沢２丁目５－１６－１", "緯度": 37.909455, "経度": 140.131261, "url": "https://www.iryou.teikyouseido.mhlw.go.jp/znk-web/juminkanja/S2430/initialize?prefCd=06&kikanCd=300004072&kikanKbn=nan", "url2": null, "内容": "エール薬局　駅東口店0山形県米沢市下花沢２丁目５－１６－１" }, "geometry": { "type": "Point", "coordinates": [ 140.131261, 37.909455 ] } },
{ "type": "Feature", "properties": { "ID": 65300004074, "正式名称": "カワチ薬局　長井店", "機関区分": 5, "都道府県コード": 6, "市区町村コード": 209, "所在地": "山形県長井市小出３８４８－１", "緯度": 38.091868, "経度": 140.038152, "url": "https://www.iryou.teikyouseido.mhlw.go.jp/znk-web/juminkanja/S2430/initialize?prefCd=06&kikanCd=300004074&kikanKbn=nan", "url2": "https://www.cawachi.co.jp/customer/store/shop.html?storeCode=213&pharmacy=1&search=1", "内容": "カワチ薬局　長井店0山形県長井市小出３８４８－１" }, "geometry": { "type": "Point", "coordinates": [ 140.038152, 38.091868 ] } },
{ "type": "Feature", "properties": { "ID": 65300004076, "正式名称": "南陽調剤薬局", "機関区分": 5, "都道府県コード": 6, "市区町村コード": 213, "所在地": "山形県南陽市宮内１２１０－７", "緯度": 38.071, "経度": 140.143258, "url": "https://www.iryou.teikyouseido.mhlw.go.jp/znk-web/juminkanja/S2430/initialize?prefCd=06&kikanCd=300004076&kikanKbn=nan", "url2": null, "内容": "南陽調剤薬局0山形県南陽市宮内１２１０－７" }, "geometry": { "type": "Point", "coordinates": [ 140.143258, 38.071 ] } },
{ "type": "Feature", "properties": { "ID": 65300004102, "正式名称": "マルイチ鈴木薬局", "機関区分": 5, "都道府県コード": 6, "市区町村コード": 209, "所在地": "山形県長井市本町１－７－７", "緯度": 38.105863, "経度": 140.0382204, "url": "https://www.iryou.teikyouseido.mhlw.go.jp/znk-web/juminkanja/S2430/initialize?prefCd=06&kikanCd=300004102&kikanKbn=nan", "url2": "https://r.goope.jp/maruichi-ph", "内容": "マルイチ鈴木薬局0山形県長井市本町１－７－７" }, "geometry": { "type": "Point", "coordinates": [ 140.0382204, 38.105863 ] } },
{ "type": "Feature", "properties": { "ID": 65300004103, "正式名称": "上花沢薬局", "機関区分": 5, "都道府県コード": 6, "市区町村コード": 202, "所在地": "山形県米沢市東３丁目４番３８号", "緯度": 37.908015, "経度": 140.125815, "url": "https://www.iryou.teikyouseido.mhlw.go.jp/znk-web/juminkanja/S2430/initialize?prefCd=06&kikanCd=300004103&kikanKbn=nan", "url2": "http://www.luckybag.co.jp/", "内容": "上花沢薬局0山形県米沢市東３丁目４番３８号" }, "geometry": { "type": "Point", "coordinates": [ 140.125815, 37.908015 ] } },
{ "type": "Feature", "properties": { "ID": 65300004115, "正式名称": "キズナ薬局", "機関区分": 5, "都道府県コード": 6, "市区町村コード": 202, "所在地": "山形県米沢市大町３－６－１０", "緯度": 37.90797, "経度": 140.11271, "url": "https://www.iryou.teikyouseido.mhlw.go.jp/znk-web/juminkanja/S2430/initialize?prefCd=06&kikanCd=300004115&kikanKbn=nan", "url2": null, "内容": "キズナ薬局0山形県米沢市大町３－６－１０" }, "geometry": { "type": "Point", "coordinates": [ 140.11271, 37.90797 ] } },
{ "type": "Feature", "properties": { "ID": 65300004122, "正式名称": "おおまち薬局", "機関区分": 5, "都道府県コード": 6, "市区町村コード": 202, "所在地": "山形県米沢市大町３－３－３０", "緯度": 37.908044, "経度": 140.113257, "url": "https://www.iryou.teikyouseido.mhlw.go.jp/znk-web/juminkanja/S2430/initialize?prefCd=06&kikanCd=300004122&kikanKbn=nan", "url2": null, "内容": "おおまち薬局0山形県米沢市大町３－３－３０" }, "geometry": { "type": "Point", "coordinates": [ 140.113257, 37.908044 ] } },
{ "type": "Feature", "properties": { "ID": 65300004135, "正式名称": "ウエルシア薬局長井本町店", "機関区分": 5, "都道府県コード": 6, "市区町村コード": 209, "所在地": "山形県長井市本町２－４－３６", "緯度": 38.104073, "経度": 140.038677, "url": "https://www.iryou.teikyouseido.mhlw.go.jp/znk-web/juminkanja/S2430/initialize?prefCd=06&kikanCd=300004135&kikanKbn=nan", "url2": "https://store.welcia.co.jp/welcia/spot/detail?code=6398D", "内容": "ウエルシア薬局長井本町店0山形県長井市本町２－４－３６" }, "geometry": { "type": "Point", "coordinates": [ 140.038677, 38.104073 ] } },
{ "type": "Feature", "properties": { "ID": 65300004136, "正式名称": "クスリのアオキ金池薬局", "機関区分": 5, "都道府県コード": 6, "市区町村コード": 202, "所在地": "山形県米沢市金池６丁目４番４２号", "緯度": 37.925689, "経度": 140.115579, "url": "https://www.iryou.teikyouseido.mhlw.go.jp/znk-web/juminkanja/S2430/initialize?prefCd=06&kikanCd=300004136&kikanKbn=nan", "url2": "https://www.kusuri-aoki.co.jp", "内容": "クスリのアオキ金池薬局0山形県米沢市金池６丁目４番４２号" }, "geometry": { "type": "Point", "coordinates": [ 140.115579, 37.925689 ] } },
{ "type": "Feature", "properties": { "ID": 65300004142, "正式名称": "イオン薬局米沢店", "機関区分": 5, "都道府県コード": 6, "市区町村コード": 202, "所在地": "山形県米沢市春日２－１３－４", "緯度": 37.923227, "経度": 140.108799, "url": "https://www.iryou.teikyouseido.mhlw.go.jp/znk-web/juminkanja/S2430/initialize?prefCd=06&kikanCd=300004142&kikanKbn=nan", "url2": null, "内容": "イオン薬局米沢店0山形県米沢市春日２－１３－４" }, "geometry": { "type": "Point", "coordinates": [ 140.108799, 37.923227 ] } },
{ "type": "Feature", "properties": { "ID": 65300004143, "正式名称": "ウエルシア薬局南陽三間通店", "機関区分": 5, "都道府県コード": 6, "市区町村コード": 213, "所在地": "山形県南陽市三間通２８ー１", "緯度": 38.049852, "経度": 140.156886, "url": "https://www.iryou.teikyouseido.mhlw.go.jp/znk-web/juminkanja/S2430/initialize?prefCd=06&kikanCd=300004143&kikanKbn=nan", "url2": "https://store.welcia.co.jp/welcia/spot/detail?code=1334D", "内容": "ウエルシア薬局南陽三間通店0山形県南陽市三間通２８ー１" }, "geometry": { "type": "Point", "coordinates": [ 140.156886, 38.049852 ] } },
{ "type": "Feature", "properties": { "ID": 65300004147, "正式名称": "アスモ前調剤薬局", "機関区分": 5, "都道府県コード": 6, "市区町村コード": 401, "所在地": "山形県西置賜郡小国町大字小国町１７０－５", "緯度": 38.059593, "経度": 139.747352, "url": "https://www.iryou.teikyouseido.mhlw.go.jp/znk-web/juminkanja/S2430/initialize?prefCd=06&kikanCd=300004147&kikanKbn=nan", "url2": "https://ship-ph.co.jp/", "内容": "アスモ前調剤薬局0山形県西置賜郡小国町大字小国町１７０－５" }, "geometry": { "type": "Point", "coordinates": [ 139.747352, 38.059593 ] } },
{ "type": "Feature", "properties": { "ID": 65300004148, "正式名称": "おぐに調剤薬局", "機関区分": 5, "都道府県コード": 6, "市区町村コード": 401, "所在地": "山形県西置賜郡小国町岩井沢４２５－１１", "緯度": 38.057416, "経度": 139.754929, "url": "https://www.iryou.teikyouseido.mhlw.go.jp/znk-web/juminkanja/S2430/initialize?prefCd=06&kikanCd=300004148&kikanKbn=nan", "url2": "https://www.ship-ph.co.jp/", "内容": "おぐに調剤薬局0山形県西置賜郡小国町岩井沢４２５－１１" }, "geometry": { "type": "Point", "coordinates": [ 139.754929, 38.057416 ] } },
{ "type": "Feature", "properties": { "ID": 65300004164, "正式名称": "うさぎ森薬局高畠店", "機関区分": 5, "都道府県コード": 6, "市区町村コード": 381, "所在地": "山形県東置賜郡高畠町福沢１３９番１", "緯度": 37.988944, "経度": 140.145911, "url": "https://www.iryou.teikyouseido.mhlw.go.jp/znk-web/juminkanja/S2430/initialize?prefCd=06&kikanCd=300004164&kikanKbn=nan", "url2": "http://forest-pharmacy.com/", "内容": "うさぎ森薬局高畠店0山形県東置賜郡高畠町福沢１３９番１" }, "geometry": { "type": "Point", "coordinates": [ 140.145911, 37.988944 ] } },
{ "type": "Feature", "properties": { "ID": 65300004167, "正式名称": "調剤薬局ツルハドラッグ米沢相生町店", "機関区分": 5, "都道府県コード": 6, "市区町村コード": 202, "所在地": "山形県米沢市相生町７番５２号", "緯度": 37.90764, "経度": 140.1174, "url": "https://www.iryou.teikyouseido.mhlw.go.jp/znk-web/juminkanja/S2430/initialize?prefCd=06&kikanCd=300004167&kikanKbn=nan", "url2": "http://www.tsuruha.co.jp/", "内容": "調剤薬局ツルハドラッグ米沢相生町店0山形県米沢市相生町７番５２号" }, "geometry": { "type": "Point", "coordinates": [ 140.1174, 37.90764 ] } },
{ "type": "Feature", "properties": { "ID": 65300004168, "正式名称": "すずかぜ薬局", "機関区分": 5, "都道府県コード": 6, "市区町村コード": 202, "所在地": "山形県米沢市花沢町２６９５－１", "緯度": 37.918797, "経度": 140.121589, "url": "https://www.iryou.teikyouseido.mhlw.go.jp/znk-web/juminkanja/S2430/initialize?prefCd=06&kikanCd=300004168&kikanKbn=nan", "url2": "https://suzukazeph.co.jp/", "内容": "すずかぜ薬局0山形県米沢市花沢町２６９５－１" }, "geometry": { "type": "Point", "coordinates": [ 140.121589, 37.918797 ] } },
{ "type": "Feature", "properties": { "ID": 65300004169, "正式名称": "ふくろう薬局", "機関区分": 5, "都道府県コード": 6, "市区町村コード": 202, "所在地": "山形県米沢市窪田町窪田", "緯度": 37.954502, "経度": 140.120468, "url": "https://www.iryou.teikyouseido.mhlw.go.jp/znk-web/juminkanja/S2430/initialize?prefCd=06&kikanCd=300004169&kikanKbn=nan", "url2": null, "内容": "ふくろう薬局0山形県米沢市窪田町窪田" }, "geometry": { "type": "Point", "coordinates": [ 140.120468, 37.954502 ] } },
{ "type": "Feature", "properties": { "ID": 65300004177, "正式名称": "なないろ薬局", "機関区分": 5, "都道府県コード": 6, "市区町村コード": 382, "所在地": "山形県東置賜郡川西町大字西大塚１４４６番１０", "緯度": 38.048005, "経度": 140.059316, "url": "https://www.iryou.teikyouseido.mhlw.go.jp/znk-web/juminkanja/S2430/initialize?prefCd=06&kikanCd=300004177&kikanKbn=nan", "url2": "https://www.7716-nanairo.com", "内容": "なないろ薬局0山形県東置賜郡川西町大字西大塚１４４６番１０" }, "geometry": { "type": "Point", "coordinates": [ 140.059316, 38.048005 ] } },
{ "type": "Feature", "properties": { "ID": 65300004192, "正式名称": "調剤薬局ツルハドラッグ置賜病院前店", "機関区分": 5, "都道府県コード": 6, "市区町村コード": 382, "所在地": "山形県東置賜郡川西町大字西大塚１４４７番地４", "緯度": 38.047566, "経度": 140.059487, "url": "https://www.iryou.teikyouseido.mhlw.go.jp/znk-web/juminkanja/S2430/initialize?prefCd=06&kikanCd=300004192&kikanKbn=nan", "url2": "https://shop.tsuruha-g.com/1936", "内容": "調剤薬局ツルハドラッグ置賜病院前店0山形県東置賜郡川西町大字西大塚１４４７番地４" }, "geometry": { "type": "Point", "coordinates": [ 140.059487, 38.047566 ] } },
{ "type": "Feature", "properties": { "ID": 65300004206, "正式名称": "コスモ調剤薬局　米沢店", "機関区分": 5, "都道府県コード": 6, "市区町村コード": 202, "所在地": "山形県米沢市金池３－３－６", "緯度": 37.92063, "経度": 140.114138, "url": "https://www.iryou.teikyouseido.mhlw.go.jp/znk-web/juminkanja/S2430/initialize?prefCd=06&kikanCd=300004206&kikanKbn=nan", "url2": null, "内容": "コスモ調剤薬局　米沢店0山形県米沢市金池３－３－６" }, "geometry": { "type": "Point", "coordinates": [ 140.114138, 37.92063 ] } },
{ "type": "Feature", "properties": { "ID": 65300004224, "正式名称": "カワチ薬局　米沢成島店", "機関区分": 5, "都道府県コード": 6, "市区町村コード": 202, "所在地": "山形県米沢市成島町２－１－２７", "緯度": 37.922445, "経度": 140.087905, "url": "https://www.iryou.teikyouseido.mhlw.go.jp/znk-web/juminkanja/S2430/initialize?prefCd=06&kikanCd=300004224&kikanKbn=nan", "url2": "https://www.cawachi.co.jp/customer/store/shop.html?storeCode=368&pharmacy=1", "内容": "カワチ薬局　米沢成島店0山形県米沢市成島町２－１－２７" }, "geometry": { "type": "Point", "coordinates": [ 140.087905, 37.922445 ] } },
{ "type": "Feature", "properties": { "ID": 65300004227, "正式名称": "ブナの森うぐいす薬局", "機関区分": 5, "都道府県コード": 6, "市区町村コード": 401, "所在地": "山形県西置賜郡小国町あけぼの二丁目７－１３", "緯度": 38.053811, "経度": 139.757447, "url": "https://www.iryou.teikyouseido.mhlw.go.jp/znk-web/juminkanja/S2430/initialize?prefCd=06&kikanCd=300004227&kikanKbn=nan", "url2": null, "内容": "ブナの森うぐいす薬局0山形県西置賜郡小国町あけぼの二丁目７－１３" }, "geometry": { "type": "Point", "coordinates": [ 139.757447, 38.053811 ] } },
{ "type": "Feature", "properties": { "ID": 65300004228, "正式名称": "しらたか調剤薬局", "機関区分": 5, "都道府県コード": 6, "市区町村コード": 402, "所在地": "山形県西置賜郡白鷹町大字荒砥甲６２４－２", "緯度": 38.178243, "経度": 140.094329, "url": "https://www.iryou.teikyouseido.mhlw.go.jp/znk-web/juminkanja/S2430/initialize?prefCd=06&kikanCd=300004228&kikanKbn=nan", "url2": null, "内容": "しらたか調剤薬局0山形県西置賜郡白鷹町大字荒砥甲６２４－２" }, "geometry": { "type": "Point", "coordinates": [ 140.094329, 38.178243 ] } },
{ "type": "Feature", "properties": { "ID": 65300004229, "正式名称": "とりいまえ薬局", "機関区分": 5, "都道府県コード": 6, "市区町村コード": 213, "所在地": "山形県南陽市宮内３４６１－１", "緯度": 38.075748, "経度": 140.138752, "url": "https://www.iryou.teikyouseido.mhlw.go.jp/znk-web/juminkanja/S2430/initialize?prefCd=06&kikanCd=300004229&kikanKbn=nan", "url2": null, "内容": "とりいまえ薬局0山形県南陽市宮内３４６１－１" }, "geometry": { "type": "Point", "coordinates": [ 140.138752, 38.075748 ] } },
{ "type": "Feature", "properties": { "ID": 65300004230, "正式名称": "アイン薬局　三友堂病院前店", "機関区分": 5, "都道府県コード": 6, "市区町村コード": 202, "所在地": "山形県米沢市福田町二丁目１番５７号　アメニティーセンター１階", "緯度": 37.903523, "経度": 140.120209, "url": "https://www.iryou.teikyouseido.mhlw.go.jp/znk-web/juminkanja/S2430/initialize?prefCd=06&kikanCd=300004230&kikanKbn=nan", "url2": null, "内容": "アイン薬局　三友堂病院前店0山形県米沢市福田町二丁目１番５７号　アメニティーセンター１階" }, "geometry": { "type": "Point", "coordinates": [ 140.120209, 37.903523 ] } },
{ "type": "Feature", "properties": { "ID": 65300004232, "正式名称": "クスリのアオキ米沢泉町薬局", "機関区分": 5, "都道府県コード": 6, "市区町村コード": 202, "所在地": "山形県米沢市泉町１丁目１番２１号", "緯度": 37.894252, "経度": 140.105264, "url": "https://www.iryou.teikyouseido.mhlw.go.jp/znk-web/juminkanja/S2430/initialize?prefCd=06&kikanCd=300004232&kikanKbn=nan", "url2": "https://www.kusuri-aoki.co.jp/", "内容": "クスリのアオキ米沢泉町薬局0山形県米沢市泉町１丁目１番２１号" }, "geometry": { "type": "Point", "coordinates": [ 140.105264, 37.894252 ] } },
{ "type": "Feature", "properties": { "ID": 65300004243, "正式名称": "アイン薬局　米沢駅西口店", "機関区分": 5, "都道府県コード": 6, "市区町村コード": 202, "所在地": "山形県米沢市東３丁目４－４８", "緯度": 37.90842, "経度": 140.126349, "url": "https://www.iryou.teikyouseido.mhlw.go.jp/znk-web/juminkanja/S2430/initialize?prefCd=06&kikanCd=300004243&kikanKbn=nan", "url2": "https://store.ainj.co.jp/detail/1101247/", "内容": "アイン薬局　米沢駅西口店0山形県米沢市東３丁目４－４８" }, "geometry": { "type": "Point", "coordinates": [ 140.126349, 37.90842 ] } },
{ "type": "Feature", "properties": { "ID": 65300004244, "正式名称": "アイン薬局　米沢川井店", "機関区分": 5, "都道府県コード": 6, "市区町村コード": 202, "所在地": "山形県米沢市川井２３５６－３", "緯度": 37.923841, "経度": 140.145695, "url": "https://www.iryou.teikyouseido.mhlw.go.jp/znk-web/juminkanja/S2430/initialize?prefCd=06&kikanCd=300004244&kikanKbn=nan", "url2": null, "内容": "アイン薬局　米沢川井店0山形県米沢市川井２３５６－３" }, "geometry": { "type": "Point", "coordinates": [ 140.145695, 37.923841 ] } },
{ "type": "Feature", "properties": { "ID": 65300004246, "正式名称": "クスリのアオキ高畠薬局", "機関区分": 5, "都道府県コード": 6, "市区町村コード": 381, "所在地": "山形県東置賜郡高畠町福沢４５９番地の２", "緯度": 37.992851, "経度": 140.148586, "url": "https://www.iryou.teikyouseido.mhlw.go.jp/znk-web/juminkanja/S2430/initialize?prefCd=06&kikanCd=300004246&kikanKbn=nan", "url2": "https://www.kusuri-aoki.co.jp/", "内容": "クスリのアオキ高畠薬局0山形県東置賜郡高畠町福沢４５９番地の２" }, "geometry": { "type": "Point", "coordinates": [ 140.148586, 37.992851 ] } },
{ "type": "Feature", "properties": { "ID": 65300004252, "正式名称": "宮内さくら調剤薬局", "機関区分": 5, "都道府県コード": 6, "市区町村コード": 213, "所在地": "山形県南陽市宮内４５４９－１", "緯度": 38.06539, "経度": 140.132119, "url": "https://www.iryou.teikyouseido.mhlw.go.jp/znk-web/juminkanja/S2430/initialize?prefCd=06&kikanCd=300004252&kikanKbn=nan", "url2": null, "内容": "宮内さくら調剤薬局0山形県南陽市宮内４５４９－１" }, "geometry": { "type": "Point", "coordinates": [ 140.132119, 38.06539 ] } },
{ "type": "Feature", "properties": { "ID": 65300004253, "正式名称": "さくら調剤薬局", "機関区分": 5, "都道府県コード": 6, "市区町村コード": 213, "所在地": "山形県南陽市赤湯３４０－２", "緯度": 38.048552, "経度": 140.162264, "url": "https://www.iryou.teikyouseido.mhlw.go.jp/znk-web/juminkanja/S2430/initialize?prefCd=06&kikanCd=300004253&kikanKbn=nan", "url2": null, "内容": "さくら調剤薬局0山形県南陽市赤湯３４０－２" }, "geometry": { "type": "Point", "coordinates": [ 140.162264, 38.048552 ] } },
{ "type": "Feature", "properties": { "ID": 65300004254, "正式名称": "高野薬局", "機関区分": 5, "都道府県コード": 6, "市区町村コード": 202, "所在地": "山形県米沢市城西１丁目６番２０号", "緯度": 37.911586, "経度": 140.094769, "url": "https://www.iryou.teikyouseido.mhlw.go.jp/znk-web/juminkanja/S2430/initialize?prefCd=06&kikanCd=300004254&kikanKbn=nan", "url2": null, "内容": "高野薬局0山形県米沢市城西１丁目６番２０号" }, "geometry": { "type": "Point", "coordinates": [ 140.094769, 37.911586 ] } },
{ "type": "Feature", "properties": { "ID": 65300004255, "正式名称": "高野調剤薬局", "機関区分": 5, "都道府県コード": 6, "市区町村コード": 202, "所在地": "山形県米沢市林泉寺２－２－９０", "緯度": 37.902943, "経度": 140.097807, "url": "https://www.iryou.teikyouseido.mhlw.go.jp/znk-web/juminkanja/S2430/initialize?prefCd=06&kikanCd=300004255&kikanKbn=nan", "url2": null, "内容": "高野調剤薬局0山形県米沢市林泉寺２－２－９０" }, "geometry": { "type": "Point", "coordinates": [ 140.097807, 37.902943 ] } },
{ "type": "Feature", "properties": { "ID": 65300004258, "正式名称": "はなまる薬局", "機関区分": 5, "都道府県コード": 6, "市区町村コード": 209, "所在地": "山形県長井市小出３９３０－１３", "緯度": 38.091576, "経度": 140.039665, "url": "https://www.iryou.teikyouseido.mhlw.go.jp/znk-web/juminkanja/S2430/initialize?prefCd=06&kikanCd=300004258&kikanKbn=nan", "url2": null, "内容": "はなまる薬局0山形県長井市小出３９３０－１３" }, "geometry": { "type": "Point", "coordinates": [ 140.039665, 38.091576 ] } },
{ "type": "Feature", "properties": { "ID": 65300004263, "正式名称": "アイン薬局　米沢店", "機関区分": 5, "都道府県コード": 6, "市区町村コード": 202, "所在地": "山形県米沢市相生町６番３６号　１階", "緯度": 37.904807, "経度": 140.119476, "url": "https://www.iryou.teikyouseido.mhlw.go.jp/znk-web/juminkanja/S2430/initialize?prefCd=06&kikanCd=300004263&kikanKbn=nan", "url2": "http://www.ainj.co.jp/", "内容": "アイン薬局　米沢店0山形県米沢市相生町６番３６号　１階" }, "geometry": { "type": "Point", "coordinates": [ 140.119476, 37.904807 ] } },
{ "type": "Feature", "properties": { "ID": 65300004268, "正式名称": "駅前調剤薬局", "機関区分": 5, "都道府県コード": 6, "市区町村コード": 213, "所在地": "山形県南陽市宮内字尻二　２７７５－４", "緯度": 38.071204, "経度": 140.135695, "url": "https://www.iryou.teikyouseido.mhlw.go.jp/znk-web/juminkanja/S2430/initialize?prefCd=06&kikanCd=300004268&kikanKbn=nan", "url2": null, "内容": "駅前調剤薬局0山形県南陽市宮内字尻二　２７７５－４" }, "geometry": { "type": "Point", "coordinates": [ 140.135695, 38.071204 ] } },
{ "type": "Feature", "properties": { "ID": 65300004269, "正式名称": "あさひ薬局", "機関区分": 5, "都道府県コード": 6, "市区町村コード": 213, "所在地": "山形県南陽市郡山", "緯度": 38.044884, "経度": 140.152786, "url": "https://www.iryou.teikyouseido.mhlw.go.jp/znk-web/juminkanja/S2430/initialize?prefCd=06&kikanCd=300004269&kikanKbn=nan", "url2": "https://store.aisei.co.jp/detail/0741", "内容": "あさひ薬局0山形県南陽市郡山" }, "geometry": { "type": "Point", "coordinates": [ 140.152786, 38.044884 ] } },
{ "type": "Feature", "properties": { "ID": 65300004272, "正式名称": "ウエルシア薬局米沢中央１丁目店", "機関区分": 5, "都道府県コード": 6, "市区町村コード": 202, "所在地": "山形県米沢市中央一丁目２番１５号", "緯度": 37.912162, "経度": 140.112708, "url": "https://www.iryou.teikyouseido.mhlw.go.jp/znk-web/juminkanja/S2430/initialize?prefCd=06&kikanCd=300004272&kikanKbn=nan", "url2": "http://www.welcia-yakkyoku.co.jp/", "内容": "ウエルシア薬局米沢中央１丁目店0山形県米沢市中央一丁目２番１５号" }, "geometry": { "type": "Point", "coordinates": [ 140.112708, 37.912162 ] } },
{ "type": "Feature", "properties": { "ID": 65400000209, "正式名称": "いちばん町薬局", "機関区分": 5, "都道府県コード": 6, "市区町村コード": 204, "所在地": "山形県酒田市一番町", "緯度": 38.915033, "経度": 139.841997, "url": "https://www.iryou.teikyouseido.mhlw.go.jp/znk-web/juminkanja/S2430/initialize?prefCd=06&kikanCd=400000209&kikanKbn=nan", "url2": null, "内容": "いちばん町薬局0山形県酒田市一番町" }, "geometry": { "type": "Point", "coordinates": [ 139.841997, 38.915033 ] } },
{ "type": "Feature", "properties": { "ID": 65400000210, "正式名称": "調剤薬局ツルハドラッグ酒田南店", "機関区分": 5, "都道府県コード": 6, "市区町村コード": 204, "所在地": "山形県酒田市こがね町２丁目２７－３", "緯度": 38.895158, "経度": 139.854824, "url": "https://www.iryou.teikyouseido.mhlw.go.jp/znk-web/juminkanja/S2430/initialize?prefCd=06&kikanCd=400000210&kikanKbn=nan", "url2": "http://www.tsuruha.co.jp/", "内容": "調剤薬局ツルハドラッグ酒田南店0山形県酒田市こがね町２丁目２７－３" }, "geometry": { "type": "Point", "coordinates": [ 139.854824, 38.895158 ] } },
{ "type": "Feature", "properties": { "ID": 65400000212, "正式名称": "リコリス調剤薬局", "機関区分": 5, "都道府県コード": 6, "市区町村コード": 204, "所在地": "山形県酒田市みずほ１－２－２２", "緯度": 38.906791, "経度": 139.849647, "url": "https://www.iryou.teikyouseido.mhlw.go.jp/znk-web/juminkanja/S2430/initialize?prefCd=06&kikanCd=400000212&kikanKbn=nan", "url2": "http://www.kyoueido.net/shop/260", "内容": "リコリス調剤薬局0山形県酒田市みずほ１－２－２２" }, "geometry": { "type": "Point", "coordinates": [ 139.849647, 38.906791 ] } },
{ "type": "Feature", "properties": { "ID": 65400000217, "正式名称": "あおば薬局", "機関区分": 5, "都道府県コード": 6, "市区町村コード": 204, "所在地": "山形県酒田市若浜町５－１", "緯度": 38.91359, "経度": 139.849889, "url": "https://www.iryou.teikyouseido.mhlw.go.jp/znk-web/juminkanja/S2430/initialize?prefCd=06&kikanCd=400000217&kikanKbn=nan", "url2": "https://meron-net.shop/ds/aobayakkyoku/", "内容": "あおば薬局0山形県酒田市若浜町５－１" }, "geometry": { "type": "Point", "coordinates": [ 139.849889, 38.91359 ] } },
{ "type": "Feature", "properties": { "ID": 65400000218, "正式名称": "なの花調剤薬局", "機関区分": 5, "都道府県コード": 6, "市区町村コード": 204, "所在地": "山形県酒田市若竹町２丁目３番４号", "緯度": 38.902376, "経度": 139.838625, "url": "https://www.iryou.teikyouseido.mhlw.go.jp/znk-web/juminkanja/S2430/initialize?prefCd=06&kikanCd=400000218&kikanKbn=nan", "url2": "https://kyoueido.net/shop/262/", "内容": "なの花調剤薬局0山形県酒田市若竹町２丁目３番４号" }, "geometry": { "type": "Point", "coordinates": [ 139.838625, 38.902376 ] } },
{ "type": "Feature", "properties": { "ID": 65400000220, "正式名称": "くしびき調剤薬局", "機関区分": 5, "都道府県コード": 6, "市区町村コード": 203, "所在地": "山形県鶴岡市西荒屋字川原田８８", "緯度": 38.646719, "経度": 139.824441, "url": "https://www.iryou.teikyouseido.mhlw.go.jp/znk-web/juminkanja/S2430/initialize?prefCd=06&kikanCd=400000220&kikanKbn=nan", "url2": "https://www.lifeart1225.com", "内容": "くしびき調剤薬局0山形県鶴岡市西荒屋字川原田８８" }, "geometry": { "type": "Point", "coordinates": [ 139.824441, 38.646719 ] } },
{ "type": "Feature", "properties": { "ID": 65400000221, "正式名称": "あかしや薬局あきほ町店", "機関区分": 5, "都道府県コード": 6, "市区町村コード": 204, "所在地": "山形県酒田市あきほ町６５４ー４", "緯度": 38.890189, "経度": 139.850293, "url": "https://www.iryou.teikyouseido.mhlw.go.jp/znk-web/juminkanja/S2430/initialize?prefCd=06&kikanCd=400000221&kikanKbn=nan", "url2": null, "内容": "あかしや薬局あきほ町店0山形県酒田市あきほ町６５４ー４" }, "geometry": { "type": "Point", "coordinates": [ 139.850293, 38.890189 ] } },
{ "type": "Feature", "properties": { "ID": 65400000223, "正式名称": "くまも調剤薬局", "機関区分": 5, "都道府県コード": 6, "市区町村コード": 204, "所在地": "山形県酒田市亀ケ崎７丁目２－２９", "緯度": 38.89, "経度": 139.84, "url": "https://www.iryou.teikyouseido.mhlw.go.jp/znk-web/juminkanja/S2430/initialize?prefCd=06&kikanCd=400000223&kikanKbn=nan", "url2": null, "内容": "くまも調剤薬局0山形県酒田市亀ケ崎７丁目２－２９" }, "geometry": { "type": "Point", "coordinates": [ 139.84, 38.89 ] } },
{ "type": "Feature", "properties": { "ID": 65400000224, "正式名称": "共創未来　ライラック薬局", "機関区分": 5, "都道府県コード": 6, "市区町村コード": 204, "所在地": "山形県酒田市相生町１－６－２６", "緯度": 38.916748, "経度": 139.842841, "url": "https://www.iryou.teikyouseido.mhlw.go.jp/znk-web/juminkanja/S2430/initialize?prefCd=06&kikanCd=400000224&kikanKbn=nan", "url2": "https://phmirai.co.jp/store/316/", "内容": "共創未来　ライラック薬局0山形県酒田市相生町１－６－２６" }, "geometry": { "type": "Point", "coordinates": [ 139.842841, 38.916748 ] } },
{ "type": "Feature", "properties": { "ID": 65400000226, "正式名称": "共創未来あきほ薬局", "機関区分": 5, "都道府県コード": 6, "市区町村コード": 204, "所在地": "山形県酒田市大宮町１丁目４−１４", "緯度": 38.89007, "経度": 139.856041, "url": "https://www.iryou.teikyouseido.mhlw.go.jp/znk-web/juminkanja/S2430/initialize?prefCd=06&kikanCd=400000226&kikanKbn=nan", "url2": "http://www.phmirai.co.jp/", "内容": "共創未来あきほ薬局0山形県酒田市大宮町１丁目４−１４" }, "geometry": { "type": "Point", "coordinates": [ 139.856041, 38.89007 ] } },
{ "type": "Feature", "properties": { "ID": 65400000227, "正式名称": "共創未来いずみ町薬局", "機関区分": 5, "都道府県コード": 6, "市区町村コード": 203, "所在地": "山形県鶴岡市泉町８−７０", "緯度": 38.731459, "経度": 139.831145, "url": "https://www.iryou.teikyouseido.mhlw.go.jp/znk-web/juminkanja/S2430/initialize?prefCd=06&kikanCd=400000227&kikanKbn=nan", "url2": "http://www.phmirai.co.jp/", "内容": "共創未来いずみ町薬局0山形県鶴岡市泉町８−７０" }, "geometry": { "type": "Point", "coordinates": [ 139.831145, 38.731459 ] } },
{ "type": "Feature", "properties": { "ID": 65400000228, "正式名称": "有限会社斎藤薬局", "機関区分": 5, "都道府県コード": 6, "市区町村コード": 203, "所在地": "山形県鶴岡市大東町２５−１５", "緯度": 38.724277, "経度": 139.835197, "url": "https://www.iryou.teikyouseido.mhlw.go.jp/znk-web/juminkanja/S2430/initialize?prefCd=06&kikanCd=400000228&kikanKbn=nan", "url2": "https://www.big-advance.site/s/166/1237", "内容": "有限会社斎藤薬局0山形県鶴岡市大東町２５−１５" }, "geometry": { "type": "Point", "coordinates": [ 139.835197, 38.724277 ] } },
{ "type": "Feature", "properties": { "ID": 65400000229, "正式名称": "さくら薬局鶴岡美咲店", "機関区分": 5, "都道府県コード": 6, "市区町村コード": 203, "所在地": "山形県鶴岡市美咲町２５番３６号", "緯度": 38.737286, "経度": 139.800557, "url": "https://www.iryou.teikyouseido.mhlw.go.jp/znk-web/juminkanja/S2430/initialize?prefCd=06&kikanCd=400000229&kikanKbn=nan", "url2": "https://www.kraft-net.co.jp/sakura/store/3700/", "内容": "さくら薬局鶴岡美咲店0山形県鶴岡市美咲町２５番３６号" }, "geometry": { "type": "Point", "coordinates": [ 139.800557, 38.737286 ] } },
{ "type": "Feature", "properties": { "ID": 65400000231, "正式名称": "共創未来　さんのう町薬局", "機関区分": 5, "都道府県コード": 6, "市区町村コード": 203, "所在地": "山形県鶴岡市山王町４－２", "緯度": 38.732147, "経度": 139.833819, "url": "https://www.iryou.teikyouseido.mhlw.go.jp/znk-web/juminkanja/S2430/initialize?prefCd=06&kikanCd=400000231&kikanKbn=nan", "url2": "https://www.phmirai.co.jp/shops/detail.php?id=374", "内容": "共創未来　さんのう町薬局0山形県鶴岡市山王町４－２" }, "geometry": { "type": "Point", "coordinates": [ 139.833819, 38.732147 ] } },
{ "type": "Feature", "properties": { "ID": 65400000232, "正式名称": "かもめ薬局あつみ店", "機関区分": 5, "都道府県コード": 6, "市区町村コード": 203, "所在地": "山形県鶴岡市温海字温海４８番地", "緯度": 38.627278, "経度": 139.588943, "url": "https://www.iryou.teikyouseido.mhlw.go.jp/znk-web/juminkanja/S2430/initialize?prefCd=06&kikanCd=400000232&kikanKbn=nan", "url2": null, "内容": "かもめ薬局あつみ店0山形県鶴岡市温海字温海４８番地" }, "geometry": { "type": "Point", "coordinates": [ 139.588943, 38.627278 ] } },
{ "type": "Feature", "properties": { "ID": 65400000234, "正式名称": "羽黒調剤薬局", "機関区分": 5, "都道府県コード": 6, "市区町村コード": 203, "所在地": "山形県鶴岡市羽黒町荒川字谷地堰４２－５", "緯度": 38.718121, "経度": 139.899405, "url": "https://www.iryou.teikyouseido.mhlw.go.jp/znk-web/juminkanja/S2430/initialize?prefCd=06&kikanCd=400000234&kikanKbn=nan", "url2": "https://www.haguroph.com", "内容": "羽黒調剤薬局0山形県鶴岡市羽黒町荒川字谷地堰４２－５" }, "geometry": { "type": "Point", "coordinates": [ 139.899405, 38.718121 ] } },
{ "type": "Feature", "properties": { "ID": 65400000237, "正式名称": "まるなか調剤薬局", "機関区分": 5, "都道府県コード": 6, "市区町村コード": 203, "所在地": "山形県鶴岡市北茅原町１４―８", "緯度": 38.75659, "経度": 139.844367, "url": "https://www.iryou.teikyouseido.mhlw.go.jp/znk-web/juminkanja/S2430/initialize?prefCd=06&kikanCd=400000237&kikanKbn=nan", "url2": "https;//e-classa.net/marunaka", "内容": "まるなか調剤薬局0山形県鶴岡市北茅原町１４―８" }, "geometry": { "type": "Point", "coordinates": [ 139.844367, 38.75659 ] } },
{ "type": "Feature", "properties": { "ID": 65400000238, "正式名称": "こあら薬局", "機関区分": 5, "都道府県コード": 6, "市区町村コード": 204, "所在地": "山形県酒田市こあら３−６−２２", "緯度": 38.912213, "経度": 139.862878, "url": "https://www.iryou.teikyouseido.mhlw.go.jp/znk-web/juminkanja/S2430/initialize?prefCd=06&kikanCd=400000238&kikanKbn=nan", "url2": null, "内容": "こあら薬局0山形県酒田市こあら３−６−２２" }, "geometry": { "type": "Point", "coordinates": [ 139.862878, 38.912213 ] } },
{ "type": "Feature", "properties": { "ID": 65400000239, "正式名称": "えがお薬局酒田店", "機関区分": 5, "都道府県コード": 6, "市区町村コード": 204, "所在地": "山形県酒田市浜松町１番１９号", "緯度": 38.937445, "経度": 139.822868, "url": "https://www.iryou.teikyouseido.mhlw.go.jp/znk-web/juminkanja/S2430/initialize?prefCd=06&kikanCd=400000239&kikanKbn=nan", "url2": null, "内容": "えがお薬局酒田店0山形県酒田市浜松町１番１９号" }, "geometry": { "type": "Point", "coordinates": [ 139.822868, 38.937445 ] } },
{ "type": "Feature", "properties": { "ID": 65400000242, "正式名称": "アイン薬局　酒田店", "機関区分": 5, "都道府県コード": 6, "市区町村コード": 204, "所在地": "山形県酒田市大宮町１丁目５ー２", "緯度": 38.889589, "経度": 139.855473, "url": "https://www.iryou.teikyouseido.mhlw.go.jp/znk-web/juminkanja/S2430/initialize?prefCd=06&kikanCd=400000242&kikanKbn=nan", "url2": "http://www.ainj.co.jp/", "内容": "アイン薬局　酒田店0山形県酒田市大宮町１丁目５ー２" }, "geometry": { "type": "Point", "coordinates": [ 139.855473, 38.889589 ] } },
{ "type": "Feature", "properties": { "ID": 65400000245, "正式名称": "共栄堂薬局みずほ店", "機関区分": 5, "都道府県コード": 6, "市区町村コード": 204, "所在地": "山形県酒田市みずほ１－２ー２７", "緯度": 38.907036, "経度": 139.8491, "url": "https://www.iryou.teikyouseido.mhlw.go.jp/znk-web/juminkanja/S2430/initialize?prefCd=06&kikanCd=400000245&kikanKbn=nan", "url2": "http://www.kyoueido.net/shop/1537", "内容": "共栄堂薬局みずほ店0山形県酒田市みずほ１－２ー２７" }, "geometry": { "type": "Point", "coordinates": [ 139.8491, 38.907036 ] } },
{ "type": "Feature", "properties": { "ID": 65400000249, "正式名称": "アイセイ薬局みどり町店", "機関区分": 5, "都道府県コード": 6, "市区町村コード": 203, "所在地": "山形県鶴岡市みどり町１８－６", "緯度": 38.733307, "経度": 139.807216, "url": "https://www.iryou.teikyouseido.mhlw.go.jp/znk-web/juminkanja/S2430/initialize?prefCd=06&kikanCd=400000249&kikanKbn=nan", "url2": "http://www.aisei.co.jp", "内容": "アイセイ薬局みどり町店0山形県鶴岡市みどり町１８－６" }, "geometry": { "type": "Point", "coordinates": [ 139.807216, 38.733307 ] } },
{ "type": "Feature", "properties": { "ID": 65400000401, "正式名称": "アベ薬局", "機関区分": 5, "都道府県コード": 6, "市区町村コード": 204, "所在地": "山形県酒田市千石町二丁目１０ー２９", "緯度": 38.906417, "経度": 139.836924, "url": "https://www.iryou.teikyouseido.mhlw.go.jp/znk-web/juminkanja/S2430/initialize?prefCd=06&kikanCd=400000401&kikanKbn=nan", "url2": null, "内容": "アベ薬局0山形県酒田市千石町二丁目１０ー２９" }, "geometry": { "type": "Point", "coordinates": [ 139.836924, 38.906417 ] } },
{ "type": "Feature", "properties": { "ID": 65400000408, "正式名称": "ヱビスヤ漢方薬局", "機関区分": 5, "都道府県コード": 6, "市区町村コード": 204, "所在地": "山形県酒田市中町", "緯度": 38.91523, "経度": 139.836768, "url": "https://www.iryou.teikyouseido.mhlw.go.jp/znk-web/juminkanja/S2430/initialize?prefCd=06&kikanCd=400000408&kikanKbn=nan", "url2": "ebisuya-kampo.co.jp", "内容": "ヱビスヤ漢方薬局0山形県酒田市中町" }, "geometry": { "type": "Point", "coordinates": [ 139.836768, 38.91523 ] } },
{ "type": "Feature", "properties": { "ID": 65400000414, "正式名称": "齋藤薬局", "機関区分": 5, "都道府県コード": 6, "市区町村コード": 204, "所在地": "山形県酒田市豊里字下藤塚８５", "緯度": 38.949702, "経度": 139.845719, "url": "https://www.iryou.teikyouseido.mhlw.go.jp/znk-web/juminkanja/S2430/initialize?prefCd=06&kikanCd=400000414&kikanKbn=nan", "url2": null, "内容": "齋藤薬局0山形県酒田市豊里字下藤塚８５" }, "geometry": { "type": "Point", "coordinates": [ 139.845719, 38.949702 ] } },
{ "type": "Feature", "properties": { "ID": 65400000415, "正式名称": "（株）佐藤伝兵エ薬局", "機関区分": 5, "都道府県コード": 6, "市区町村コード": 204, "所在地": "山形県酒田市中町", "緯度": 38.9177, "経度": 139.837768, "url": "https://www.iryou.teikyouseido.mhlw.go.jp/znk-web/juminkanja/S2430/initialize?prefCd=06&kikanCd=400000415&kikanKbn=nan", "url2": "?", "内容": "（株）佐藤伝兵エ薬局0山形県酒田市中町" }, "geometry": { "type": "Point", "coordinates": [ 139.837768, 38.9177 ] } },
{ "type": "Feature", "properties": { "ID": 65400000434, "正式名称": "まつや薬局高見台店", "機関区分": 5, "都道府県コード": 6, "市区町村コード": 204, "所在地": "山形県酒田市高見台一丁目１３−１０", "緯度": 38.902731, "経度": 139.819436, "url": "https://www.iryou.teikyouseido.mhlw.go.jp/znk-web/juminkanja/S2430/initialize?prefCd=06&kikanCd=400000434&kikanKbn=nan", "url2": null, "内容": "まつや薬局高見台店0山形県酒田市高見台一丁目１３−１０" }, "geometry": { "type": "Point", "coordinates": [ 139.819436, 38.902731 ] } },
{ "type": "Feature", "properties": { "ID": 65400000442, "正式名称": "みしまや薬局", "機関区分": 5, "都道府県コード": 6, "市区町村コード": 428, "所在地": "山形県東田川郡庄内町清川字花崎３７", "緯度": 38.78675, "経度": 140.025483, "url": "https://www.iryou.teikyouseido.mhlw.go.jp/znk-web/juminkanja/S2430/initialize?prefCd=06&kikanCd=400000442&kikanKbn=nan", "url2": "http://www.meron-net.jp/mishimaya/", "内容": "みしまや薬局0山形県東田川郡庄内町清川字花崎３７" }, "geometry": { "type": "Point", "coordinates": [ 140.025483, 38.78675 ] } },
{ "type": "Feature", "properties": { "ID": 65400000447, "正式名称": "テラオカ薬局", "機関区分": 5, "都道府県コード": 6, "市区町村コード": 204, "所在地": "山形県酒田市飛鳥字契約場４５−５", "緯度": 38.8885, "経度": 139.926577, "url": "https://www.iryou.teikyouseido.mhlw.go.jp/znk-web/juminkanja/S2430/initialize?prefCd=06&kikanCd=400000447&kikanKbn=nan", "url2": null, "内容": "テラオカ薬局0山形県酒田市飛鳥字契約場４５−５" }, "geometry": { "type": "Point", "coordinates": [ 139.926577, 38.8885 ] } },
{ "type": "Feature", "properties": { "ID": 65400000552, "正式名称": "有限会社まつや薬局", "機関区分": 5, "都道府県コード": 6, "市区町村コード": 428, "所在地": "山形県東田川郡庄内町余目字町１３", "緯度": 38.84922, "経度": 139.906259, "url": "https://www.iryou.teikyouseido.mhlw.go.jp/znk-web/juminkanja/S2430/initialize?prefCd=06&kikanCd=400000552&kikanKbn=nan", "url2": "http://www.pharmacymatsuya.co.jp/", "内容": "有限会社まつや薬局0山形県東田川郡庄内町余目字町１３" }, "geometry": { "type": "Point", "coordinates": [ 139.906259, 38.84922 ] } },
{ "type": "Feature", "properties": { "ID": 65400000640, "正式名称": "調剤薬局ツルハドラッグ酒田店", "機関区分": 5, "都道府県コード": 6, "市区町村コード": 204, "所在地": "山形県酒田市ゆたか２丁目１番１号", "緯度": 38.935723, "経度": 139.845722, "url": "https://www.iryou.teikyouseido.mhlw.go.jp/znk-web/juminkanja/S2430/initialize?prefCd=06&kikanCd=400000640&kikanKbn=nan", "url2": "http://www.tsuruha.co.jp/", "内容": "調剤薬局ツルハドラッグ酒田店0山形県酒田市ゆたか２丁目１番１号" }, "geometry": { "type": "Point", "coordinates": [ 139.845722, 38.935723 ] } },
{ "type": "Feature", "properties": { "ID": 65400000714, "正式名称": "岡部薬局", "機関区分": 5, "都道府県コード": 6, "市区町村コード": 203, "所在地": "山形県鶴岡市大山２－２３－１０", "緯度": 38.747815, "経度": 139.76557, "url": "https://www.iryou.teikyouseido.mhlw.go.jp/znk-web/juminkanja/S2430/initialize?prefCd=06&kikanCd=400000714&kikanKbn=nan", "url2": null, "内容": "岡部薬局0山形県鶴岡市大山２－２３－１０" }, "geometry": { "type": "Point", "coordinates": [ 139.76557, 38.747815 ] } },
{ "type": "Feature", "properties": { "ID": 65400000719, "正式名称": "杏林堂漢方薬局", "機関区分": 5, "都道府県コード": 6, "市区町村コード": 203, "所在地": "山形県鶴岡市本町二丁目５－１５", "緯度": 38.725898, "経度": 139.83038, "url": "https://www.iryou.teikyouseido.mhlw.go.jp/znk-web/juminkanja/S2430/initialize?prefCd=06&kikanCd=400000719&kikanKbn=nan", "url2": null, "内容": "杏林堂漢方薬局0山形県鶴岡市本町二丁目５－１５" }, "geometry": { "type": "Point", "coordinates": [ 139.83038, 38.725898 ] } },
{ "type": "Feature", "properties": { "ID": 65400000747, "正式名称": "ダルマヤ薬局", "機関区分": 5, "都道府県コード": 6, "市区町村コード": 203, "所在地": "山形県鶴岡市藤島字古楯跡５７－２", "緯度": 38.767524, "経度": 139.902239, "url": "https://www.iryou.teikyouseido.mhlw.go.jp/znk-web/juminkanja/S2430/initialize?prefCd=06&kikanCd=400000747&kikanKbn=nan", "url2": null, "内容": "ダルマヤ薬局0山形県鶴岡市藤島字古楯跡５７－２" }, "geometry": { "type": "Point", "coordinates": [ 139.902239, 38.767524 ] } },
{ "type": "Feature", "properties": { "ID": 65400000748, "正式名称": "よつば薬局", "機関区分": 5, "都道府県コード": 6, "市区町村コード": 203, "所在地": "山形県鶴岡市藤島字笹花２０−４３", "緯度": 38.765797, "経度": 139.907031, "url": "https://www.iryou.teikyouseido.mhlw.go.jp/znk-web/juminkanja/S2430/initialize?prefCd=06&kikanCd=400000748&kikanKbn=nan", "url2": null, "内容": "よつば薬局0山形県鶴岡市藤島字笹花２０−４３" }, "geometry": { "type": "Point", "coordinates": [ 139.907031, 38.765797 ] } },
{ "type": "Feature", "properties": { "ID": 65400000866, "正式名称": "中村薬局", "機関区分": 5, "都道府県コード": 6, "市区町村コード": 203, "所在地": "山形県鶴岡市山王町８－９", "緯度": 38.731261, "経度": 139.833941, "url": "https://www.iryou.teikyouseido.mhlw.go.jp/znk-web/juminkanja/S2430/initialize?prefCd=06&kikanCd=400000866&kikanKbn=nan", "url2": null, "内容": "中村薬局0山形県鶴岡市山王町８－９" }, "geometry": { "type": "Point", "coordinates": [ 139.833941, 38.731261 ] } },
{ "type": "Feature", "properties": { "ID": 65400000874, "正式名称": "有限会社　和光堂薬局", "機関区分": 5, "都道府県コード": 6, "市区町村コード": 203, "所在地": "山形県鶴岡市新形町４−３１", "緯度": 38.736385, "経度": 139.826089, "url": "https://www.iryou.teikyouseido.mhlw.go.jp/znk-web/juminkanja/S2430/initialize?prefCd=06&kikanCd=400000874&kikanKbn=nan", "url2": "https://www.wakoudou2525.jp/", "内容": "有限会社　和光堂薬局0山形県鶴岡市新形町４−３１" }, "geometry": { "type": "Point", "coordinates": [ 139.826089, 38.736385 ] } },
{ "type": "Feature", "properties": { "ID": 65400001179, "正式名称": "有限会社クスリのフレンズ", "機関区分": 5, "都道府県コード": 6, "市区町村コード": 203, "所在地": "山形県鶴岡市本町２丁目６－１５", "緯度": 38.726635, "経度": 139.82935, "url": "https://www.iryou.teikyouseido.mhlw.go.jp/znk-web/juminkanja/S2430/initialize?prefCd=06&kikanCd=400001179&kikanKbn=nan", "url2": null, "内容": "有限会社クスリのフレンズ0山形県鶴岡市本町２丁目６－１５" }, "geometry": { "type": "Point", "coordinates": [ 139.82935, 38.726635 ] } },
{ "type": "Feature", "properties": { "ID": 65400001182, "正式名称": "ツルオカ薬局　元気・元気店", "機関区分": 5, "都道府県コード": 6, "市区町村コード": 203, "所在地": "山形県鶴岡市睦町６−６", "緯度": 38.721367, "経度": 139.829003, "url": "https://www.iryou.teikyouseido.mhlw.go.jp/znk-web/juminkanja/S2430/initialize?prefCd=06&kikanCd=400001182&kikanKbn=nan", "url2": "http://www.turuyaku.jp/", "内容": "ツルオカ薬局　元気・元気店0山形県鶴岡市睦町６−６" }, "geometry": { "type": "Point", "coordinates": [ 139.829003, 38.721367 ] } },
{ "type": "Feature", "properties": { "ID": 65400001199, "正式名称": "健幸堂薬局", "機関区分": 5, "都道府県コード": 6, "市区町村コード": 203, "所在地": "山形県鶴岡市大山２－１９－４", "緯度": 38.748674, "経度": 139.766294, "url": "https://www.iryou.teikyouseido.mhlw.go.jp/znk-web/juminkanja/S2430/initialize?prefCd=06&kikanCd=400001199&kikanKbn=nan", "url2": "?", "内容": "健幸堂薬局0山形県鶴岡市大山２－１９－４" }, "geometry": { "type": "Point", "coordinates": [ 139.766294, 38.748674 ] } },
{ "type": "Feature", "properties": { "ID": 65400001361, "正式名称": "あかしや薬局錦町店", "機関区分": 5, "都道府県コード": 6, "市区町村コード": 204, "所在地": "山形県酒田市錦町５丁目３２−４２５", "緯度": 38.878095, "経度": 139.834093, "url": "https://www.iryou.teikyouseido.mhlw.go.jp/znk-web/juminkanja/S2430/initialize?prefCd=06&kikanCd=400001361&kikanKbn=nan", "url2": "no", "内容": "あかしや薬局錦町店0山形県酒田市錦町５丁目３２−４２５" }, "geometry": { "type": "Point", "coordinates": [ 139.834093, 38.878095 ] } },
{ "type": "Feature", "properties": { "ID": 65400001369, "正式名称": "日本調剤鶴岡南薬局", "機関区分": 5, "都道府県コード": 6, "市区町村コード": 203, "所在地": "山形県鶴岡市文園町１－１１", "緯度": 38.718237, "経度": 139.829297, "url": "https://www.iryou.teikyouseido.mhlw.go.jp/znk-web/juminkanja/S2430/initialize?prefCd=06&kikanCd=400001369&kikanKbn=nan", "url2": "http://www.nicho.co.jp/tenpo/touhoku/yamagata/post_155.html", "内容": "日本調剤鶴岡南薬局0山形県鶴岡市文園町１－１１" }, "geometry": { "type": "Point", "coordinates": [ 139.829297, 38.718237 ] } },
{ "type": "Feature", "properties": { "ID": 65400001480, "正式名称": "富樫薬局", "機関区分": 5, "都道府県コード": 6, "市区町村コード": 204, "所在地": "山形県酒田市中央西町１－１４", "緯度": 38.920811, "経度": 139.838597, "url": "https://www.iryou.teikyouseido.mhlw.go.jp/znk-web/juminkanja/S2430/initialize?prefCd=06&kikanCd=400001480&kikanKbn=nan", "url2": null, "内容": "富樫薬局0山形県酒田市中央西町１－１４" }, "geometry": { "type": "Point", "coordinates": [ 139.838597, 38.920811 ] } },
{ "type": "Feature", "properties": { "ID": 65400001685, "正式名称": "めぐみ薬局", "機関区分": 5, "都道府県コード": 6, "市区町村コード": 204, "所在地": "山形県酒田市上野曽根字上中割７３‐２", "緯度": 38.942643, "経度": 139.887374, "url": "https://www.iryou.teikyouseido.mhlw.go.jp/znk-web/juminkanja/S2430/initialize?prefCd=06&kikanCd=400001685&kikanKbn=nan", "url2": null, "内容": "めぐみ薬局0山形県酒田市上野曽根字上中割７３‐２" }, "geometry": { "type": "Point", "coordinates": [ 139.887374, 38.942643 ] } },
{ "type": "Feature", "properties": { "ID": 65400001754, "正式名称": "日本調剤遊佐町薬局", "機関区分": 5, "都道府県コード": 6, "市区町村コード": 461, "所在地": "山形県飽海郡遊佐町遊佐字前田８３－１", "緯度": 39.017985, "経度": 139.906436, "url": "https://www.iryou.teikyouseido.mhlw.go.jp/znk-web/juminkanja/S2430/initialize?prefCd=06&kikanCd=400001754&kikanKbn=nan", "url2": "http://www.nicho.co.jp/tenpo/touhoku/yamagata/post_154.html", "内容": "日本調剤遊佐町薬局0山形県飽海郡遊佐町遊佐字前田８３－１" }, "geometry": { "type": "Point", "coordinates": [ 139.906436, 39.017985 ] } },
{ "type": "Feature", "properties": { "ID": 65400001808, "正式名称": "ツルオカ薬局　病院前店", "機関区分": 5, "都道府県コード": 6, "市区町村コード": 203, "所在地": "山形県鶴岡市泉町５−７５", "緯度": 38.730941, "経度": 139.829069, "url": "https://www.iryou.teikyouseido.mhlw.go.jp/znk-web/juminkanja/S2430/initialize?prefCd=06&kikanCd=400001808&kikanKbn=nan", "url2": "https://www.turuyaku.jp/", "内容": "ツルオカ薬局　病院前店0山形県鶴岡市泉町５−７５" }, "geometry": { "type": "Point", "coordinates": [ 139.829069, 38.730941 ] } },
{ "type": "Feature", "properties": { "ID": 65400001951, "正式名称": "みさき調剤薬局", "機関区分": 5, "都道府県コード": 6, "市区町村コード": 203, "所在地": "山形県鶴岡市美咲町７－３４", "緯度": 38.736907, "経度": 139.80133, "url": "https://www.iryou.teikyouseido.mhlw.go.jp/znk-web/juminkanja/S2430/initialize?prefCd=06&kikanCd=400001951&kikanKbn=nan", "url2": "http://misakikusuri.meron-net.jp/", "内容": "みさき調剤薬局0山形県鶴岡市美咲町７－３４" }, "geometry": { "type": "Point", "coordinates": [ 139.80133, 38.736907 ] } },
{ "type": "Feature", "properties": { "ID": 65400002407, "正式名称": "ほなみ調剤薬局", "機関区分": 5, "都道府県コード": 6, "市区町村コード": 203, "所在地": "山形県鶴岡市ほなみ町７－１", "緯度": 38.71686, "経度": 139.843168, "url": "https://www.iryou.teikyouseido.mhlw.go.jp/znk-web/juminkanja/S2430/initialize?prefCd=06&kikanCd=400002407&kikanKbn=nan", "url2": "https://www.honami2022.com/", "内容": "ほなみ調剤薬局0山形県鶴岡市ほなみ町７－１" }, "geometry": { "type": "Point", "coordinates": [ 139.843168, 38.71686 ] } },
{ "type": "Feature", "properties": { "ID": 65400002501, "正式名称": "庄内すこやか薬局", "機関区分": 5, "都道府県コード": 6, "市区町村コード": 428, "所在地": "山形県東田川郡庄内町余目字猿田９１－１", "緯度": 38.845279, "経度": 139.90507, "url": "https://www.iryou.teikyouseido.mhlw.go.jp/znk-web/juminkanja/S2430/initialize?prefCd=06&kikanCd=400002501&kikanKbn=nan", "url2": "http://sukoyaka-21.co.jp", "内容": "庄内すこやか薬局0山形県東田川郡庄内町余目字猿田９１－１" }, "geometry": { "type": "Point", "coordinates": [ 139.90507, 38.845279 ] } },
{ "type": "Feature", "properties": { "ID": 65400002517, "正式名称": "エビスヤ薬局瑞穂", "機関区分": 5, "都道府県コード": 6, "市区町村コード": 204, "所在地": "山形県酒田市大町１４－２０", "緯度": 38.905246, "経度": 139.851765, "url": "https://www.iryou.teikyouseido.mhlw.go.jp/znk-web/juminkanja/S2430/initialize?prefCd=06&kikanCd=400002517&kikanKbn=nan", "url2": null, "内容": "エビスヤ薬局瑞穂0山形県酒田市大町１４－２０" }, "geometry": { "type": "Point", "coordinates": [ 139.851765, 38.905246 ] } },
{ "type": "Feature", "properties": { "ID": 65400002740, "正式名称": "コスモ調剤薬局小真木原店", "機関区分": 5, "都道府県コード": 6, "市区町村コード": 203, "所在地": "山形県鶴岡市日枝字小真木原１１８－６", "緯度": 38.710779, "経度": 139.816046, "url": "https://www.iryou.teikyouseido.mhlw.go.jp/znk-web/juminkanja/S2430/initialize?prefCd=06&kikanCd=400002740&kikanKbn=nan", "url2": "http://www.cosmo-ph.co.jp/", "内容": "コスモ調剤薬局小真木原店0山形県鶴岡市日枝字小真木原１１８－６" }, "geometry": { "type": "Point", "coordinates": [ 139.816046, 38.710779 ] } },
{ "type": "Feature", "properties": { "ID": 65400002757, "正式名称": "真薬堂薬局", "機関区分": 5, "都道府県コード": 6, "市区町村コード": 203, "所在地": "山形県鶴岡市伊勢原町", "緯度": 38.71952, "経度": 139.848715, "url": "https://www.iryou.teikyouseido.mhlw.go.jp/znk-web/juminkanja/S2430/initialize?prefCd=06&kikanCd=400002757&kikanKbn=nan", "url2": null, "内容": "真薬堂薬局0山形県鶴岡市伊勢原町" }, "geometry": { "type": "Point", "coordinates": [ 139.848715, 38.71952 ] } },
{ "type": "Feature", "properties": { "ID": 65400002763, "正式名称": "日本調剤荘内薬局", "機関区分": 5, "都道府県コード": 6, "市区町村コード": 203, "所在地": "山形県鶴岡市泉町８−６４", "緯度": 38.731319, "経度": 139.83068, "url": "https://www.iryou.teikyouseido.mhlw.go.jp/znk-web/juminkanja/S2430/initialize?prefCd=06&kikanCd=400002763&kikanKbn=nan", "url2": "http://www.nicho.co.jp/tenpo/touhoku/yamagata/post_156.html", "内容": "日本調剤荘内薬局0山形県鶴岡市泉町８−６４" }, "geometry": { "type": "Point", "coordinates": [ 139.83068, 38.731319 ] } },
{ "type": "Feature", "properties": { "ID": 65400002790, "正式名称": "亀城薬局", "機関区分": 5, "都道府県コード": 6, "市区町村コード": 204, "所在地": "山形県酒田市亀ケ崎２－４－３５", "緯度": 38.909295, "経度": 139.845182, "url": "https://www.iryou.teikyouseido.mhlw.go.jp/znk-web/juminkanja/S2430/initialize?prefCd=06&kikanCd=400002790&kikanKbn=nan", "url2": "http://www.luckybag.co.jp", "内容": "亀城薬局0山形県酒田市亀ケ崎２－４－３５" }, "geometry": { "type": "Point", "coordinates": [ 139.845182, 38.909295 ] } },
{ "type": "Feature", "properties": { "ID": 65400002798, "正式名称": "調剤薬局ツルハドラッグみずほ店", "機関区分": 5, "都道府県コード": 6, "市区町村コード": 204, "所在地": "山形県酒田市亀ケ崎３丁目９ー１５", "緯度": 38.903111, "経度": 139.849282, "url": "https://www.iryou.teikyouseido.mhlw.go.jp/znk-web/juminkanja/S2430/initialize?prefCd=06&kikanCd=400002798&kikanKbn=nan", "url2": "http://www.tsuruha.co.jp/", "内容": "調剤薬局ツルハドラッグみずほ店0山形県酒田市亀ケ崎３丁目９ー１５" }, "geometry": { "type": "Point", "coordinates": [ 139.849282, 38.903111 ] } },
{ "type": "Feature", "properties": { "ID": 65400002866, "正式名称": "戸田薬局", "機関区分": 5, "都道府県コード": 6, "市区町村コード": 204, "所在地": "山形県酒田市観音寺字町後３３番地２８", "緯度": 38.970504, "経度": 139.939018, "url": "https://www.iryou.teikyouseido.mhlw.go.jp/znk-web/juminkanja/S2430/initialize?prefCd=06&kikanCd=400002866&kikanKbn=nan", "url2": "?", "内容": "戸田薬局0山形県酒田市観音寺字町後３３番地２８" }, "geometry": { "type": "Point", "coordinates": [ 139.939018, 38.970504 ] } },
{ "type": "Feature", "properties": { "ID": 65400002896, "正式名称": "かわばた薬局", "機関区分": 5, "都道府県コード": 6, "市区町村コード": 203, "所在地": "山形県鶴岡市本町１－６－３７", "緯度": 38.727572, "経度": 139.83044, "url": "https://www.iryou.teikyouseido.mhlw.go.jp/znk-web/juminkanja/S2430/initialize?prefCd=06&kikanCd=400002896&kikanKbn=nan", "url2": null, "内容": "かわばた薬局0山形県鶴岡市本町１－６－３７" }, "geometry": { "type": "Point", "coordinates": [ 139.83044, 38.727572 ] } },
{ "type": "Feature", "properties": { "ID": 65400002912, "正式名称": "ツルオカ薬局ゆあつみ店", "機関区分": 5, "都道府県コード": 6, "市区町村コード": 203, "所在地": "山形県鶴岡市湯温海甲１３９", "緯度": 38.615914, "経度": 139.610348, "url": "https://www.iryou.teikyouseido.mhlw.go.jp/znk-web/juminkanja/S2430/initialize?prefCd=06&kikanCd=400002912&kikanKbn=nan", "url2": "http://www.turuyaku.jp/", "内容": "ツルオカ薬局ゆあつみ店0山形県鶴岡市湯温海甲１３９" }, "geometry": { "type": "Point", "coordinates": [ 139.610348, 38.615914 ] } },
{ "type": "Feature", "properties": { "ID": 65400002913, "正式名称": "コスモ調剤薬局みかわ店", "機関区分": 5, "都道府県コード": 6, "市区町村コード": 426, "所在地": "山形県東田川郡三川町猪子字大堰端３７９―１０", "緯度": 38.81732, "経度": 139.838729, "url": "https://www.iryou.teikyouseido.mhlw.go.jp/znk-web/juminkanja/S2430/initialize?prefCd=06&kikanCd=400002913&kikanKbn=nan", "url2": null, "内容": "コスモ調剤薬局みかわ店0山形県東田川郡三川町猪子字大堰端３７９―１０" }, "geometry": { "type": "Point", "coordinates": [ 139.838729, 38.81732 ] } },
{ "type": "Feature", "properties": { "ID": 65400002964, "正式名称": "（有）クスリのフレンズ湯田川店", "機関区分": 5, "都道府県コード": 6, "市区町村コード": 203, "所在地": "山形県鶴岡市湯田川字中田５ー２３", "緯度": 38.695128, "経度": 139.772656, "url": "https://www.iryou.teikyouseido.mhlw.go.jp/znk-web/juminkanja/S2430/initialize?prefCd=06&kikanCd=400002964&kikanKbn=nan", "url2": null, "内容": "（有）クスリのフレンズ湯田川店0山形県鶴岡市湯田川字中田５ー２３" }, "geometry": { "type": "Point", "coordinates": [ 139.772656, 38.695128 ] } },
{ "type": "Feature", "properties": { "ID": 65400003212, "正式名称": "調剤薬局ツルハドラッグ酒田曙町店", "機関区分": 5, "都道府県コード": 6, "市区町村コード": 204, "所在地": "山形県酒田市曙町２丁目１７－１", "緯度": 38.919508, "経度": 139.863574, "url": "https://www.iryou.teikyouseido.mhlw.go.jp/znk-web/juminkanja/S2430/initialize?prefCd=06&kikanCd=400003212&kikanKbn=nan", "url2": "http://www.tsuruha.co.jp", "内容": "調剤薬局ツルハドラッグ酒田曙町店0山形県酒田市曙町２丁目１７－１" }, "geometry": { "type": "Point", "coordinates": [ 139.863574, 38.919508 ] } },
{ "type": "Feature", "properties": { "ID": 65400003256, "正式名称": "ふじしま調剤薬局", "機関区分": 5, "都道府県コード": 6, "市区町村コード": 203, "所在地": "山形県鶴岡市藤島字笹花", "緯度": 38.766269, "経度": 139.905688, "url": "https://www.iryou.teikyouseido.mhlw.go.jp/znk-web/juminkanja/S2430/initialize?prefCd=06&kikanCd=400003256&kikanKbn=nan", "url2": null, "内容": "ふじしま調剤薬局0山形県鶴岡市藤島字笹花" }, "geometry": { "type": "Point", "coordinates": [ 139.905688, 38.766269 ] } },
{ "type": "Feature", "properties": { "ID": 65400003333, "正式名称": "はるかぜ薬局", "機関区分": 5, "都道府県コード": 6, "市区町村コード": 203, "所在地": "山形県鶴岡市のぞみ町５－２１", "緯度": 38.714474, "経度": 139.834922, "url": "https://www.iryou.teikyouseido.mhlw.go.jp/znk-web/juminkanja/S2430/initialize?prefCd=06&kikanCd=400003333&kikanKbn=nan", "url2": "http://kozure.cocolog-nifty.com/harukaze/", "内容": "はるかぜ薬局0山形県鶴岡市のぞみ町５－２１" }, "geometry": { "type": "Point", "coordinates": [ 139.834922, 38.714474 ] } },
{ "type": "Feature", "properties": { "ID": 65400003334, "正式名称": "さくら調剤薬局", "機関区分": 5, "都道府県コード": 6, "市区町村コード": 203, "所在地": "山形県鶴岡市ほなみ町７−３８", "緯度": 38.716474, "経度": 139.84333, "url": "https://www.iryou.teikyouseido.mhlw.go.jp/znk-web/juminkanja/S2430/initialize?prefCd=06&kikanCd=400003334&kikanKbn=nan", "url2": null, "内容": "さくら調剤薬局0山形県鶴岡市ほなみ町７−３８" }, "geometry": { "type": "Point", "coordinates": [ 139.84333, 38.716474 ] } },
{ "type": "Feature", "properties": { "ID": 65400003454, "正式名称": "うさぎ薬局", "機関区分": 5, "都道府県コード": 6, "市区町村コード": 203, "所在地": "山形県鶴岡市西新斎町３－５", "緯度": 38.733649, "経度": 139.814157, "url": "https://www.iryou.teikyouseido.mhlw.go.jp/znk-web/juminkanja/S2430/initialize?prefCd=06&kikanCd=400003454&kikanKbn=nan", "url2": null, "内容": "うさぎ薬局0山形県鶴岡市西新斎町３－５" }, "geometry": { "type": "Point", "coordinates": [ 139.814157, 38.733649 ] } },
{ "type": "Feature", "properties": { "ID": 65400003455, "正式名称": "ひらた町調剤薬局", "機関区分": 5, "都道府県コード": 6, "市区町村コード": 204, "所在地": "山形県酒田市砂越１００ー１", "緯度": 38.889879, "経度": 139.901817, "url": "https://www.iryou.teikyouseido.mhlw.go.jp/znk-web/juminkanja/S2430/initialize?prefCd=06&kikanCd=400003455&kikanKbn=nan", "url2": "https://www.pharmacy-osco.com/hirata/", "内容": "ひらた町調剤薬局0山形県酒田市砂越１００ー１" }, "geometry": { "type": "Point", "coordinates": [ 139.901817, 38.889879 ] } },
{ "type": "Feature", "properties": { "ID": 65400003456, "正式名称": "さくら薬局", "機関区分": 5, "都道府県コード": 6, "市区町村コード": 204, "所在地": "山形県酒田市相生町２－５－３９", "緯度": 38.921108, "経度": 139.841251, "url": "https://www.iryou.teikyouseido.mhlw.go.jp/znk-web/juminkanja/S2430/initialize?prefCd=06&kikanCd=400003456&kikanKbn=nan", "url2": null, "内容": "さくら薬局0山形県酒田市相生町２－５－３９" }, "geometry": { "type": "Point", "coordinates": [ 139.841251, 38.921108 ] } },
{ "type": "Feature", "properties": { "ID": 65400003457, "正式名称": "さつき薬局", "機関区分": 5, "都道府県コード": 6, "市区町村コード": 204, "所在地": "山形県酒田市亀ケ崎", "緯度": 38.903065, "経度": 139.84507, "url": "https://www.iryou.teikyouseido.mhlw.go.jp/znk-web/juminkanja/S2430/initialize?prefCd=06&kikanCd=400003457&kikanKbn=nan", "url2": "https://www.pharmacy-osco.com/", "内容": "さつき薬局0山形県酒田市亀ケ崎" }, "geometry": { "type": "Point", "coordinates": [ 139.84507, 38.903065 ] } },
{ "type": "Feature", "properties": { "ID": 65400003458, "正式名称": "たぶの木薬局", "機関区分": 5, "都道府県コード": 6, "市区町村コード": 204, "所在地": "山形県酒田市亀ケ崎７丁目１ー３３", "緯度": 38.897984, "経度": 139.847785, "url": "https://www.iryou.teikyouseido.mhlw.go.jp/znk-web/juminkanja/S2430/initialize?prefCd=06&kikanCd=400003458&kikanKbn=nan", "url2": null, "内容": "たぶの木薬局0山形県酒田市亀ケ崎７丁目１ー３３" }, "geometry": { "type": "Point", "coordinates": [ 139.847785, 38.897984 ] } },
{ "type": "Feature", "properties": { "ID": 65400003930, "正式名称": "共栄堂薬局ちわら店", "機関区分": 5, "都道府県コード": 6, "市区町村コード": 203, "所在地": "山形県鶴岡市西茅原町１３番２６号", "緯度": 38.749319, "経度": 139.834313, "url": "https://www.iryou.teikyouseido.mhlw.go.jp/znk-web/juminkanja/S2430/initialize?prefCd=06&kikanCd=400003930&kikanKbn=nan", "url2": "https://kyoueido.net/shop/1597/", "内容": "共栄堂薬局ちわら店0山形県鶴岡市西茅原町１３番２６号" }, "geometry": { "type": "Point", "coordinates": [ 139.834313, 38.749319 ] } },
{ "type": "Feature", "properties": { "ID": 65400003938, "正式名称": "すみよし調剤薬局", "機関区分": 5, "都道府県コード": 6, "市区町村コード": 204, "所在地": "山形県酒田市住吉町", "緯度": 38.927837, "経度": 139.834644, "url": "https://www.iryou.teikyouseido.mhlw.go.jp/znk-web/juminkanja/S2430/initialize?prefCd=06&kikanCd=400003938&kikanKbn=nan", "url2": null, "内容": "すみよし調剤薬局0山形県酒田市住吉町" }, "geometry": { "type": "Point", "coordinates": [ 139.834644, 38.927837 ] } },
{ "type": "Feature", "properties": { "ID": 65400003967, "正式名称": "有限会社クスリのフレンズ板井川店", "機関区分": 5, "都道府県コード": 6, "市区町村コード": 203, "所在地": "山形県鶴岡市板井川字片茎７９−９", "緯度": 38.649122, "経度": 139.849656, "url": "https://www.iryou.teikyouseido.mhlw.go.jp/znk-web/juminkanja/S2430/initialize?prefCd=06&kikanCd=400003967&kikanKbn=nan", "url2": null, "内容": "有限会社クスリのフレンズ板井川店0山形県鶴岡市板井川字片茎７９−９" }, "geometry": { "type": "Point", "coordinates": [ 139.849656, 38.649122 ] } },
{ "type": "Feature", "properties": { "ID": 65400003990, "正式名称": "ポプラ薬局", "機関区分": 5, "都道府県コード": 6, "市区町村コード": 203, "所在地": "山形県鶴岡市東原町２５－２０", "緯度": 38.718853, "経度": 139.844735, "url": "https://www.iryou.teikyouseido.mhlw.go.jp/znk-web/juminkanja/S2430/initialize?prefCd=06&kikanCd=400003990&kikanKbn=nan", "url2": "https://www.honami2022.com/popura", "内容": "ポプラ薬局0山形県鶴岡市東原町２５－２０" }, "geometry": { "type": "Point", "coordinates": [ 139.844735, 38.718853 ] } },
{ "type": "Feature", "properties": { "ID": 65400003994, "正式名称": "鶴岡ひまわり薬局", "機関区分": 5, "都道府県コード": 6, "市区町村コード": 203, "所在地": "山形県鶴岡市日枝字海老島１６１－２", "緯度": 38.714222, "経度": 139.826967, "url": "https://www.iryou.teikyouseido.mhlw.go.jp/znk-web/juminkanja/S2430/initialize?prefCd=06&kikanCd=400003994&kikanKbn=nan", "url2": "http://www.himawari-y.co.jp", "内容": "鶴岡ひまわり薬局0山形県鶴岡市日枝字海老島１６１－２" }, "geometry": { "type": "Point", "coordinates": [ 139.826967, 38.714222 ] } },
{ "type": "Feature", "properties": { "ID": 65400003998, "正式名称": "ひまわり薬局", "機関区分": 5, "都道府県コード": 6, "市区町村コード": 204, "所在地": "山形県酒田市中町３ー７ー１", "緯度": 38.917331, "経度": 139.833594, "url": "https://www.iryou.teikyouseido.mhlw.go.jp/znk-web/juminkanja/S2430/initialize?prefCd=06&kikanCd=400003998&kikanKbn=nan", "url2": "https://www.himawari-y.co.jp/", "内容": "ひまわり薬局0山形県酒田市中町３ー７ー１" }, "geometry": { "type": "Point", "coordinates": [ 139.833594, 38.917331 ] } },
{ "type": "Feature", "properties": { "ID": 65400004010, "正式名称": "クオール薬局切添町店", "機関区分": 5, "都道府県コード": 6, "市区町村コード": 203, "所在地": "山形県鶴岡市切添町１９番２８号", "緯度": 38.730413, "経度": 139.843177, "url": "https://www.iryou.teikyouseido.mhlw.go.jp/znk-web/juminkanja/S2430/initialize?prefCd=06&kikanCd=400004010&kikanKbn=nan", "url2": "https://www.qol-net.co.jp/", "内容": "クオール薬局切添町店0山形県鶴岡市切添町１９番２８号" }, "geometry": { "type": "Point", "coordinates": [ 139.843177, 38.730413 ] } },
{ "type": "Feature", "properties": { "ID": 65400004013, "正式名称": "宝田薬局", "機関区分": 5, "都道府県コード": 6, "市区町村コード": 203, "所在地": "山形県鶴岡市北茅原町１−２１", "緯度": 38.755324, "経度": 139.844001, "url": "https://www.iryou.teikyouseido.mhlw.go.jp/znk-web/juminkanja/S2430/initialize?prefCd=06&kikanCd=400004013&kikanKbn=nan", "url2": "http://www.luckybag.co.jp/index.html", "内容": "宝田薬局0山形県鶴岡市北茅原町１−２１" }, "geometry": { "type": "Point", "coordinates": [ 139.844001, 38.755324 ] } },
{ "type": "Feature", "properties": { "ID": 65400004019, "正式名称": "共栄堂薬局しんばし店", "機関区分": 5, "都道府県コード": 6, "市区町村コード": 204, "所在地": "山形県酒田市新橋３丁目１－３７", "緯度": 38.916579, "経度": 139.852764, "url": "https://www.iryou.teikyouseido.mhlw.go.jp/znk-web/juminkanja/S2430/initialize?prefCd=06&kikanCd=400004019&kikanKbn=nan", "url2": "https://kyoueido.net/shop/3134/", "内容": "共栄堂薬局しんばし店0山形県酒田市新橋３丁目１－３７" }, "geometry": { "type": "Point", "coordinates": [ 139.852764, 38.916579 ] } },
{ "type": "Feature", "properties": { "ID": 65400004027, "正式名称": "セイムス酒田東泉薬局", "機関区分": 5, "都道府県コード": 6, "市区町村コード": 204, "所在地": "山形県酒田市東泉町１－１２－５３", "緯度": 38.929478, "経度": 139.847097, "url": "https://www.iryou.teikyouseido.mhlw.go.jp/znk-web/juminkanja/S2430/initialize?prefCd=06&kikanCd=400004027&kikanKbn=nan", "url2": null, "内容": "セイムス酒田東泉薬局0山形県酒田市東泉町１－１２－５３" }, "geometry": { "type": "Point", "coordinates": [ 139.847097, 38.929478 ] } },
{ "type": "Feature", "properties": { "ID": 65400004028, "正式名称": "セイムス日本海総合病院前薬局", "機関区分": 5, "都道府県コード": 6, "市区町村コード": 204, "所在地": "山形県酒田市大宮町１丁目４－１４", "緯度": 38.889804, "経度": 139.856385, "url": "https://www.iryou.teikyouseido.mhlw.go.jp/znk-web/juminkanja/S2430/initialize?prefCd=06&kikanCd=400004028&kikanKbn=nan", "url2": "http://www.moriki-group.info/", "内容": "セイムス日本海総合病院前薬局0山形県酒田市大宮町１丁目４－１４" }, "geometry": { "type": "Point", "coordinates": [ 139.856385, 38.889804 ] } },
{ "type": "Feature", "properties": { "ID": 65400004046, "正式名称": "共創未来千石町薬局", "機関区分": 5, "都道府県コード": 6, "市区町村コード": 204, "所在地": "山形県酒田市千石町２目１１番２６", "緯度": 38.90493, "経度": 139.837361, "url": "https://www.iryou.teikyouseido.mhlw.go.jp/znk-web/juminkanja/S2430/initialize?prefCd=06&kikanCd=400004046&kikanKbn=nan", "url2": "https://www.phmirai.co.jp/shops/detail.php?id=444", "内容": "共創未来千石町薬局0山形県酒田市千石町２目１１番２６" }, "geometry": { "type": "Point", "coordinates": [ 139.837361, 38.90493 ] } },
{ "type": "Feature", "properties": { "ID": 65400004048, "正式名称": "アイン薬局ハート泉店", "機関区分": 5, "都道府県コード": 6, "市区町村コード": 204, "所在地": "山形県酒田市泉町１－１６", "緯度": 38.933872, "経度": 139.847348, "url": "https://www.iryou.teikyouseido.mhlw.go.jp/znk-web/juminkanja/S2430/initialize?prefCd=06&kikanCd=400004048&kikanKbn=nan", "url2": "https://www.ainj.co.jp/network/detail.html?pdid=1678", "内容": "アイン薬局ハート泉店0山形県酒田市泉町１－１６" }, "geometry": { "type": "Point", "coordinates": [ 139.847348, 38.933872 ] } },
{ "type": "Feature", "properties": { "ID": 65400004053, "正式名称": "瀬尾薬局駅東店", "機関区分": 5, "都道府県コード": 6, "市区町村コード": 204, "所在地": "山形県酒田市駅東２－４－１", "緯度": 38.923336, "経度": 139.84839, "url": "https://www.iryou.teikyouseido.mhlw.go.jp/znk-web/juminkanja/S2430/initialize?prefCd=06&kikanCd=400004053&kikanKbn=nan", "url2": "https://kyoueido.net/shop/2832/", "内容": "瀬尾薬局駅東店0山形県酒田市駅東２－４－１" }, "geometry": { "type": "Point", "coordinates": [ 139.84839, 38.923336 ] } },
{ "type": "Feature", "properties": { "ID": 65400004054, "正式名称": "さつき調剤薬局", "機関区分": 5, "都道府県コード": 6, "市区町村コード": 203, "所在地": "山形県鶴岡市昭和町８－３０", "緯度": 38.725528, "経度": 139.834606, "url": "https://www.iryou.teikyouseido.mhlw.go.jp/znk-web/juminkanja/S2430/initialize?prefCd=06&kikanCd=400004054&kikanKbn=nan", "url2": null, "内容": "さつき調剤薬局0山形県鶴岡市昭和町８－３０" }, "geometry": { "type": "Point", "coordinates": [ 139.834606, 38.725528 ] } },
{ "type": "Feature", "properties": { "ID": 65400004055, "正式名称": "みどり町薬局", "機関区分": 5, "都道府県コード": 6, "市区町村コード": 203, "所在地": "山形県鶴岡市みどり町３２番５５号", "緯度": 38.729779, "経度": 139.812478, "url": "https://www.iryou.teikyouseido.mhlw.go.jp/znk-web/juminkanja/S2430/initialize?prefCd=06&kikanCd=400004055&kikanKbn=nan", "url2": null, "内容": "みどり町薬局0山形県鶴岡市みどり町３２番５５号" }, "geometry": { "type": "Point", "coordinates": [ 139.812478, 38.729779 ] } },
{ "type": "Feature", "properties": { "ID": 65400004067, "正式名称": "エール薬局ちわら店", "機関区分": 5, "都道府県コード": 6, "市区町村コード": 203, "所在地": "山形県鶴岡市北茅原町１４－１２", "緯度": 38.756624, "経度": 139.844099, "url": "https://www.iryou.teikyouseido.mhlw.go.jp/znk-web/juminkanja/S2430/initialize?prefCd=06&kikanCd=400004067&kikanKbn=nan", "url2": null, "内容": "エール薬局ちわら店0山形県鶴岡市北茅原町１４－１２" }, "geometry": { "type": "Point", "coordinates": [ 139.844099, 38.756624 ] } },
{ "type": "Feature", "properties": { "ID": 65400004068, "正式名称": "エール薬局鶴岡城北店", "機関区分": 5, "都道府県コード": 6, "市区町村コード": 203, "所在地": "山形県鶴岡市城北町２６－１１", "緯度": 38.736026, "経度": 139.819697, "url": "https://www.iryou.teikyouseido.mhlw.go.jp/znk-web/juminkanja/S2430/initialize?prefCd=06&kikanCd=400004068&kikanKbn=nan", "url2": null, "内容": "エール薬局鶴岡城北店0山形県鶴岡市城北町２６－１１" }, "geometry": { "type": "Point", "coordinates": [ 139.819697, 38.736026 ] } },
{ "type": "Feature", "properties": { "ID": 65400004078, "正式名称": "共栄堂薬局はまだ店", "機関区分": 5, "都道府県コード": 6, "市区町村コード": 204, "所在地": "山形県酒田市浜田１丁目７番５７号", "緯度": 38.919315, "経度": 139.847333, "url": "https://www.iryou.teikyouseido.mhlw.go.jp/znk-web/juminkanja/S2430/initialize?prefCd=06&kikanCd=400004078&kikanKbn=nan", "url2": "https://kyoueido.net/shop/3722/", "内容": "共栄堂薬局はまだ店0山形県酒田市浜田１丁目７番５７号" }, "geometry": { "type": "Point", "coordinates": [ 139.847333, 38.919315 ] } },
{ "type": "Feature", "properties": { "ID": 65400004079, "正式名称": "共創未来　ちわら薬局", "機関区分": 5, "都道府県コード": 6, "市区町村コード": 203, "所在地": "山形県鶴岡市北茅原町２−１０", "緯度": 38.754073, "経度": 139.842108, "url": "https://www.iryou.teikyouseido.mhlw.go.jp/znk-web/juminkanja/S2430/initialize?prefCd=06&kikanCd=400004079&kikanKbn=nan", "url2": null, "内容": "共創未来　ちわら薬局0山形県鶴岡市北茅原町２−１０" }, "geometry": { "type": "Point", "coordinates": [ 139.842108, 38.754073 ] } },
{ "type": "Feature", "properties": { "ID": 65400004093, "正式名称": "グリーン薬局みどり町店", "機関区分": 5, "都道府県コード": 6, "市区町村コード": 203, "所在地": "山形県鶴岡市みどり町２９－２２－１", "緯度": 38.731876, "経度": 139.810342, "url": "https://www.iryou.teikyouseido.mhlw.go.jp/znk-web/juminkanja/S2430/initialize?prefCd=06&kikanCd=400004093&kikanKbn=nan", "url2": null, "内容": "グリーン薬局みどり町店0山形県鶴岡市みどり町２９－２２－１" }, "geometry": { "type": "Point", "coordinates": [ 139.810342, 38.731876 ] } },
{ "type": "Feature", "properties": { "ID": 65400004109, "正式名称": "カワチ薬局　鶴岡東店", "機関区分": 5, "都道府県コード": 6, "市区町村コード": 203, "所在地": "山形県鶴岡市伊勢原町４－４７", "緯度": 38.718235, "経度": 139.84779, "url": "https://www.iryou.teikyouseido.mhlw.go.jp/znk-web/juminkanja/S2430/initialize?prefCd=06&kikanCd=400004109&kikanKbn=nan", "url2": "https://www.cawachi.co.jp/customer/store/shop.html?storeCode=214&pharmacy=1&search=1", "内容": "カワチ薬局　鶴岡東店0山形県鶴岡市伊勢原町４－４７" }, "geometry": { "type": "Point", "coordinates": [ 139.84779, 38.718235 ] } },
{ "type": "Feature", "properties": { "ID": 65400004112, "正式名称": "ウエルシア薬局鶴岡砂田町店", "機関区分": 5, "都道府県コード": 6, "市区町村コード": 203, "所在地": "山形県鶴岡市砂田町６−４１", "緯度": 38.733968, "経度": 139.804035, "url": "https://www.iryou.teikyouseido.mhlw.go.jp/znk-web/juminkanja/S2430/initialize?prefCd=06&kikanCd=400004112&kikanKbn=nan", "url2": "https://stores.welcia.co.jp/6363D", "内容": "ウエルシア薬局鶴岡砂田町店0山形県鶴岡市砂田町６−４１" }, "geometry": { "type": "Point", "coordinates": [ 139.804035, 38.733968 ] } },
{ "type": "Feature", "properties": { "ID": 65400004122, "正式名称": "グリーン薬局みさき町店", "機関区分": 5, "都道府県コード": 6, "市区町村コード": 203, "所在地": "山形県鶴岡市美咲町１８－１５", "緯度": 38.736913, "経度": 139.801707, "url": "https://www.iryou.teikyouseido.mhlw.go.jp/znk-web/juminkanja/S2430/initialize?prefCd=06&kikanCd=400004122&kikanKbn=nan", "url2": null, "内容": "グリーン薬局みさき町店0山形県鶴岡市美咲町１８－１５" }, "geometry": { "type": "Point", "coordinates": [ 139.801707, 38.736913 ] } },
{ "type": "Feature", "properties": { "ID": 65400004123, "正式名称": "にしき調剤薬局", "機関区分": 5, "都道府県コード": 6, "市区町村コード": 203, "所在地": "山形県鶴岡市錦町１７－６", "緯度": 38.737025, "経度": 139.833514, "url": "https://www.iryou.teikyouseido.mhlw.go.jp/znk-web/juminkanja/S2430/initialize?prefCd=06&kikanCd=400004123&kikanKbn=nan", "url2": null, "内容": "にしき調剤薬局0山形県鶴岡市錦町１７－６" }, "geometry": { "type": "Point", "coordinates": [ 139.833514, 38.737025 ] } },
{ "type": "Feature", "properties": { "ID": 65400004136, "正式名称": "篠田訪問薬局", "機関区分": 5, "都道府県コード": 6, "市区町村コード": 203, "所在地": "山形県鶴岡市大西町２６ー２", "緯度": 38.726776, "経度": 139.80878, "url": "https://www.iryou.teikyouseido.mhlw.go.jp/znk-web/juminkanja/S2430/initialize?prefCd=06&kikanCd=400004136&kikanKbn=nan", "url2": null, "内容": "篠田訪問薬局0山形県鶴岡市大西町２６ー２" }, "geometry": { "type": "Point", "coordinates": [ 139.80878, 38.726776 ] } },
{ "type": "Feature", "properties": { "ID": 65400004144, "正式名称": "共栄堂薬局光ヶ丘店", "機関区分": 5, "都道府県コード": 6, "市区町村コード": 204, "所在地": "山形県酒田市光ケ丘２－４－１４", "緯度": 38.92819, "経度": 139.828456, "url": "https://www.iryou.teikyouseido.mhlw.go.jp/znk-web/juminkanja/S2430/initialize?prefCd=06&kikanCd=400004144&kikanKbn=nan", "url2": "https://kyoueido.net/shop/4375/", "内容": "共栄堂薬局光ヶ丘店0山形県酒田市光ケ丘２－４－１４" }, "geometry": { "type": "Point", "coordinates": [ 139.828456, 38.92819 ] } },
{ "type": "Feature", "properties": { "ID": 65400004157, "正式名称": "イオン薬局三川店", "機関区分": 5, "都道府県コード": 6, "市区町村コード": 426, "所在地": "山形県東田川郡三川町大字猪子字和田庫１２８－１", "緯度": 38.82015, "経度": 139.83757, "url": "https://www.iryou.teikyouseido.mhlw.go.jp/znk-web/juminkanja/S2430/initialize?prefCd=06&kikanCd=400004157&kikanKbn=nan", "url2": "https://aeontohoku.co.jp/pages/pharmacy", "内容": "イオン薬局三川店0山形県東田川郡三川町大字猪子字和田庫１２８－１" }, "geometry": { "type": "Point", "coordinates": [ 139.83757, 38.82015 ] } },
{ "type": "Feature", "properties": { "ID": 65400004158, "正式名称": "イオン薬局酒田南店", "機関区分": 5, "都道府県コード": 6, "市区町村コード": 204, "所在地": "山形県酒田市あきほ町１２０－１", "緯度": 38.892849, "経度": 139.853197, "url": "https://www.iryou.teikyouseido.mhlw.go.jp/znk-web/juminkanja/S2430/initialize?prefCd=06&kikanCd=400004158&kikanKbn=nan", "url2": null, "内容": "イオン薬局酒田南店0山形県酒田市あきほ町１２０－１" }, "geometry": { "type": "Point", "coordinates": [ 139.853197, 38.892849 ] } },
{ "type": "Feature", "properties": { "ID": 65400004161, "正式名称": "あい薬局松原南店", "機関区分": 5, "都道府県コード": 6, "市区町村コード": 204, "所在地": "山形県酒田市松原南１１－２７", "緯度": 38.900672, "経度": 139.853632, "url": "https://www.iryou.teikyouseido.mhlw.go.jp/znk-web/juminkanja/S2430/initialize?prefCd=06&kikanCd=400004161&kikanKbn=nan", "url2": null, "内容": "あい薬局松原南店0山形県酒田市松原南１１－２７" }, "geometry": { "type": "Point", "coordinates": [ 139.853632, 38.900672 ] } },
{ "type": "Feature", "properties": { "ID": 65400004162, "正式名称": "ゆう薬局美咲店", "機関区分": 5, "都道府県コード": 6, "市区町村コード": 203, "所在地": "山形県鶴岡市美咲町２５－２０", "緯度": 38.736401, "経度": 139.799576, "url": "https://www.iryou.teikyouseido.mhlw.go.jp/znk-web/juminkanja/S2430/initialize?prefCd=06&kikanCd=400004162&kikanKbn=nan", "url2": "https://store.qol-net.co.jp/detail/913/", "内容": "ゆう薬局美咲店0山形県鶴岡市美咲町２５－２０" }, "geometry": { "type": "Point", "coordinates": [ 139.799576, 38.736401 ] } },
{ "type": "Feature", "properties": { "ID": 65400004163, "正式名称": "ゆう薬局西高前店", "機関区分": 5, "都道府県コード": 6, "市区町村コード": 204, "所在地": "山形県酒田市東泉町五丁目８−４", "緯度": 38.933593, "経度": 139.85326, "url": "https://www.iryou.teikyouseido.mhlw.go.jp/znk-web/juminkanja/S2430/initialize?prefCd=06&kikanCd=400004163&kikanKbn=nan", "url2": "https://www.qol-net.co.jp/pharmacy/map/detail.php?id=915", "内容": "ゆう薬局西高前店0山形県酒田市東泉町五丁目８−４" }, "geometry": { "type": "Point", "coordinates": [ 139.85326, 38.933593 ] } },
{ "type": "Feature", "properties": { "ID": 65400004164, "正式名称": "ゆう薬局朝暘店", "機関区分": 5, "都道府県コード": 6, "市区町村コード": 203, "所在地": "山形県鶴岡市朝暘町２６－１４", "緯度": 38.72628, "経度": 139.846598, "url": "https://www.iryou.teikyouseido.mhlw.go.jp/znk-web/juminkanja/S2430/initialize?prefCd=06&kikanCd=400004164&kikanKbn=nan", "url2": "https://www.qol-net.co.jp/pharmacy/map/detail.php?id=914", "内容": "ゆう薬局朝暘店0山形県鶴岡市朝暘町２６－１４" }, "geometry": { "type": "Point", "coordinates": [ 139.846598, 38.72628 ] } },
{ "type": "Feature", "properties": { "ID": 65400004165, "正式名称": "あい薬局新橋店", "機関区分": 5, "都道府県コード": 6, "市区町村コード": 204, "所在地": "山形県酒田市新橋１－１４－６", "緯度": 38.922319, "経度": 139.853396, "url": "https://www.iryou.teikyouseido.mhlw.go.jp/znk-web/juminkanja/S2430/initialize?prefCd=06&kikanCd=400004165&kikanKbn=nan", "url2": "https://store.qol-net.co.jp/detail/905/", "内容": "あい薬局新橋店0山形県酒田市新橋１－１４－６" }, "geometry": { "type": "Point", "coordinates": [ 139.853396, 38.922319 ] } },
{ "type": "Feature", "properties": { "ID": 65400004167, "正式名称": "ニーズ薬局あきほ店", "機関区分": 5, "都道府県コード": 6, "市区町村コード": 204, "所在地": "山形県酒田市あきほ町６５８－１３", "緯度": 38.890705, "経度": 139.85141, "url": "https://www.iryou.teikyouseido.mhlw.go.jp/znk-web/juminkanja/S2430/initialize?prefCd=06&kikanCd=400004167&kikanKbn=nan", "url2": null, "内容": "ニーズ薬局あきほ店0山形県酒田市あきほ町６５８－１３" }, "geometry": { "type": "Point", "coordinates": [ 139.85141, 38.890705 ] } },
{ "type": "Feature", "properties": { "ID": 65400004168, "正式名称": "かがみ薬局東大町店", "機関区分": 5, "都道府県コード": 6, "市区町村コード": 204, "所在地": "山形県酒田市東大町３－３８－６", "緯度": 38.904135, "経度": 139.865659, "url": "https://www.iryou.teikyouseido.mhlw.go.jp/znk-web/juminkanja/S2430/initialize?prefCd=06&kikanCd=400004168&kikanKbn=nan", "url2": "https://store.qol-net.co.jp/detail/1071/", "内容": "かがみ薬局東大町店0山形県酒田市東大町３－３８－６" }, "geometry": { "type": "Point", "coordinates": [ 139.865659, 38.904135 ] } },
{ "type": "Feature", "properties": { "ID": 65400004178, "正式名称": "ひろの薬局", "機関区分": 5, "都道府県コード": 6, "市区町村コード": 204, "所在地": "山形県酒田市広野字上通１８３", "緯度": 38.847559, "経度": 139.848143, "url": "https://www.iryou.teikyouseido.mhlw.go.jp/znk-web/juminkanja/S2430/initialize?prefCd=06&kikanCd=400004178&kikanKbn=nan", "url2": "http://www.luckybag.co.jp/", "内容": "ひろの薬局0山形県酒田市広野字上通１８３" }, "geometry": { "type": "Point", "coordinates": [ 139.848143, 38.847559 ] } },
{ "type": "Feature", "properties": { "ID": 65400004185, "正式名称": "アクア調剤薬局", "機関区分": 5, "都道府県コード": 6, "市区町村コード": 203, "所在地": "山形県鶴岡市宝田１−９−８８", "緯度": 38.741695, "経度": 139.83174, "url": "https://www.iryou.teikyouseido.mhlw.go.jp/znk-web/juminkanja/S2430/initialize?prefCd=06&kikanCd=400004185&kikanKbn=nan", "url2": null, "内容": "アクア調剤薬局0山形県鶴岡市宝田１−９−８８" }, "geometry": { "type": "Point", "coordinates": [ 139.83174, 38.741695 ] } },
{ "type": "Feature", "properties": { "ID": 65400004194, "正式名称": "調剤薬局ツルハドラッグ酒田若原店", "機関区分": 5, "都道府県コード": 6, "市区町村コード": 204, "所在地": "山形県酒田市若原町４番１０号", "緯度": 38.898184, "経度": 139.843543, "url": "https://www.iryou.teikyouseido.mhlw.go.jp/znk-web/juminkanja/S2430/initialize?prefCd=06&kikanCd=400004194&kikanKbn=nan", "url2": "https://shop.tsuruha-g.com/1691c", "内容": "調剤薬局ツルハドラッグ酒田若原店0山形県酒田市若原町４番１０号" }, "geometry": { "type": "Point", "coordinates": [ 139.843543, 38.898184 ] } },
{ "type": "Feature", "properties": { "ID": 65400004196, "正式名称": "カワチ薬局　酒田東両羽店", "機関区分": 5, "都道府県コード": 6, "市区町村コード": 204, "所在地": "山形県酒田市東両羽町１１７－４", "緯度": 38.895078, "経度": 139.847173, "url": "https://www.iryou.teikyouseido.mhlw.go.jp/znk-web/juminkanja/S2430/initialize?prefCd=06&kikanCd=400004196&kikanKbn=nan", "url2": "https://www.cawachi.co.jp/customer/store/shop.html?storeCode=354&pharmacy=1&search=1", "内容": "カワチ薬局　酒田東両羽店0山形県酒田市東両羽町１１７－４" }, "geometry": { "type": "Point", "coordinates": [ 139.847173, 38.895078 ] } },
{ "type": "Feature", "properties": { "ID": 65400004199, "正式名称": "東大町薬局", "機関区分": 5, "都道府県コード": 6, "市区町村コード": 204, "所在地": "山形県酒田市東大町１－１０－３５", "緯度": 38.908803, "経度": 139.855621, "url": "https://www.iryou.teikyouseido.mhlw.go.jp/znk-web/juminkanja/S2430/initialize?prefCd=06&kikanCd=400004199&kikanKbn=nan", "url2": "http://www.luckybag.co.jp", "内容": "東大町薬局0山形県酒田市東大町１－１０－３５" }, "geometry": { "type": "Point", "coordinates": [ 139.855621, 38.908803 ] } },
{ "type": "Feature", "properties": { "ID": 65400004200, "正式名称": "はな薬局　鶴岡駅前店", "機関区分": 5, "都道府県コード": 6, "市区町村コード": 203, "所在地": "山形県鶴岡市錦町１番３２号", "緯度": 38.738646, "経度": 139.833101, "url": "https://www.iryou.teikyouseido.mhlw.go.jp/znk-web/juminkanja/S2430/initialize?prefCd=06&kikanCd=400004200&kikanKbn=nan", "url2": "https://hana-pharmacy.jp/", "内容": "はな薬局　鶴岡駅前店0山形県鶴岡市錦町１番３２号" }, "geometry": { "type": "Point", "coordinates": [ 139.833101, 38.738646 ] } },
{ "type": "Feature", "properties": { "ID": 65400004203, "正式名称": "かえで調剤薬局", "機関区分": 5, "都道府県コード": 6, "市区町村コード": 203, "所在地": "山形県鶴岡市文園町１０－１２", "緯度": 38.714787, "経度": 139.828169, "url": "https://www.iryou.teikyouseido.mhlw.go.jp/znk-web/juminkanja/S2430/initialize?prefCd=06&kikanCd=400004203&kikanKbn=nan", "url2": "http://seedpharma.info/", "内容": "かえで調剤薬局0山形県鶴岡市文園町１０－１２" }, "geometry": { "type": "Point", "coordinates": [ 139.828169, 38.714787 ] } },
{ "type": "Feature", "properties": { "ID": 65400004204, "正式名称": "ふくふく薬局", "機関区分": 5, "都道府県コード": 6, "市区町村コード": 203, "所在地": "山形県鶴岡市本町二丁目１６番１号", "緯度": 38.722874, "経度": 139.828409, "url": "https://www.iryou.teikyouseido.mhlw.go.jp/znk-web/juminkanja/S2430/initialize?prefCd=06&kikanCd=400004204&kikanKbn=nan", "url2": "https://www.fukupharmacy.co.jp/", "内容": "ふくふく薬局0山形県鶴岡市本町二丁目１６番１号" }, "geometry": { "type": "Point", "coordinates": [ 139.828409, 38.722874 ] } },
{ "type": "Feature", "properties": { "ID": 65400004216, "正式名称": "カワチ薬局　鶴岡宝田店", "機関区分": 5, "都道府県コード": 6, "市区町村コード": 203, "所在地": "山形県鶴岡市宝田３－１－５", "緯度": 38.746939, "経度": 139.843196, "url": "https://www.iryou.teikyouseido.mhlw.go.jp/znk-web/juminkanja/S2430/initialize?prefCd=06&kikanCd=400004216&kikanKbn=nan", "url2": "https://www.cawachi.co.jp/customer/store/shop.html?storeCode=357&pharmacy=1&search=1", "内容": "カワチ薬局　鶴岡宝田店0山形県鶴岡市宝田３－１－５" }, "geometry": { "type": "Point", "coordinates": [ 139.843196, 38.746939 ] } },
{ "type": "Feature", "properties": { "ID": 65400004224, "正式名称": "のぞみ薬局", "機関区分": 5, "都道府県コード": 6, "市区町村コード": 203, "所在地": "山形県鶴岡市美咲町", "緯度": 38.737406, "経度": 139.80177, "url": "https://www.iryou.teikyouseido.mhlw.go.jp/znk-web/juminkanja/S2430/initialize?prefCd=06&kikanCd=400004224&kikanKbn=nan", "url2": null, "内容": "のぞみ薬局0山形県鶴岡市美咲町" }, "geometry": { "type": "Point", "coordinates": [ 139.80177, 38.737406 ] } },
{ "type": "Feature", "properties": { "ID": 65400004238, "正式名称": "新井田薬局", "機関区分": 5, "都道府県コード": 6, "市区町村コード": 204, "所在地": "山形県酒田市新井田町１－３４", "緯度": 38.915874, "経度": 139.846102, "url": "https://www.iryou.teikyouseido.mhlw.go.jp/znk-web/juminkanja/S2430/initialize?prefCd=06&kikanCd=400004238&kikanKbn=nan", "url2": "https://www.unsungworks.com/", "内容": "新井田薬局0山形県酒田市新井田町１－３４" }, "geometry": { "type": "Point", "coordinates": [ 139.846102, 38.915874 ] } },
{ "type": "Feature", "properties": { "ID": 65400004241, "正式名称": "酒田駅前調剤薬局", "機関区分": 5, "都道府県コード": 6, "市区町村コード": 204, "所在地": "山形県酒田市幸町２丁目７番１４号", "緯度": 38.922901, "経度": 139.843855, "url": "https://www.iryou.teikyouseido.mhlw.go.jp/znk-web/juminkanja/S2430/initialize?prefCd=06&kikanCd=400004241&kikanKbn=nan", "url2": null, "内容": "酒田駅前調剤薬局0山形県酒田市幸町２丁目７番１４号" }, "geometry": { "type": "Point", "coordinates": [ 139.843855, 38.922901 ] } },
{ "type": "Feature", "properties": { "ID": 65400004242, "正式名称": "近尚堂薬局こあら店", "機関区分": 5, "都道府県コード": 6, "市区町村コード": 204, "所在地": "山形県酒田市こあら２丁目３番８号", "緯度": 38.915486, "経度": 139.861085, "url": "https://www.iryou.teikyouseido.mhlw.go.jp/znk-web/juminkanja/S2430/initialize?prefCd=06&kikanCd=400004242&kikanKbn=nan", "url2": "https://www.marinegroup.jp/detail", "内容": "近尚堂薬局こあら店0山形県酒田市こあら２丁目３番８号" }, "geometry": { "type": "Point", "coordinates": [ 139.861085, 38.915486 ] } },
{ "type": "Feature", "properties": { "ID": 65400004249, "正式名称": "みつば調剤薬局", "機関区分": 5, "都道府県コード": 6, "市区町村コード": 203, "所在地": "山形県鶴岡市本町１－８－２２　１階", "緯度": 38.725204, "経度": 139.831776, "url": "https://www.iryou.teikyouseido.mhlw.go.jp/znk-web/juminkanja/S2430/initialize?prefCd=06&kikanCd=400004249&kikanKbn=nan", "url2": "https://seedpharma.info/", "内容": "みつば調剤薬局0山形県鶴岡市本町１－８－２２　１階" }, "geometry": { "type": "Point", "coordinates": [ 139.831776, 38.725204 ] } },
{ "type": "Feature", "properties": { "ID": 65400004259, "正式名称": "調剤薬局ツルハドラッグ余目店", "機関区分": 5, "都道府県コード": 6, "市区町村コード": 428, "所在地": "山形県東田川郡庄内町余目字滑石５９番１号", "緯度": 38.844597, "経度": 139.898019, "url": "https://www.iryou.teikyouseido.mhlw.go.jp/znk-web/juminkanja/S2430/initialize?prefCd=06&kikanCd=400004259&kikanKbn=nan", "url2": "https://shop.tsuruha-g.com/0225", "内容": "調剤薬局ツルハドラッグ余目店0山形県東田川郡庄内町余目字滑石５９番１号" }, "geometry": { "type": "Point", "coordinates": [ 139.898019, 38.844597 ] } },
{ "type": "Feature", "properties": { "ID": 65400004260, "正式名称": "アイン薬局鶴岡ひよし店", "機関区分": 5, "都道府県コード": 6, "市区町村コード": 203, "所在地": "山形県鶴岡市日吉町１１－１１", "緯度": 38.732833, "経度": 139.836138, "url": "https://www.iryou.teikyouseido.mhlw.go.jp/znk-web/juminkanja/S2430/initialize?prefCd=06&kikanCd=400004260&kikanKbn=nan", "url2": "https://www.ainj.co.jp/", "内容": "アイン薬局鶴岡ひよし店0山形県鶴岡市日吉町１１－１１" }, "geometry": { "type": "Point", "coordinates": [ 139.836138, 38.732833 ] } },
{ "type": "Feature", "properties": { "ID": 65400004261, "正式名称": "アイン薬局鶴岡大山店", "機関区分": 5, "都道府県コード": 6, "市区町村コード": 203, "所在地": "山形県鶴岡市平成町１０－６", "緯度": 38.745147, "経度": 139.769275, "url": "https://www.iryou.teikyouseido.mhlw.go.jp/znk-web/juminkanja/S2430/initialize?prefCd=06&kikanCd=400004261&kikanKbn=nan", "url2": null, "内容": "アイン薬局鶴岡大山店0山形県鶴岡市平成町１０－６" }, "geometry": { "type": "Point", "coordinates": [ 139.769275, 38.745147 ] } },
{ "type": "Feature", "properties": { "ID": 65400004262, "正式名称": "ハート調剤薬局八幡店", "機関区分": 5, "都道府県コード": 6, "市区町村コード": 204, "所在地": "山形県酒田市小泉７２－１", "緯度": 38.968782, "経度": 139.936798, "url": "https://www.iryou.teikyouseido.mhlw.go.jp/znk-web/juminkanja/S2430/initialize?prefCd=06&kikanCd=400004262&kikanKbn=nan", "url2": "https://www.ainj.co.jp/", "内容": "ハート調剤薬局八幡店0山形県酒田市小泉７２－１" }, "geometry": { "type": "Point", "coordinates": [ 139.936798, 38.968782 ] } },
{ "type": "Feature", "properties": { "ID": 65400004263, "正式名称": "アイン薬局　鶴岡山王店", "機関区分": 5, "都道府県コード": 6, "市区町村コード": 203, "所在地": "山形県鶴岡市山王町１４−１", "緯度": 38.72979, "経度": 139.836769, "url": "https://www.iryou.teikyouseido.mhlw.go.jp/znk-web/juminkanja/S2430/initialize?prefCd=06&kikanCd=400004263&kikanKbn=nan", "url2": null, "内容": "アイン薬局　鶴岡山王店0山形県鶴岡市山王町１４−１" }, "geometry": { "type": "Point", "coordinates": [ 139.836769, 38.72979 ] } },
{ "type": "Feature", "properties": { "ID": 65400004264, "正式名称": "ハート調剤薬局馬場町店", "機関区分": 5, "都道府県コード": 6, "市区町村コード": 203, "所在地": "山形県鶴岡市馬場町７－２９－１", "緯度": 38.727796, "経度": 139.828568, "url": "https://www.iryou.teikyouseido.mhlw.go.jp/znk-web/juminkanja/S2430/initialize?prefCd=06&kikanCd=400004264&kikanKbn=nan", "url2": "https://store.ainj.co.jp/detail/1101240/", "内容": "ハート調剤薬局馬場町店0山形県鶴岡市馬場町７－２９－１" }, "geometry": { "type": "Point", "coordinates": [ 139.828568, 38.727796 ] } },
{ "type": "Feature", "properties": { "ID": 65400004265, "正式名称": "アイン薬局　鶴岡七日町店", "機関区分": 5, "都道府県コード": 6, "市区町村コード": 203, "所在地": "山形県鶴岡市本町二丁目１１－２２", "緯度": 38.7237, "経度": 139.825097, "url": "https://www.iryou.teikyouseido.mhlw.go.jp/znk-web/juminkanja/S2430/initialize?prefCd=06&kikanCd=400004265&kikanKbn=nan", "url2": "https://www.ainj.co.jp/", "内容": "アイン薬局　鶴岡七日町店0山形県鶴岡市本町二丁目１１－２２" }, "geometry": { "type": "Point", "coordinates": [ 139.825097, 38.7237 ] } },
{ "type": "Feature", "properties": { "ID": 65400004266, "正式名称": "アイン薬局鶴岡本町店", "機関区分": 5, "都道府県コード": 6, "市区町村コード": 203, "所在地": "山形県鶴岡市本町３－１７－１９", "緯度": 38.722695, "経度": 139.821712, "url": "https://www.iryou.teikyouseido.mhlw.go.jp/znk-web/juminkanja/S2430/initialize?prefCd=06&kikanCd=400004266&kikanKbn=nan", "url2": "http://www.kom-medical.co.jp", "内容": "アイン薬局鶴岡本町店0山形県鶴岡市本町３－１７－１９" }, "geometry": { "type": "Point", "coordinates": [ 139.821712, 38.722695 ] } },
{ "type": "Feature", "properties": { "ID": 65400004269, "正式名称": "サン薬局", "機関区分": 5, "都道府県コード": 6, "市区町村コード": 203, "所在地": "山形県鶴岡市本町三丁目７－８７", "緯度": 38.725362, "経度": 139.822364, "url": "https://www.iryou.teikyouseido.mhlw.go.jp/znk-web/juminkanja/S2430/initialize?prefCd=06&kikanCd=400004269&kikanKbn=nan", "url2": null, "内容": "サン薬局0山形県鶴岡市本町三丁目７－８７" }, "geometry": { "type": "Point", "coordinates": [ 139.822364, 38.725362 ] } },
{ "type": "Feature", "properties": { "ID": 65400004270, "正式名称": "リリィ薬局砂田町店", "機関区分": 5, "都道府県コード": 6, "市区町村コード": 203, "所在地": "山形県鶴岡市砂田町６－３７", "緯度": 38.733688, "経度": 139.803434, "url": "https://www.iryou.teikyouseido.mhlw.go.jp/znk-web/juminkanja/S2430/initialize?prefCd=06&kikanCd=400004270&kikanKbn=nan", "url2": "https://ship-ph.co.jp/", "内容": "リリィ薬局砂田町店0山形県鶴岡市砂田町６－３７" }, "geometry": { "type": "Point", "coordinates": [ 139.803434, 38.733688 ] } },
{ "type": "Feature", "properties": { "ID": 65400004271, "正式名称": "えむ薬局羽黒店", "機関区分": 5, "都道府県コード": 6, "市区町村コード": 203, "所在地": "山形県鶴岡市羽黒町野荒町６番２５", "緯度": 38.7179101, "経度": 139.916726, "url": "https://www.iryou.teikyouseido.mhlw.go.jp/znk-web/juminkanja/S2430/initialize?prefCd=06&kikanCd=400004271&kikanKbn=nan", "url2": null, "内容": "えむ薬局羽黒店0山形県鶴岡市羽黒町野荒町６番２５" }, "geometry": { "type": "Point", "coordinates": [ 139.916726, 38.7179101 ] } },
{ "type": "Feature", "properties": { "ID": 65400004273, "正式名称": "アイン薬局庄内狩川店", "機関区分": 5, "都道府県コード": 6, "市区町村コード": 428, "所在地": "山形県東田川郡庄内町狩川字楯下３４番地", "緯度": 38.791565, "経度": 139.974216, "url": "https://www.iryou.teikyouseido.mhlw.go.jp/znk-web/juminkanja/S2430/initialize?prefCd=06&kikanCd=400004273&kikanKbn=nan", "url2": "https://store.ainj.co.jp/detail/1101658/", "内容": "アイン薬局庄内狩川店0山形県東田川郡庄内町狩川字楯下３４番地" }, "geometry": { "type": "Point", "coordinates": [ 139.974216, 38.791565 ] } },
{ "type": "Feature", "properties": { "ID": 65400004293, "正式名称": "一般社団法人酒田地区薬剤師会　カイエイ薬局", "機関区分": 5, "都道府県コード": 6, "市区町村コード": 204, "所在地": "山形県酒田市上本町７－５０", "緯度": 38.912704, "経度": 139.84335, "url": "https://www.iryou.teikyouseido.mhlw.go.jp/znk-web/juminkanja/S2430/initialize?prefCd=06&kikanCd=400004293&kikanKbn=nan", "url2": null, "内容": "一般社団法人酒田地区薬剤師会　カイエイ薬局0山形県酒田市上本町７－５０" }, "geometry": { "type": "Point", "coordinates": [ 139.84335, 38.912704 ] } },
{ "type": "Feature", "properties": { "ID": 65400004294, "正式名称": "あかね薬局", "機関区分": 5, "都道府県コード": 6, "市区町村コード": 203, "所在地": "山形県鶴岡市家中新町１１－３８", "緯度": 38.728331, "経度": 139.820276, "url": "https://www.iryou.teikyouseido.mhlw.go.jp/znk-web/juminkanja/S2430/initialize?prefCd=06&kikanCd=400004294&kikanKbn=nan", "url2": null, "内容": "あかね薬局0山形県鶴岡市家中新町１１－３８" }, "geometry": { "type": "Point", "coordinates": [ 139.820276, 38.728331 ] } },
{ "type": "Feature", "properties": { "ID": 65400004300, "正式名称": "すみれ薬局", "機関区分": 5, "都道府県コード": 6, "市区町村コード": 203, "所在地": "山形県鶴岡市桂荒俣字下桂１０３", "緯度": 38.675228, "経度": 139.844956, "url": "https://www.iryou.teikyouseido.mhlw.go.jp/znk-web/juminkanja/S2430/initialize?prefCd=06&kikanCd=400004300&kikanKbn=nan", "url2": "https://www.sumirepharmacy.jp/", "内容": "すみれ薬局0山形県鶴岡市桂荒俣字下桂１０３" }, "geometry": { "type": "Point", "coordinates": [ 139.844956, 38.675228 ] } },
{ "type": "Feature", "properties": { "ID": 65400004303, "正式名称": "調剤薬局ツルハドラッグ鶴岡南店", "機関区分": 5, "都道府県コード": 6, "市区町村コード": 203, "所在地": "山形県鶴岡市文園町５ー６", "緯度": 38.715221, "経度": 139.830186, "url": "https://www.iryou.teikyouseido.mhlw.go.jp/znk-web/juminkanja/S2430/initialize?prefCd=06&kikanCd=400004303&kikanKbn=nan", "url2": "http://www.tsuruha.co.jp/", "内容": "調剤薬局ツルハドラッグ鶴岡南店0山形県鶴岡市文園町５ー６" }, "geometry": { "type": "Point", "coordinates": [ 139.830186, 38.715221 ] } },
{ "type": "Feature", "properties": { "ID": 65400004310, "正式名称": "らふらんす薬局　鶴岡錦町店", "機関区分": 5, "都道府県コード": 6, "市区町村コード": 203, "所在地": "山形県鶴岡市錦町２１－１１", "緯度": 38.736533, "経度": 139.829558, "url": "https://www.iryou.teikyouseido.mhlw.go.jp/znk-web/juminkanja/S2430/initialize?prefCd=06&kikanCd=400004310&kikanKbn=nan", "url2": null, "内容": "らふらんす薬局　鶴岡錦町店0山形県鶴岡市錦町２１－１１" }, "geometry": { "type": "Point", "coordinates": [ 139.829558, 38.736533 ] } },
{ "type": "Feature", "properties": { "ID": 65400004315, "正式名称": "在宅訪問薬局いわ", "機関区分": 5, "都道府県コード": 6, "市区町村コード": 204, "所在地": "山形県酒田市大町７－１６", "緯度": 38.905874, "経度": 139.855703, "url": "https://www.iryou.teikyouseido.mhlw.go.jp/znk-web/juminkanja/S2430/initialize?prefCd=06&kikanCd=400004315&kikanKbn=nan", "url2": "https://www.iwanohomon-ph.jp", "内容": "在宅訪問薬局いわ0山形県酒田市大町７－１６" }, "geometry": { "type": "Point", "coordinates": [ 139.855703, 38.905874 ] } },
{ "type": "Feature", "properties": { "ID": 65400004320, "正式名称": "はな薬局　訪問ぷらす店", "機関区分": 5, "都道府県コード": 6, "市区町村コード": 203, "所在地": "山形県鶴岡市余慶町６番２２号ーＦ", "緯度": 38.746098, "経度": 139.83113, "url": "https://www.iryou.teikyouseido.mhlw.go.jp/znk-web/juminkanja/S2430/initialize?prefCd=06&kikanCd=400004320&kikanKbn=nan", "url2": "https://hana-pharmacy.jp/", "内容": "はな薬局　訪問ぷらす店0山形県鶴岡市余慶町６番２２号ーＦ" }, "geometry": { "type": "Point", "coordinates": [ 139.83113, 38.746098 ] } },
{ "type": "Feature", "properties": { "ID": 65400004326, "正式名称": "調剤薬局ツルハドラッグ鶴岡南店", "機関区分": 5, "都道府県コード": 6, "市区町村コード": 203, "所在地": "山形県鶴岡市文園町５ー６", "緯度": 38.715215, "経度": 139.830165, "url": "https://www.iryou.teikyouseido.mhlw.go.jp/znk-web/juminkanja/S2430/initialize?prefCd=06&kikanCd=400004326&kikanKbn=nan", "url2": "https://www.tsuruha.co.jp/", "内容": "調剤薬局ツルハドラッグ鶴岡南店0山形県鶴岡市文園町５ー６" }, "geometry": { "type": "Point", "coordinates": [ 139.830165, 38.715215 ] } },
{ "type": "Feature", "properties": { "ID": 65500008600, "正式名称": "あおぞら薬局かすが店", "機関区分": 5, "都道府県コード": 6, "市区町村コード": 201, "所在地": "山形県山形市春日町１３ー２８", "緯度": 38.254424, "経度": 140.319587, "url": "https://www.iryou.teikyouseido.mhlw.go.jp/znk-web/juminkanja/S2430/initialize?prefCd=06&kikanCd=500008600&kikanKbn=nan", "url2": "https://www.good-np.com/", "内容": "あおぞら薬局かすが店0山形県山形市春日町１３ー２８" }, "geometry": { "type": "Point", "coordinates": [ 140.319587, 38.254424 ] } },
{ "type": "Feature", "properties": { "ID": 65500008601, "正式名称": "みんなの薬局松波店", "機関区分": 5, "都道府県コード": 6, "市区町村コード": 201, "所在地": "山形県山形市松波２－２－７", "緯度": 38.241649, "経度": 140.357483, "url": "https://www.iryou.teikyouseido.mhlw.go.jp/znk-web/juminkanja/S2430/initialize?prefCd=06&kikanCd=500008601&kikanKbn=nan", "url2": "https://www.yg-nissin.co.jp/minnanoyakkyoku/", "内容": "みんなの薬局松波店0山形県山形市松波２－２－７" }, "geometry": { "type": "Point", "coordinates": [ 140.357483, 38.241649 ] } },
{ "type": "Feature", "properties": { "ID": 65500008610, "正式名称": "にじいろ薬局", "機関区分": 5, "都道府県コード": 6, "市区町村コード": 201, "所在地": "山形県山形市大手町８−１２　Ｎビル１階", "緯度": 38.257286, "経度": 140.334989, "url": "https://www.iryou.teikyouseido.mhlw.go.jp/znk-web/juminkanja/S2430/initialize?prefCd=06&kikanCd=500008610&kikanKbn=nan", "url2": "https://www.good-np.com/", "内容": "にじいろ薬局0山形県山形市大手町８−１２　Ｎビル１階" }, "geometry": { "type": "Point", "coordinates": [ 140.334989, 38.257286 ] } },
{ "type": "Feature", "properties": { "ID": 65500008613, "正式名称": "馬見ヶ崎みらい薬局", "機関区分": 5, "都道府県コード": 6, "市区町村コード": 201, "所在地": "山形県山形市馬見ケ崎４－２－５", "緯度": 38.28404, "経度": 140.332776, "url": "https://www.iryou.teikyouseido.mhlw.go.jp/znk-web/juminkanja/S2430/initialize?prefCd=06&kikanCd=500008613&kikanKbn=nan", "url2": "future-pharmacy.jp", "内容": "馬見ヶ崎みらい薬局0山形県山形市馬見ケ崎４－２－５" }, "geometry": { "type": "Point", "coordinates": [ 140.332776, 38.28404 ] } },
{ "type": "Feature", "properties": { "ID": 65500008616, "正式名称": "ホープ薬局　嶋南店", "機関区分": 5, "都道府県コード": 6, "市区町村コード": 201, "所在地": "山形県山形市嶋南３−５−２０", "緯度": 38.280553, "経度": 140.316237, "url": "https://www.iryou.teikyouseido.mhlw.go.jp/znk-web/juminkanja/S2430/initialize?prefCd=06&kikanCd=500008616&kikanKbn=nan", "url2": "https://altacks-hope.jp/%E5%B6%8B%E5%8D%97%E5%BA%97", "内容": "ホープ薬局　嶋南店0山形県山形市嶋南３−５−２０" }, "geometry": { "type": "Point", "coordinates": [ 140.316237, 38.280553 ] } },
{ "type": "Feature", "properties": { "ID": 65500008618, "正式名称": "嶋北調剤薬局", "機関区分": 5, "都道府県コード": 6, "市区町村コード": 201, "所在地": "山形県山形市嶋北３－１０－２６", "緯度": 38.290027, "経度": 140.321166, "url": "https://www.iryou.teikyouseido.mhlw.go.jp/znk-web/juminkanja/S2430/initialize?prefCd=06&kikanCd=500008618&kikanKbn=nan", "url2": null, "内容": "嶋北調剤薬局0山形県山形市嶋北３－１０－２６" }, "geometry": { "type": "Point", "coordinates": [ 140.321166, 38.290027 ] } },
{ "type": "Feature", "properties": { "ID": 65500008621, "正式名称": "エール薬局南四番町店", "機関区分": 5, "都道府県コード": 6, "市区町村コード": 201, "所在地": "山形県山形市南四番町１２－１１", "緯度": 38.23287, "経度": 140.326, "url": "https://www.iryou.teikyouseido.mhlw.go.jp/znk-web/juminkanja/S2430/initialize?prefCd=06&kikanCd=500008621&kikanKbn=nan", "url2": null, "内容": "エール薬局南四番町店0山形県山形市南四番町１２－１１" }, "geometry": { "type": "Point", "coordinates": [ 140.326, 38.23287 ] } },
{ "type": "Feature", "properties": { "ID": 65500008622, "正式名称": "エール薬局吉原店", "機関区分": 5, "都道府県コード": 6, "市区町村コード": 201, "所在地": "山形県山形市吉原２−１８−６", "緯度": 38.229565, "経度": 140.309257, "url": "https://www.iryou.teikyouseido.mhlw.go.jp/znk-web/juminkanja/S2430/initialize?prefCd=06&kikanCd=500008622&kikanKbn=nan", "url2": null, "内容": "エール薬局吉原店0山形県山形市吉原２−１８−６" }, "geometry": { "type": "Point", "coordinates": [ 140.309257, 38.229565 ] } },
{ "type": "Feature", "properties": { "ID": 65500008623, "正式名称": "クレア薬局馬見ヶ崎店", "機関区分": 5, "都道府県コード": 6, "市区町村コード": 201, "所在地": "山形県山形市馬見ヶ崎１−１８−３５", "緯度": 38.282093, "経度": 140.334137, "url": "https://www.iryou.teikyouseido.mhlw.go.jp/znk-web/juminkanja/S2430/initialize?prefCd=06&kikanCd=500008623&kikanKbn=nan", "url2": "https://kk-trefle.amebaownd.com/", "内容": "クレア薬局馬見ヶ崎店0山形県山形市馬見ヶ崎１−１８−３５" }, "geometry": { "type": "Point", "coordinates": [ 140.334137, 38.282093 ] } },
{ "type": "Feature", "properties": { "ID": 65500008627, "正式名称": "ウエルシア薬局山形桧町店", "機関区分": 5, "都道府県コード": 6, "市区町村コード": 201, "所在地": "山形県山形市桧町三丁目８番２７号", "緯度": 38.278689, "経度": 140.331391, "url": "https://www.iryou.teikyouseido.mhlw.go.jp/znk-web/juminkanja/S2430/initialize?prefCd=06&kikanCd=500008627&kikanKbn=nan", "url2": null, "内容": "ウエルシア薬局山形桧町店0山形県山形市桧町三丁目８番２７号" }, "geometry": { "type": "Point", "coordinates": [ 140.331391, 38.278689 ] } },
{ "type": "Feature", "properties": { "ID": 65500008634, "正式名称": "岡崎医療ひのき町調剤薬局", "機関区分": 5, "都道府県コード": 6, "市区町村コード": 201, "所在地": "山形県山形市桧町３－７－３１", "緯度": 38.276786, "経度": 140.331349, "url": "https://www.iryou.teikyouseido.mhlw.go.jp/znk-web/juminkanja/S2430/initialize?prefCd=06&kikanCd=500008634&kikanKbn=nan", "url2": "https://www.okazaki-iryo.jp/", "内容": "岡崎医療ひのき町調剤薬局0山形県山形市桧町３－７－３１" }, "geometry": { "type": "Point", "coordinates": [ 140.331349, 38.276786 ] } },
{ "type": "Feature", "properties": { "ID": 65500008635, "正式名称": "みつばち薬局", "機関区分": 5, "都道府県コード": 6, "市区町村コード": 201, "所在地": "山形県山形市みはらしの丘", "緯度": 38.184446, "経度": 140.28733, "url": "https://www.iryou.teikyouseido.mhlw.go.jp/znk-web/juminkanja/S2430/initialize?prefCd=06&kikanCd=500008635&kikanKbn=nan", "url2": "https://mitsubachi2020.wixsite.com/-site", "内容": "みつばち薬局0山形県山形市みはらしの丘" }, "geometry": { "type": "Point", "coordinates": [ 140.28733, 38.184446 ] } },
{ "type": "Feature", "properties": { "ID": 65500008640, "正式名称": "共栄堂薬局さくらだ西店", "機関区分": 5, "都道府県コード": 6, "市区町村コード": 201, "所在地": "山形県山形市桜田西", "緯度": 38.218739, "経度": 140.314242, "url": "https://www.iryou.teikyouseido.mhlw.go.jp/znk-web/juminkanja/S2430/initialize?prefCd=06&kikanCd=500008640&kikanKbn=nan", "url2": null, "内容": "共栄堂薬局さくらだ西店0山形県山形市桜田西" }, "geometry": { "type": "Point", "coordinates": [ 140.314242, 38.218739 ] } },
{ "type": "Feature", "properties": { "ID": 65500008643, "正式名称": "萬屋薬局七日町店", "機関区分": 5, "都道府県コード": 6, "市区町村コード": 201, "所在地": "山形県山形市七日町１－２－３５", "緯度": 38.252408, "経度": 140.338086, "url": "https://www.iryou.teikyouseido.mhlw.go.jp/znk-web/juminkanja/S2430/initialize?prefCd=06&kikanCd=500008643&kikanKbn=nan", "url2": "http://www.yorozuya-yakkyoku.jp/", "内容": "萬屋薬局七日町店0山形県山形市七日町１－２－３５" }, "geometry": { "type": "Point", "coordinates": [ 140.338086, 38.252408 ] } },
{ "type": "Feature", "properties": { "ID": 65500008649, "正式名称": "あさひ町調剤薬局", "機関区分": 5, "都道府県コード": 6, "市区町村コード": 201, "所在地": "山形県山形市あさひ町７－２２", "緯度": 38.242089, "経度": 140.361028, "url": "https://www.iryou.teikyouseido.mhlw.go.jp/znk-web/juminkanja/S2430/initialize?prefCd=06&kikanCd=500008649&kikanKbn=nan", "url2": null, "内容": "あさひ町調剤薬局0山形県山形市あさひ町７－２２" }, "geometry": { "type": "Point", "coordinates": [ 140.361028, 38.242089 ] } },
{ "type": "Feature", "properties": { "ID": 65500008652, "正式名称": "城北薬局", "機関区分": 5, "都道府県コード": 6, "市区町村コード": 201, "所在地": "山形県山形市城北町２－１０－１", "緯度": 38.260123, "経度": 140.326449, "url": "https://www.iryou.teikyouseido.mhlw.go.jp/znk-web/juminkanja/S2430/initialize?prefCd=06&kikanCd=500008652&kikanKbn=nan", "url2": "https://medirevo.co.jp/", "内容": "城北薬局0山形県山形市城北町２－１０－１" }, "geometry": { "type": "Point", "coordinates": [ 140.326449, 38.260123 ] } },
{ "type": "Feature", "properties": { "ID": 65500008664, "正式名称": "ヤマザワ調剤薬局山形済生病院前店", "機関区分": 5, "都道府県コード": 6, "市区町村コード": 201, "所在地": "山形県山形市馬見ケ崎四丁目１－１８", "緯度": 38.28403, "経度": 140.334788, "url": "https://www.iryou.teikyouseido.mhlw.go.jp/znk-web/juminkanja/S2430/initialize?prefCd=06&kikanCd=500008664&kikanKbn=nan", "url2": "https://www.yamazawa-drg.co.jp/", "内容": "ヤマザワ調剤薬局山形済生病院前店0山形県山形市馬見ケ崎四丁目１－１８" }, "geometry": { "type": "Point", "coordinates": [ 140.334788, 38.28403 ] } },
{ "type": "Feature", "properties": { "ID": 65500008670, "正式名称": "はたご町薬局", "機関区分": 5, "都道府県コード": 6, "市区町村コード": 201, "所在地": "山形県山形市旅篭町１－３－２７", "緯度": 38.253304, "経度": 140.336387, "url": "https://www.iryou.teikyouseido.mhlw.go.jp/znk-web/juminkanja/S2430/initialize?prefCd=06&kikanCd=500008670&kikanKbn=nan", "url2": "https://www.hatagomati-ph.com/", "内容": "はたご町薬局0山形県山形市旅篭町１－３－２７" }, "geometry": { "type": "Point", "coordinates": [ 140.336387, 38.253304 ] } },
{ "type": "Feature", "properties": { "ID": 65500008685, "正式名称": "とがみ薬局", "機関区分": 5, "都道府県コード": 6, "市区町村コード": 201, "所在地": "山形県山形市南四番町７－１２", "緯度": 38.23531, "経度": 140.3248, "url": "https://www.iryou.teikyouseido.mhlw.go.jp/znk-web/juminkanja/S2430/initialize?prefCd=06&kikanCd=500008685&kikanKbn=nan", "url2": "http://www.luckybag.co.jp", "内容": "とがみ薬局0山形県山形市南四番町７－１２" }, "geometry": { "type": "Point", "coordinates": [ 140.3248, 38.23531 ] } },
{ "type": "Feature", "properties": { "ID": 65500008689, "正式名称": "クスリのアオキ江俣薬局", "機関区分": 5, "都道府県コード": 6, "市区町村コード": 201, "所在地": "山形県山形市江俣一丁目９番４号", "緯度": 38.274877, "経度": 140.323866, "url": "https://www.iryou.teikyouseido.mhlw.go.jp/znk-web/juminkanja/S2430/initialize?prefCd=06&kikanCd=500008689&kikanKbn=nan", "url2": "https://www.kusuri-aoki.co.jp", "内容": "クスリのアオキ江俣薬局0山形県山形市江俣一丁目９番４号" }, "geometry": { "type": "Point", "coordinates": [ 140.323866, 38.274877 ] } },
{ "type": "Feature", "properties": { "ID": 65500008690, "正式名称": "あらき調剤薬局", "機関区分": 5, "都道府県コード": 6, "市区町村コード": 201, "所在地": "山形県山形市飯田西４－４－１７", "緯度": 38.215443, "経度": 140.321567, "url": "https://www.iryou.teikyouseido.mhlw.go.jp/znk-web/juminkanja/S2430/initialize?prefCd=06&kikanCd=500008690&kikanKbn=nan", "url2": null, "内容": "あらき調剤薬局0山形県山形市飯田西４－４－１７" }, "geometry": { "type": "Point", "coordinates": [ 140.321567, 38.215443 ] } },
{ "type": "Feature", "properties": { "ID": 65500008694, "正式名称": "グリーン薬局南山形店", "機関区分": 5, "都道府県コード": 6, "市区町村コード": 201, "所在地": "山形県山形市片谷地１２１－１５", "緯度": 38.209281, "経度": 140.30682, "url": "https://www.iryou.teikyouseido.mhlw.go.jp/znk-web/juminkanja/S2430/initialize?prefCd=06&kikanCd=500008694&kikanKbn=nan", "url2": null, "内容": "グリーン薬局南山形店0山形県山形市片谷地１２１－１５" }, "geometry": { "type": "Point", "coordinates": [ 140.30682, 38.209281 ] } },
{ "type": "Feature", "properties": { "ID": 65500008695, "正式名称": "イオン薬局山形北店", "機関区分": 5, "都道府県コード": 6, "市区町村コード": 201, "所在地": "山形県山形市馬見ヶ崎２丁目１２－１９", "緯度": 38.282947, "経度": 140.330742, "url": "https://www.iryou.teikyouseido.mhlw.go.jp/znk-web/juminkanja/S2430/initialize?prefCd=06&kikanCd=500008695&kikanKbn=nan", "url2": null, "内容": "イオン薬局山形北店0山形県山形市馬見ヶ崎２丁目１２－１９" }, "geometry": { "type": "Point", "coordinates": [ 140.330742, 38.282947 ] } },
{ "type": "Feature", "properties": { "ID": 65500008696, "正式名称": "イオン薬局山形南店", "機関区分": 5, "都道府県コード": 6, "市区町村コード": 201, "所在地": "山形県山形市若宮３－７－８", "緯度": 38.22658, "経度": 140.30584, "url": "https://www.iryou.teikyouseido.mhlw.go.jp/znk-web/juminkanja/S2430/initialize?prefCd=06&kikanCd=500008696&kikanKbn=nan", "url2": null, "内容": "イオン薬局山形南店0山形県山形市若宮３－７－８" }, "geometry": { "type": "Point", "coordinates": [ 140.30584, 38.22658 ] } },
{ "type": "Feature", "properties": { "ID": 65500008717, "正式名称": "調剤薬局ツルハドラッグ山形緑町店", "機関区分": 5, "都道府県コード": 6, "市区町村コード": 201, "所在地": "山形県山形市緑町１－７－３", "緯度": 38.256497, "経度": 140.343642, "url": "https://www.iryou.teikyouseido.mhlw.go.jp/znk-web/juminkanja/S2430/initialize?prefCd=06&kikanCd=500008717&kikanKbn=nan", "url2": "https://www.tsuruha.co.jp/shop/?cm=v&id=11549", "内容": "調剤薬局ツルハドラッグ山形緑町店0山形県山形市緑町１－７－３" }, "geometry": { "type": "Point", "coordinates": [ 140.343642, 38.256497 ] } },
{ "type": "Feature", "properties": { "ID": 65500008725, "正式名称": "ユニスマイル薬局　北やまがた店", "機関区分": 5, "都道府県コード": 6, "市区町村コード": 201, "所在地": "山形県山形市肴町３－３９", "緯度": 38.261546, "経度": 140.330979, "url": "https://www.iryou.teikyouseido.mhlw.go.jp/znk-web/juminkanja/S2430/initialize?prefCd=06&kikanCd=500008725&kikanKbn=nan", "url2": "http://www.unismile.co.jp", "内容": "ユニスマイル薬局　北やまがた店0山形県山形市肴町３－３９" }, "geometry": { "type": "Point", "coordinates": [ 140.330979, 38.261546 ] } },
{ "type": "Feature", "properties": { "ID": 65500008733, "正式名称": "調剤薬局ツルハドラッグ山形南原店", "機関区分": 5, "都道府県コード": 6, "市区町村コード": 201, "所在地": "山形県山形市南原町三丁目１番２６号", "緯度": 38.233745, "経度": 140.340706, "url": "https://www.iryou.teikyouseido.mhlw.go.jp/znk-web/juminkanja/S2430/initialize?prefCd=06&kikanCd=500008733&kikanKbn=nan", "url2": "https://shop.tsuruha-g.com/1896c", "内容": "調剤薬局ツルハドラッグ山形南原店0山形県山形市南原町三丁目１番２６号" }, "geometry": { "type": "Point", "coordinates": [ 140.340706, 38.233745 ] } },
{ "type": "Feature", "properties": { "ID": 65500008736, "正式名称": "コスモ調剤薬局ひのき町店", "機関区分": 5, "都道府県コード": 6, "市区町村コード": 201, "所在地": "山形県山形市桧町二丁目６－２２", "緯度": 38.277281, "経度": 140.331919, "url": "https://www.iryou.teikyouseido.mhlw.go.jp/znk-web/juminkanja/S2430/initialize?prefCd=06&kikanCd=500008736&kikanKbn=nan", "url2": "http://www.cosmo-ph.co.jp/", "内容": "コスモ調剤薬局ひのき町店0山形県山形市桧町二丁目６－２２" }, "geometry": { "type": "Point", "coordinates": [ 140.331919, 38.277281 ] } },
{ "type": "Feature", "properties": { "ID": 65500008740, "正式名称": "きたまち調剤薬局", "機関区分": 5, "都道府県コード": 6, "市区町村コード": 201, "所在地": "山形県山形市北町３－１１－２０", "緯度": 38.273125, "経度": 140.324392, "url": "https://www.iryou.teikyouseido.mhlw.go.jp/znk-web/juminkanja/S2430/initialize?prefCd=06&kikanCd=500008740&kikanKbn=nan", "url2": "https://medikamente.co.jp/", "内容": "きたまち調剤薬局0山形県山形市北町３－１１－２０" }, "geometry": { "type": "Point", "coordinates": [ 140.324392, 38.273125 ] } },
{ "type": "Feature", "properties": { "ID": 65500008741, "正式名称": "ウエルシア薬局山形南館店", "機関区分": 5, "都道府県コード": 6, "市区町村コード": 201, "所在地": "山形県山形市南館３－１－３３", "緯度": 38.23599, "経度": 140.314125, "url": "https://www.iryou.teikyouseido.mhlw.go.jp/znk-web/juminkanja/S2430/initialize?prefCd=06&kikanCd=500008741&kikanKbn=nan", "url2": "https://stores.welcia.co.jp/1376D", "内容": "ウエルシア薬局山形南館店0山形県山形市南館３－１－３３" }, "geometry": { "type": "Point", "coordinates": [ 140.314125, 38.23599 ] } },
{ "type": "Feature", "properties": { "ID": 65500008750, "正式名称": "松波調剤薬局", "機関区分": 5, "都道府県コード": 6, "市区町村コード": 201, "所在地": "山形県山形市松波１丁目１１−３", "緯度": 38.23825, "経度": 140.35783, "url": "https://www.iryou.teikyouseido.mhlw.go.jp/znk-web/juminkanja/S2430/initialize?prefCd=06&kikanCd=500008750&kikanKbn=nan", "url2": null, "内容": "松波調剤薬局0山形県山形市松波１丁目１１−３" }, "geometry": { "type": "Point", "coordinates": [ 140.35783, 38.23825 ] } },
{ "type": "Feature", "properties": { "ID": 65500008755, "正式名称": "調剤薬局ツルハドラッグ山形瀬波店", "機関区分": 5, "都道府県コード": 6, "市区町村コード": 201, "所在地": "山形県山形市瀬波１丁目５番８号", "緯度": 38.279009, "経度": 140.309383, "url": "https://www.iryou.teikyouseido.mhlw.go.jp/znk-web/juminkanja/S2430/initialize?prefCd=06&kikanCd=500008755&kikanKbn=nan", "url2": "https://shop.tsuruha-g.com/1749", "内容": "調剤薬局ツルハドラッグ山形瀬波店0山形県山形市瀬波１丁目５番８号" }, "geometry": { "type": "Point", "coordinates": [ 140.309383, 38.279009 ] } },
{ "type": "Feature", "properties": { "ID": 65500008757, "正式名称": "おりづる薬局馬見ヶ崎店", "機関区分": 5, "都道府県コード": 6, "市区町村コード": 201, "所在地": "山形県山形市馬見ケ崎", "緯度": 38.279739, "経度": 140.327827, "url": "https://www.iryou.teikyouseido.mhlw.go.jp/znk-web/juminkanja/S2430/initialize?prefCd=06&kikanCd=500008757&kikanKbn=nan", "url2": "https://orizuru0001.com/", "内容": "おりづる薬局馬見ヶ崎店0山形県山形市馬見ケ崎" }, "geometry": { "type": "Point", "coordinates": [ 140.327827, 38.279739 ] } },
{ "type": "Feature", "properties": { "ID": 65500008761, "正式名称": "宮町調剤薬局", "機関区分": 5, "都道府県コード": 6, "市区町村コード": 201, "所在地": "山形県山形市宮町２－１－２", "緯度": 38.266068, "経度": 140.333678, "url": "https://www.iryou.teikyouseido.mhlw.go.jp/znk-web/juminkanja/S2430/initialize?prefCd=06&kikanCd=500008761&kikanKbn=nan", "url2": "https://yppp.jp/pharmacy/3a2687c1", "内容": "宮町調剤薬局0山形県山形市宮町２－１－２" }, "geometry": { "type": "Point", "coordinates": [ 140.333678, 38.266068 ] } },
{ "type": "Feature", "properties": { "ID": 65500008786, "正式名称": "ココめだか薬局", "機関区分": 5, "都道府県コード": 6, "市区町村コード": 201, "所在地": "山形県山形市松栄", "緯度": 38.239465, "経度": 140.297591, "url": "https://www.iryou.teikyouseido.mhlw.go.jp/znk-web/juminkanja/S2430/initialize?prefCd=06&kikanCd=500008786&kikanKbn=nan", "url2": "https://pharmacy.medaka-school.co.jp/", "内容": "ココめだか薬局0山形県山形市松栄" }, "geometry": { "type": "Point", "coordinates": [ 140.297591, 38.239465 ] } },
{ "type": "Feature", "properties": { "ID": 65500008803, "正式名称": "クスリのアオキ南原町薬局", "機関区分": 5, "都道府県コード": 6, "市区町村コード": 201, "所在地": "山形県山形市南原町三丁目２０番３０号", "緯度": 38.233048, "経度": 140.340668, "url": "https://www.iryou.teikyouseido.mhlw.go.jp/znk-web/juminkanja/S2430/initialize?prefCd=06&kikanCd=500008803&kikanKbn=nan", "url2": "https://www.kusuri-aoki.co.jp/", "内容": "クスリのアオキ南原町薬局0山形県山形市南原町三丁目２０番３０号" }, "geometry": { "type": "Point", "coordinates": [ 140.340668, 38.233048 ] } },
{ "type": "Feature", "properties": { "ID": 65500008807, "正式名称": "ブナの森調剤薬局陣場店", "機関区分": 5, "都道府県コード": 6, "市区町村コード": 201, "所在地": "山形県山形市瀬波１－１－７", "緯度": 38.279425, "経度": 140.31139, "url": "https://www.iryou.teikyouseido.mhlw.go.jp/znk-web/juminkanja/S2430/initialize?prefCd=06&kikanCd=500008807&kikanKbn=nan", "url2": "https://www.marinegroup.jp/", "内容": "ブナの森調剤薬局陣場店0山形県山形市瀬波１－１－７" }, "geometry": { "type": "Point", "coordinates": [ 140.31139, 38.279425 ] } },
{ "type": "Feature", "properties": { "ID": 65500008808, "正式名称": "ブナの森調剤薬局吉原店", "機関区分": 5, "都道府県コード": 6, "市区町村コード": 201, "所在地": "山形県山形市吉原２－４－２１", "緯度": 38.230527, "経度": 140.309228, "url": "https://www.iryou.teikyouseido.mhlw.go.jp/znk-web/juminkanja/S2430/initialize?prefCd=06&kikanCd=500008808&kikanKbn=nan", "url2": "https://www.marinegroup.jp/about/", "内容": "ブナの森調剤薬局吉原店0山形県山形市吉原２－４－２１" }, "geometry": { "type": "Point", "coordinates": [ 140.309228, 38.230527 ] } },
{ "type": "Feature", "properties": { "ID": 65500008812, "正式名称": "ほっと薬局小姓町店", "機関区分": 5, "都道府県コード": 6, "市区町村コード": 201, "所在地": "山形県山形市小姓町６番５０号", "緯度": 38.246623, "経度": 140.342762, "url": "https://www.iryou.teikyouseido.mhlw.go.jp/znk-web/juminkanja/S2430/initialize?prefCd=06&kikanCd=500008812&kikanKbn=nan", "url2": null, "内容": "ほっと薬局小姓町店0山形県山形市小姓町６番５０号" }, "geometry": { "type": "Point", "coordinates": [ 140.342762, 38.246623 ] } },
{ "type": "Feature", "properties": { "ID": 65500008816, "正式名称": "ホープ薬局　嶋中央店", "機関区分": 5, "都道府県コード": 6, "市区町村コード": 201, "所在地": "山形県山形市嶋北２丁目１２番４９号", "緯度": 38.286155, "経度": 140.320911, "url": "https://www.iryou.teikyouseido.mhlw.go.jp/znk-web/juminkanja/S2430/initialize?prefCd=06&kikanCd=500008816&kikanKbn=nan", "url2": "https://altacks-hope.jp/", "内容": "ホープ薬局　嶋中央店0山形県山形市嶋北２丁目１２番４９号" }, "geometry": { "type": "Point", "coordinates": [ 140.320911, 38.286155 ] } },
{ "type": "Feature", "properties": { "ID": 65500008820, "正式名称": "あんず調剤薬局　下条店", "機関区分": 5, "都道府県コード": 6, "市区町村コード": 201, "所在地": "山形県山形市下条町５－１１－８", "緯度": 38.2687801, "経度": 140.3249198, "url": "https://www.iryou.teikyouseido.mhlw.go.jp/znk-web/juminkanja/S2430/initialize?prefCd=06&kikanCd=500008820&kikanKbn=nan", "url2": "https://www.y-isk.com", "内容": "あんず調剤薬局　下条店0山形県山形市下条町５－１１－８" }, "geometry": { "type": "Point", "coordinates": [ 140.3249198, 38.2687801 ] } },
{ "type": "Feature", "properties": { "ID": 65500008821, "正式名称": "調剤薬局ツルハドラッグ馬見ケ崎店", "機関区分": 5, "都道府県コード": 6, "市区町村コード": 201, "所在地": "山形県山形市馬見ケ崎２丁目１－２", "緯度": 38.279144, "経度": 140.330908, "url": "https://www.iryou.teikyouseido.mhlw.go.jp/znk-web/juminkanja/S2430/initialize?prefCd=06&kikanCd=500008821&kikanKbn=nan", "url2": "https://www.tsuruha.co.jp/", "内容": "調剤薬局ツルハドラッグ馬見ケ崎店0山形県山形市馬見ケ崎２丁目１－２" }, "geometry": { "type": "Point", "coordinates": [ 140.330908, 38.279144 ] } },
{ "type": "Feature", "properties": { "ID": 65500008825, "正式名称": "調剤薬局ツルハドラッグ成沢店", "機関区分": 5, "都道府県コード": 6, "市区町村コード": 201, "所在地": "山形県山形市成沢西１－６－９", "緯度": 38.209953, "経度": 140.316529, "url": "https://www.iryou.teikyouseido.mhlw.go.jp/znk-web/juminkanja/S2430/initialize?prefCd=06&kikanCd=500008825&kikanKbn=nan", "url2": null, "内容": "調剤薬局ツルハドラッグ成沢店0山形県山形市成沢西１－６－９" }, "geometry": { "type": "Point", "coordinates": [ 140.316529, 38.209953 ] } },
{ "type": "Feature", "properties": { "ID": 65500008826, "正式名称": "アイン薬局山形東原店", "機関区分": 5, "都道府県コード": 6, "市区町村コード": 201, "所在地": "山形県山形市東原町１‐１２‐２４", "緯度": 38.249977, "経度": 140.346737, "url": "https://www.iryou.teikyouseido.mhlw.go.jp/znk-web/juminkanja/S2430/initialize?prefCd=06&kikanCd=500008826&kikanKbn=nan", "url2": null, "内容": "アイン薬局山形東原店0山形県山形市東原町１‐１２‐２４" }, "geometry": { "type": "Point", "coordinates": [ 140.346737, 38.249977 ] } },
{ "type": "Feature", "properties": { "ID": 65500008827, "正式名称": "ハート調剤薬局宮町店", "機関区分": 5, "都道府県コード": 6, "市区町村コード": 201, "所在地": "山形県山形市宮町１丁目５－２２", "緯度": 38.264394, "経度": 140.3369, "url": "https://www.iryou.teikyouseido.mhlw.go.jp/znk-web/juminkanja/S2430/initialize?prefCd=06&kikanCd=500008827&kikanKbn=nan", "url2": "https://www.ainj.co.jp", "内容": "ハート調剤薬局宮町店0山形県山形市宮町１丁目５－２２" }, "geometry": { "type": "Point", "coordinates": [ 140.3369, 38.264394 ] } },
{ "type": "Feature", "properties": { "ID": 65500008828, "正式名称": "ハート調剤薬局漆山店", "機関区分": 5, "都道府県コード": 6, "市区町村コード": 201, "所在地": "山形県山形市漆山２５７９−６", "緯度": 38.311588, "経度": 140.342665, "url": "https://www.iryou.teikyouseido.mhlw.go.jp/znk-web/juminkanja/S2430/initialize?prefCd=06&kikanCd=500008828&kikanKbn=nan", "url2": null, "内容": "ハート調剤薬局漆山店0山形県山形市漆山２５７９−６" }, "geometry": { "type": "Point", "coordinates": [ 140.342665, 38.311588 ] } },
{ "type": "Feature", "properties": { "ID": 65500008836, "正式名称": "クレア薬局　諏訪町店", "機関区分": 5, "都道府県コード": 6, "市区町村コード": 201, "所在地": "山形県山形市諏訪町二丁目１番７３号", "緯度": 38.244783, "経度": 140.337921, "url": "https://www.iryou.teikyouseido.mhlw.go.jp/znk-web/juminkanja/S2430/initialize?prefCd=06&kikanCd=500008836&kikanKbn=nan", "url2": "https://kureasuwamati.amebaownd.com/", "内容": "クレア薬局　諏訪町店0山形県山形市諏訪町二丁目１番７３号" }, "geometry": { "type": "Point", "coordinates": [ 140.337921, 38.244783 ] } },
{ "type": "Feature", "properties": { "ID": 65500008839, "正式名称": "コスモス薬局荒楯店", "機関区分": 5, "都道府県コード": 6, "市区町村コード": 201, "所在地": "山形県山形市荒楯町２丁目２０番１６号", "緯度": 38.231888, "経度": 140.336798, "url": "https://www.iryou.teikyouseido.mhlw.go.jp/znk-web/juminkanja/S2430/initialize?prefCd=06&kikanCd=500008839&kikanKbn=nan", "url2": null, "内容": "コスモス薬局荒楯店0山形県山形市荒楯町２丁目２０番１６号" }, "geometry": { "type": "Point", "coordinates": [ 140.336798, 38.231888 ] } },
{ "type": "Feature", "properties": { "ID": 65500008840, "正式名称": "コスモス薬局西田店", "機関区分": 5, "都道府県コード": 6, "市区町村コード": 201, "所在地": "山形県山形市西田２－８－６", "緯度": 38.263579, "経度": 140.314196, "url": "https://www.iryou.teikyouseido.mhlw.go.jp/znk-web/juminkanja/S2430/initialize?prefCd=06&kikanCd=500008840&kikanKbn=nan", "url2": null, "内容": "コスモス薬局西田店0山形県山形市西田２－８－６" }, "geometry": { "type": "Point", "coordinates": [ 140.314196, 38.263579 ] } },
{ "type": "Feature", "properties": { "ID": 65500008852, "正式名称": "プライム調剤薬局　南山形店", "機関区分": 5, "都道府県コード": 6, "市区町村コード": 201, "所在地": "山形県山形市松原３００番６", "緯度": 38.206086, "経度": 140.30848, "url": "https://www.iryou.teikyouseido.mhlw.go.jp/znk-web/juminkanja/S2430/initialize?prefCd=06&kikanCd=500008852&kikanKbn=nan", "url2": "http://prime-pharmacy.co.jp/", "内容": "プライム調剤薬局　南山形店0山形県山形市松原３００番６" }, "geometry": { "type": "Point", "coordinates": [ 140.30848, 38.206086 ] } },
{ "type": "Feature", "properties": { "ID": 65500008854, "正式名称": "高瀬薬局", "機関区分": 5, "都道府県コード": 6, "市区町村コード": 201, "所在地": "山形県山形市下東山４３１３－１", "緯度": 38.30193, "経度": 140.39888, "url": "https://www.iryou.teikyouseido.mhlw.go.jp/znk-web/juminkanja/S2430/initialize?prefCd=06&kikanCd=500008854&kikanKbn=nan", "url2": null, "内容": "高瀬薬局0山形県山形市下東山４３１３－１" }, "geometry": { "type": "Point", "coordinates": [ 140.39888, 38.30193 ] } },
{ "type": "Feature", "properties": { "ID": 65500008867, "正式名称": "三ツ星薬局　ＴＯＫＡＭＡＣＨＩ", "機関区分": 5, "都道府県コード": 6, "市区町村コード": 201, "所在地": "山形県山形市十日町二丁目１－１１リズムイノベーションビル１階１Ｂ号室", "緯度": 38.246867, "経度": 140.33584, "url": "https://www.iryou.teikyouseido.mhlw.go.jp/znk-web/juminkanja/S2430/initialize?prefCd=06&kikanCd=500008867&kikanKbn=nan", "url2": null, "内容": "三ツ星薬局　ＴＯＫＡＭＡＣＨＩ0山形県山形市十日町二丁目１－１１リズムイノベーションビル１階１Ｂ号室" }, "geometry": { "type": "Point", "coordinates": [ 140.33584, 38.246867 ] } },
{ "type": "Feature", "properties": { "ID": 65500008868, "正式名称": "ヤマザワ調剤薬局大学病院前Ｄｒｉｖｅぷらす店", "機関区分": 5, "都道府県コード": 6, "市区町村コード": 201, "所在地": "山形県山形市飯田西１－２－１７", "緯度": 38.216148, "経度": 140.322138, "url": "https://www.iryou.teikyouseido.mhlw.go.jp/znk-web/juminkanja/S2430/initialize?prefCd=06&kikanCd=500008868&kikanKbn=nan", "url2": null, "内容": "ヤマザワ調剤薬局大学病院前Ｄｒｉｖｅぷらす店0山形県山形市飯田西１－２－１７" }, "geometry": { "type": "Point", "coordinates": [ 140.322138, 38.216148 ] } },
{ "type": "Feature", "properties": { "ID": 65500008869, "正式名称": "あかねヶ丘薬局", "機関区分": 5, "都道府県コード": 6, "市区町村コード": 201, "所在地": "山形県山形市久保田２丁目１５ー２０", "緯度": 38.247803, "経度": 140.314179, "url": "https://www.iryou.teikyouseido.mhlw.go.jp/znk-web/juminkanja/S2430/initialize?prefCd=06&kikanCd=500008869&kikanKbn=nan", "url2": "https://www.medikamente.co.jp/", "内容": "あかねヶ丘薬局0山形県山形市久保田２丁目１５ー２０" }, "geometry": { "type": "Point", "coordinates": [ 140.314179, 38.247803 ] } }
]
}
