{
  "type": "FeatureCollection",
  "features": [
    {
      "type": "Feature",
      "geometry": {
        "type": "Point",
        "coordinates": [
          140.3282665,
          38.2489947
        ]
      },
      "properties": {
        "内容": "バス停: 名称不明バス停",
        "name": "名称不明バス停",
        "operator": "事業者不明",
        "ref": "",
        "url": "",
        "url2": ""
      }
    },
    {
      "type": "Feature",
      "geometry": {
        "type": "Point",
        "coordinates": [
          140.328587,
          38.2491514
        ]
      },
      "properties": {
        "内容": "バス停: 1番乗りば",
        "name": "1番乗りば",
        "operator": "事業者不明",
        "ref": "",
        "url": "",
        "url2": ""
      }
    },
    {
      "type": "Feature",
      "geometry": {
        "type": "Point",
        "coordinates": [
          140.3282305,
          38.2486163
        ]
      },
      "properties": {
        "内容": "バス停: 名称不明バス停",
        "name": "名称不明バス停",
        "operator": "事業者不明",
        "ref": "",
        "url": "",
        "url2": ""
      }
    },
    {
      "type": "Feature",
      "geometry": {
        "type": "Point",
        "coordinates": [
          140.3281528,
          38.2488082
        ]
      },
      "properties": {
        "内容": "バス停: 名称不明バス停",
        "name": "名称不明バス停",
        "operator": "事業者不明",
        "ref": "",
        "url": "",
        "url2": ""
      }
    },
    {
      "type": "Feature",
      "geometry": {
        "type": "Point",
        "coordinates": [
          140.3702965,
          38.3596314
        ]
      },
      "properties": {
        "内容": "バス停: 天童バスターミナル",
        "name": "天童バスターミナル",
        "operator": "事業者不明",
        "ref": "",
        "url": "",
        "url2": ""
      }
    },
    {
      "type": "Feature",
      "geometry": {
        "type": "Point",
        "coordinates": [
          139.9109102,
          38.8439692
        ]
      },
      "properties": {
        "内容": "バス停: 余目駅前",
        "name": "余目駅前",
        "operator": "事業者不明",
        "ref": "",
        "url": "",
        "url2": ""
      }
    },
    {
      "type": "Feature",
      "geometry": {
        "type": "Point",
        "coordinates": [
          139.8176883,
          38.8962739
        ]
      },
      "properties": {
        "内容": "バス停: かんぽの宿",
        "name": "かんぽの宿",
        "operator": "事業者不明",
        "ref": "",
        "url": "",
        "url2": ""
      }
    },
    {
      "type": "Feature",
      "geometry": {
        "type": "Point",
        "coordinates": [
          140.3052276,
          38.7621243
        ]
      },
      "properties": {
        "内容": "バス停: 名称不明バス停",
        "name": "名称不明バス停",
        "operator": "事業者不明",
        "ref": "",
        "url": "",
        "url2": ""
      }
    },
    {
      "type": "Feature",
      "geometry": {
        "type": "Point",
        "coordinates": [
          140.0067142,
          38.5180261
        ]
      },
      "properties": {
        "内容": "バス停: 姥沢 (西川町)",
        "name": "姥沢",
        "operator": "西川町",
        "ref": "",
        "url": "",
        "url2": ""
      }
    },
    {
      "type": "Feature",
      "geometry": {
        "type": "Point",
        "coordinates": [
          140.2758857,
          38.3717526
        ]
      },
      "properties": {
        "内容": "バス停: 寒河江バスターミナル",
        "name": "寒河江バスターミナル",
        "operator": "事業者不明",
        "ref": "",
        "url": "",
        "url2": ""
      }
    },
    {
      "type": "Feature",
      "geometry": {
        "type": "Point",
        "coordinates": [
          139.8487554,
          38.9232111
        ]
      },
      "properties": {
        "内容": "バス停: るんるんバスのりば旭新町",
        "name": "るんるんバスのりば旭新町",
        "operator": "事業者不明",
        "ref": "",
        "url": "",
        "url2": ""
      }
    },
    {
      "type": "Feature",
      "geometry": {
        "type": "Point",
        "coordinates": [
          139.8486193,
          38.923251
        ]
      },
      "properties": {
        "内容": "バス停: るんるんバスのりば旭新町",
        "name": "るんるんバスのりば旭新町",
        "operator": "事業者不明",
        "ref": "",
        "url": "",
        "url2": ""
      }
    },
    {
      "type": "Feature",
      "geometry": {
        "type": "Point",
        "coordinates": [
          139.7988911,
          38.733571
        ]
      },
      "properties": {
        "内容": "バス停: ウェストモール",
        "name": "ウェストモール",
        "operator": "事業者不明",
        "ref": "",
        "url": "",
        "url2": ""
      }
    },
    {
      "type": "Feature",
      "geometry": {
        "type": "Point",
        "coordinates": [
          139.7986113,
          38.733756
        ]
      },
      "properties": {
        "内容": "バス停: ウェストモール",
        "name": "ウェストモール",
        "operator": "事業者不明",
        "ref": "",
        "url": "",
        "url2": ""
      }
    },
    {
      "type": "Feature",
      "geometry": {
        "type": "Point",
        "coordinates": [
          139.7975396,
          38.7319102
        ]
      },
      "properties": {
        "内容": "バス停: 小淀川口",
        "name": "小淀川口",
        "operator": "事業者不明",
        "ref": "",
        "url": "",
        "url2": ""
      }
    },
    {
      "type": "Feature",
      "geometry": {
        "type": "Point",
        "coordinates": [
          139.7968431,
          38.7317852
        ]
      },
      "properties": {
        "内容": "バス停: 小淀川口",
        "name": "小淀川口",
        "operator": "事業者不明",
        "ref": "",
        "url": "",
        "url2": ""
      }
    },
    {
      "type": "Feature",
      "geometry": {
        "type": "Point",
        "coordinates": [
          139.8019965,
          38.7311172
        ]
      },
      "properties": {
        "内容": "バス停: 淀川町",
        "name": "淀川町",
        "operator": "事業者不明",
        "ref": "",
        "url": "",
        "url2": ""
      }
    },
    {
      "type": "Feature",
      "geometry": {
        "type": "Point",
        "coordinates": [
          139.801725,
          38.7313529
        ]
      },
      "properties": {
        "内容": "バス停: 淀川町",
        "name": "淀川町",
        "operator": "事業者不明",
        "ref": "",
        "url": "",
        "url2": ""
      }
    },
    {
      "type": "Feature",
      "geometry": {
        "type": "Point",
        "coordinates": [
          139.823331,
          38.7277107
        ]
      },
      "properties": {
        "内容": "バス停: 致道博物館前",
        "name": "致道博物館前",
        "operator": "事業者不明",
        "ref": "",
        "url": "",
        "url2": ""
      }
    },
    {
      "type": "Feature",
      "geometry": {
        "type": "Point",
        "coordinates": [
          139.823343,
          38.7275447
        ]
      },
      "properties": {
        "内容": "バス停: 致道博物館前",
        "name": "致道博物館前",
        "operator": "事業者不明",
        "ref": "",
        "url": "",
        "url2": ""
      }
    },
    {
      "type": "Feature",
      "geometry": {
        "type": "Point",
        "coordinates": [
          139.8269909,
          38.726466
        ]
      },
      "properties": {
        "内容": "バス停: 鶴岡市役所前",
        "name": "鶴岡市役所前",
        "operator": "事業者不明",
        "ref": "",
        "url": "",
        "url2": ""
      }
    },
    {
      "type": "Feature",
      "geometry": {
        "type": "Point",
        "coordinates": [
          139.8268142,
          38.7263802
        ]
      },
      "properties": {
        "内容": "バス停: 鶴岡市役所前",
        "name": "鶴岡市役所前",
        "operator": "事業者不明",
        "ref": "",
        "url": "",
        "url2": ""
      }
    },
    {
      "type": "Feature",
      "geometry": {
        "type": "Point",
        "coordinates": [
          139.8072009,
          38.7268545
        ]
      },
      "properties": {
        "内容": "バス停: 庄内建設前",
        "name": "庄内建設前",
        "operator": "事業者不明",
        "ref": "",
        "url": "",
        "url2": ""
      }
    },
    {
      "type": "Feature",
      "geometry": {
        "type": "Point",
        "coordinates": [
          139.8074438,
          38.7266729
        ]
      },
      "properties": {
        "内容": "バス停: 庄内建設前",
        "name": "庄内建設前",
        "operator": "事業者不明",
        "ref": "",
        "url": "",
        "url2": ""
      }
    },
    {
      "type": "Feature",
      "geometry": {
        "type": "Point",
        "coordinates": [
          139.9112272,
          38.8440672
        ]
      },
      "properties": {
        "内容": "バス停: 名称不明バス停",
        "name": "名称不明バス停",
        "operator": "事業者不明",
        "ref": "",
        "url": "",
        "url2": ""
      }
    },
    {
      "type": "Feature",
      "geometry": {
        "type": "Point",
        "coordinates": [
          139.8362603,
          38.7396112
        ]
      },
      "properties": {
        "内容": "バス停: 鶴岡駅前",
        "name": "鶴岡駅前",
        "operator": "事業者不明",
        "ref": "",
        "url": "",
        "url2": ""
      }
    },
    {
      "type": "Feature",
      "geometry": {
        "type": "Point",
        "coordinates": [
          139.8363912,
          38.7396059
        ]
      },
      "properties": {
        "内容": "バス停: 鶴岡駅前",
        "name": "鶴岡駅前",
        "operator": "事業者不明",
        "ref": "",
        "url": "",
        "url2": ""
      }
    },
    {
      "type": "Feature",
      "geometry": {
        "type": "Point",
        "coordinates": [
          139.8365308,
          38.7394302
        ]
      },
      "properties": {
        "内容": "バス停: 鶴岡駅前",
        "name": "鶴岡駅前",
        "operator": "事業者不明",
        "ref": "",
        "url": "",
        "url2": ""
      }
    },
    {
      "type": "Feature",
      "geometry": {
        "type": "Point",
        "coordinates": [
          139.8362281,
          38.7392888
        ]
      },
      "properties": {
        "内容": "バス停: 鶴岡駅前",
        "name": "鶴岡駅前",
        "operator": "事業者不明",
        "ref": "",
        "url": "",
        "url2": ""
      }
    },
    {
      "type": "Feature",
      "geometry": {
        "type": "Point",
        "coordinates": [
          139.836336,
          38.7392856
        ]
      },
      "properties": {
        "内容": "バス停: 鶴岡駅前",
        "name": "鶴岡駅前",
        "operator": "事業者不明",
        "ref": "",
        "url": "",
        "url2": ""
      }
    },
    {
      "type": "Feature",
      "geometry": {
        "type": "Point",
        "coordinates": [
          139.8243417,
          38.7255051
        ]
      },
      "properties": {
        "内容": "バス停: アートフォーラム前",
        "name": "アートフォーラム前",
        "operator": "事業者不明",
        "ref": "",
        "url": "",
        "url2": ""
      }
    },
    {
      "type": "Feature",
      "geometry": {
        "type": "Point",
        "coordinates": [
          139.8246944,
          38.725548
        ]
      },
      "properties": {
        "内容": "バス停: アートフォーラム前",
        "name": "アートフォーラム前",
        "operator": "事業者不明",
        "ref": "",
        "url": "",
        "url2": ""
      }
    },
    {
      "type": "Feature",
      "geometry": {
        "type": "Point",
        "coordinates": [
          139.8209982,
          38.7265326
        ]
      },
      "properties": {
        "内容": "バス停: タウンキャンパス西口",
        "name": "タウンキャンパス西口",
        "operator": "事業者不明",
        "ref": "",
        "url": "",
        "url2": ""
      }
    },
    {
      "type": "Feature",
      "geometry": {
        "type": "Point",
        "coordinates": [
          139.8209932,
          38.7267786
        ]
      },
      "properties": {
        "内容": "バス停: タウンキャンパス西口",
        "name": "タウンキャンパス西口",
        "operator": "事業者不明",
        "ref": "",
        "url": "",
        "url2": ""
      }
    },
    {
      "type": "Feature",
      "geometry": {
        "type": "Point",
        "coordinates": [
          139.8282789,
          38.7275294
        ]
      },
      "properties": {
        "内容": "バス停: マリア幼稚園前",
        "name": "マリア幼稚園前",
        "operator": "事業者不明",
        "ref": "",
        "url": "",
        "url2": ""
      }
    },
    {
      "type": "Feature",
      "geometry": {
        "type": "Point",
        "coordinates": [
          139.8284177,
          38.7276387
        ]
      },
      "properties": {
        "内容": "バス停: マリア幼稚園前",
        "name": "マリア幼稚園前",
        "operator": "事業者不明",
        "ref": "",
        "url": "",
        "url2": ""
      }
    },
    {
      "type": "Feature",
      "geometry": {
        "type": "Point",
        "coordinates": [
          139.8231409,
          38.7261122
        ]
      },
      "properties": {
        "内容": "バス停: 市民プール前",
        "name": "市民プール前",
        "operator": "事業者不明",
        "ref": "",
        "url": "",
        "url2": ""
      }
    },
    {
      "type": "Feature",
      "geometry": {
        "type": "Point",
        "coordinates": [
          139.8237162,
          38.7262241
        ]
      },
      "properties": {
        "内容": "バス停: 市民プール前",
        "name": "市民プール前",
        "operator": "事業者不明",
        "ref": "",
        "url": "",
        "url2": ""
      }
    },
    {
      "type": "Feature",
      "geometry": {
        "type": "Point",
        "coordinates": [
          139.8211018,
          38.719686
        ]
      },
      "properties": {
        "内容": "バス停: 美原町",
        "name": "美原町",
        "operator": "事業者不明",
        "ref": "",
        "url": "",
        "url2": ""
      }
    },
    {
      "type": "Feature",
      "geometry": {
        "type": "Point",
        "coordinates": [
          139.8207597,
          38.7192541
        ]
      },
      "properties": {
        "内容": "バス停: 美原町",
        "name": "美原町",
        "operator": "事業者不明",
        "ref": "",
        "url": "",
        "url2": ""
      }
    },
    {
      "type": "Feature",
      "geometry": {
        "type": "Point",
        "coordinates": [
          139.8192104,
          38.7285305
        ]
      },
      "properties": {
        "内容": "バス停: 図書館前",
        "name": "図書館前",
        "operator": "事業者不明",
        "ref": "",
        "url": "",
        "url2": ""
      }
    },
    {
      "type": "Feature",
      "geometry": {
        "type": "Point",
        "coordinates": [
          139.8179698,
          38.7290463
        ]
      },
      "properties": {
        "内容": "バス停: 図書館前",
        "name": "図書館前",
        "operator": "事業者不明",
        "ref": "",
        "url": "",
        "url2": ""
      }
    },
    {
      "type": "Feature",
      "geometry": {
        "type": "Point",
        "coordinates": [
          140.3696023,
          38.360024
        ]
      },
      "properties": {
        "内容": "バス停: 天童駅東口",
        "name": "天童駅東口",
        "operator": "事業者不明",
        "ref": "",
        "url": "",
        "url2": ""
      }
    },
    {
      "type": "Feature",
      "geometry": {
        "type": "Point",
        "coordinates": [
          139.888909,
          38.7606219
        ]
      },
      "properties": {
        "内容": "バス停: 上藤島 (庄内交通)",
        "name": "上藤島",
        "operator": "庄内交通",
        "ref": "",
        "url": "",
        "url2": ""
      }
    },
    {
      "type": "Feature",
      "geometry": {
        "type": "Point",
        "coordinates": [
          139.8894415,
          38.7610553
        ]
      },
      "properties": {
        "内容": "バス停: 上藤島 (庄内交通)",
        "name": "上藤島",
        "operator": "庄内交通",
        "ref": "",
        "url": "",
        "url2": ""
      }
    },
    {
      "type": "Feature",
      "geometry": {
        "type": "Point",
        "coordinates": [
          139.8930262,
          38.764593
        ]
      },
      "properties": {
        "内容": "バス停: 六所神社前 (庄内交通)",
        "name": "六所神社前",
        "operator": "庄内交通",
        "ref": "",
        "url": "",
        "url2": ""
      }
    },
    {
      "type": "Feature",
      "geometry": {
        "type": "Point",
        "coordinates": [
          139.8933014,
          38.7647193
        ]
      },
      "properties": {
        "内容": "バス停: 六所神社前 (庄内交通)",
        "name": "六所神社前",
        "operator": "庄内交通",
        "ref": "",
        "url": "",
        "url2": ""
      }
    },
    {
      "type": "Feature",
      "geometry": {
        "type": "Point",
        "coordinates": [
          139.8997854,
          38.7650312
        ]
      },
      "properties": {
        "内容": "バス停: 藤島上町 (庄内交通)",
        "name": "藤島上町",
        "operator": "庄内交通",
        "ref": "",
        "url": "",
        "url2": ""
      }
    },
    {
      "type": "Feature",
      "geometry": {
        "type": "Point",
        "coordinates": [
          139.899037,
          38.7652994
        ]
      },
      "properties": {
        "内容": "バス停: 藤島上町 (庄内交通)",
        "name": "藤島上町",
        "operator": "庄内交通",
        "ref": "",
        "url": "",
        "url2": ""
      }
    },
    {
      "type": "Feature",
      "geometry": {
        "type": "Point",
        "coordinates": [
          139.9055722,
          38.7745442
        ]
      },
      "properties": {
        "内容": "バス停: 藤島下町 (庄内交通)",
        "name": "藤島下町",
        "operator": "庄内交通",
        "ref": "",
        "url": "",
        "url2": ""
      }
    },
    {
      "type": "Feature",
      "geometry": {
        "type": "Point",
        "coordinates": [
          139.9054864,
          38.7745881
        ]
      },
      "properties": {
        "内容": "バス停: 藤島下町 (庄内交通)",
        "name": "藤島下町",
        "operator": "庄内交通",
        "ref": "",
        "url": "",
        "url2": ""
      }
    },
    {
      "type": "Feature",
      "geometry": {
        "type": "Point",
        "coordinates": [
          139.9043465,
          38.7683731
        ]
      },
      "properties": {
        "内容": "バス停: 藤島仲町 (庄内交通)",
        "name": "藤島仲町",
        "operator": "庄内交通",
        "ref": "",
        "url": "",
        "url2": ""
      }
    },
    {
      "type": "Feature",
      "geometry": {
        "type": "Point",
        "coordinates": [
          139.9044618,
          38.7683731
        ]
      },
      "properties": {
        "内容": "バス停: 藤島仲町 (庄内交通)",
        "name": "藤島仲町",
        "operator": "庄内交通",
        "ref": "",
        "url": "",
        "url2": ""
      }
    },
    {
      "type": "Feature",
      "geometry": {
        "type": "Point",
        "coordinates": [
          139.9039616,
          38.7656084
        ]
      },
      "properties": {
        "内容": "バス停: 藤島庁舎前 (庄内交通)",
        "name": "藤島庁舎前",
        "operator": "庄内交通",
        "ref": "",
        "url": "",
        "url2": ""
      }
    },
    {
      "type": "Feature",
      "geometry": {
        "type": "Point",
        "coordinates": [
          139.9038496,
          38.7656142
        ]
      },
      "properties": {
        "内容": "バス停: 藤島庁舎前 (庄内交通)",
        "name": "藤島庁舎前",
        "operator": "庄内交通",
        "ref": "",
        "url": "",
        "url2": ""
      }
    },
    {
      "type": "Feature",
      "geometry": {
        "type": "Point",
        "coordinates": [
          139.8945259,
          38.7684291
        ]
      },
      "properties": {
        "内容": "バス停: 藤島駅前 (庄内交通)",
        "name": "藤島駅前",
        "operator": "庄内交通",
        "ref": "",
        "url": "",
        "url2": ""
      }
    },
    {
      "type": "Feature",
      "geometry": {
        "type": "Point",
        "coordinates": [
          139.8950147,
          38.7687798
        ]
      },
      "properties": {
        "内容": "バス停: 藤島駅前 (庄内交通)",
        "name": "藤島駅前",
        "operator": "庄内交通",
        "ref": "",
        "url": "",
        "url2": ""
      }
    },
    {
      "type": "Feature",
      "geometry": {
        "type": "Point",
        "coordinates": [
          139.902595,
          38.7646662
        ]
      },
      "properties": {
        "内容": "バス停: 農業改良普及センター (庄内交通)",
        "name": "農業改良普及センター",
        "operator": "庄内交通",
        "ref": "",
        "url": "",
        "url2": ""
      }
    },
    {
      "type": "Feature",
      "geometry": {
        "type": "Point",
        "coordinates": [
          139.9026352,
          38.7647519
        ]
      },
      "properties": {
        "内容": "バス停: 農業改良普及センター (庄内交通)",
        "name": "農業改良普及センター",
        "operator": "庄内交通",
        "ref": "",
        "url": "",
        "url2": ""
      }
    },
    {
      "type": "Feature",
      "geometry": {
        "type": "Point",
        "coordinates": [
          139.8319665,
          38.7379786
        ]
      },
      "properties": {
        "内容": "バス停: 錦町エスモール前",
        "name": "錦町エスモール前",
        "operator": "事業者不明",
        "ref": "",
        "url": "",
        "url2": ""
      }
    },
    {
      "type": "Feature",
      "geometry": {
        "type": "Point",
        "coordinates": [
          139.8324868,
          38.7382809
        ]
      },
      "properties": {
        "内容": "バス停: 錦町エスモール前",
        "name": "錦町エスモール前",
        "operator": "事業者不明",
        "ref": "",
        "url": "",
        "url2": ""
      }
    },
    {
      "type": "Feature",
      "geometry": {
        "type": "Point",
        "coordinates": [
          139.8325166,
          38.7395566
        ]
      },
      "properties": {
        "内容": "バス停: エスモール",
        "name": "エスモール",
        "operator": "事業者不明",
        "ref": "",
        "url": "",
        "url2": ""
      }
    },
    {
      "type": "Feature",
      "geometry": {
        "type": "Point",
        "coordinates": [
          139.8323725,
          38.7395592
        ]
      },
      "properties": {
        "内容": "バス停: エスモール",
        "name": "エスモール",
        "operator": "事業者不明",
        "ref": "",
        "url": "",
        "url2": ""
      }
    },
    {
      "type": "Feature",
      "geometry": {
        "type": "Point",
        "coordinates": [
          139.832233,
          38.7395639
        ]
      },
      "properties": {
        "内容": "バス停: エスモール",
        "name": "エスモール",
        "operator": "事業者不明",
        "ref": "",
        "url": "",
        "url2": ""
      }
    },
    {
      "type": "Feature",
      "geometry": {
        "type": "Point",
        "coordinates": [
          139.8320908,
          38.7397119
        ]
      },
      "properties": {
        "内容": "バス停: エスモール",
        "name": "エスモール",
        "operator": "事業者不明",
        "ref": "",
        "url": "",
        "url2": ""
      }
    },
    {
      "type": "Feature",
      "geometry": {
        "type": "Point",
        "coordinates": [
          139.8833123,
          38.7501501
        ]
      },
      "properties": {
        "内容": "バス停: スタンレー前",
        "name": "スタンレー前",
        "operator": "事業者不明",
        "ref": "",
        "url": "",
        "url2": ""
      }
    },
    {
      "type": "Feature",
      "geometry": {
        "type": "Point",
        "coordinates": [
          139.8834464,
          38.7504681
        ]
      },
      "properties": {
        "内容": "バス停: スタンレー前",
        "name": "スタンレー前",
        "operator": "事業者不明",
        "ref": "",
        "url": "",
        "url2": ""
      }
    },
    {
      "type": "Feature",
      "geometry": {
        "type": "Point",
        "coordinates": [
          139.9181079,
          38.775787
        ]
      },
      "properties": {
        "内容": "バス停: 三枚橋 (庄内交通)",
        "name": "三枚橋",
        "operator": "庄内交通",
        "ref": "",
        "url": "",
        "url2": ""
      }
    },
    {
      "type": "Feature",
      "geometry": {
        "type": "Point",
        "coordinates": [
          139.9183118,
          38.7758832
        ]
      },
      "properties": {
        "内容": "バス停: 三枚橋 (庄内交通)",
        "name": "三枚橋",
        "operator": "庄内交通",
        "ref": "",
        "url": "",
        "url2": ""
      }
    },
    {
      "type": "Feature",
      "geometry": {
        "type": "Point",
        "coordinates": [
          139.8858993,
          38.7550956
        ]
      },
      "properties": {
        "内容": "バス停: 下渡前 (庄内交通)",
        "name": "下渡前",
        "operator": "庄内交通",
        "ref": "",
        "url": "",
        "url2": ""
      }
    },
    {
      "type": "Feature",
      "geometry": {
        "type": "Point",
        "coordinates": [
          139.8858242,
          38.7551793
        ]
      },
      "properties": {
        "内容": "バス停: 下渡前 (庄内交通)",
        "name": "下渡前",
        "operator": "庄内交通",
        "ref": "",
        "url": "",
        "url2": ""
      }
    },
    {
      "type": "Feature",
      "geometry": {
        "type": "Point",
        "coordinates": [
          139.9051237,
          38.7719366
        ]
      },
      "properties": {
        "内容": "バス停: 下町会館 (庄内交通)",
        "name": "下町会館",
        "operator": "庄内交通",
        "ref": "",
        "url": "",
        "url2": ""
      }
    },
    {
      "type": "Feature",
      "geometry": {
        "type": "Point",
        "coordinates": [
          139.9049829,
          38.771876
        ]
      },
      "properties": {
        "内容": "バス停: 下町会館 (庄内交通)",
        "name": "下町会館",
        "operator": "庄内交通",
        "ref": "",
        "url": "",
        "url2": ""
      }
    },
    {
      "type": "Feature",
      "geometry": {
        "type": "Point",
        "coordinates": [
          139.8846877,
          38.751766
        ]
      },
      "properties": {
        "内容": "バス停: 渡前 (庄内交通)",
        "name": "渡前",
        "operator": "庄内交通",
        "ref": "",
        "url": "",
        "url2": ""
      }
    },
    {
      "type": "Feature",
      "geometry": {
        "type": "Point",
        "coordinates": [
          139.8852455,
          38.7530688
        ]
      },
      "properties": {
        "内容": "バス停: 渡前 (庄内交通)",
        "name": "渡前",
        "operator": "庄内交通",
        "ref": "",
        "url": "",
        "url2": ""
      }
    },
    {
      "type": "Feature",
      "geometry": {
        "type": "Point",
        "coordinates": [
          140.1659715,
          38.423111
        ]
      },
      "properties": {
        "内容": "バス停: 西川IC（下り）",
        "name": "西川IC（下り）",
        "operator": "事業者不明",
        "ref": "",
        "url": "",
        "url2": ""
      }
    },
    {
      "type": "Feature",
      "geometry": {
        "type": "Point",
        "coordinates": [
          140.2606847,
          38.3654959
        ]
      },
      "properties": {
        "内容": "バス停: 寒河江バスストップ",
        "name": "寒河江バスストップ",
        "operator": "事業者不明",
        "ref": "",
        "url": "",
        "url2": ""
      }
    },
    {
      "type": "Feature",
      "geometry": {
        "type": "Point",
        "coordinates": [
          140.165345,
          38.4236142
        ]
      },
      "properties": {
        "内容": "バス停: 西川バスストップ（下り）",
        "name": "西川バスストップ（下り）",
        "operator": "事業者不明",
        "ref": "",
        "url": "",
        "url2": ""
      }
    },
    {
      "type": "Feature",
      "geometry": {
        "type": "Point",
        "coordinates": [
          140.0010667,
          38.4530634
        ]
      },
      "properties": {
        "内容": "バス停: 月山口",
        "name": "月山口",
        "operator": "事業者不明",
        "ref": "",
        "url": "",
        "url2": ""
      }
    },
    {
      "type": "Feature",
      "geometry": {
        "type": "Point",
        "coordinates": [
          140.0991869,
          38.4360957
        ]
      },
      "properties": {
        "内容": "バス停: 月山銘水館",
        "name": "月山銘水館",
        "operator": "事業者不明",
        "ref": "",
        "url": "",
        "url2": ""
      }
    },
    {
      "type": "Feature",
      "geometry": {
        "type": "Point",
        "coordinates": [
          140.1670704,
          38.4239128
        ]
      },
      "properties": {
        "内容": "バス停: 西川IC（上り）",
        "name": "西川IC（上り）",
        "operator": "事業者不明",
        "ref": "",
        "url": "",
        "url2": ""
      }
    },
    {
      "type": "Feature",
      "geometry": {
        "type": "Point",
        "coordinates": [
          140.1668511,
          38.4237978
        ]
      },
      "properties": {
        "内容": "バス停: 西川バスストップ（上り）",
        "name": "西川バスストップ（上り）",
        "operator": "事業者不明",
        "ref": "",
        "url": "",
        "url2": ""
      }
    },
    {
      "type": "Feature",
      "geometry": {
        "type": "Point",
        "coordinates": [
          140.3316894,
          38.2468412
        ]
      },
      "properties": {
        "内容": "バス停: 山交ビルバスターミナル",
        "name": "山交ビルバスターミナル",
        "operator": "事業者不明",
        "ref": "",
        "url": "",
        "url2": ""
      }
    },
    {
      "type": "Feature",
      "geometry": {
        "type": "Point",
        "coordinates": [
          139.799571,
          38.7362455
        ]
      },
      "properties": {
        "内容": "バス停: 三井病院前",
        "name": "三井病院前",
        "operator": "事業者不明",
        "ref": "",
        "url": "",
        "url2": ""
      }
    },
    {
      "type": "Feature",
      "geometry": {
        "type": "Point",
        "coordinates": [
          139.8091356,
          38.7327885
        ]
      },
      "properties": {
        "内容": "バス停: 中央公民館",
        "name": "中央公民館",
        "operator": "事業者不明",
        "ref": "",
        "url": "",
        "url2": ""
      }
    },
    {
      "type": "Feature",
      "geometry": {
        "type": "Point",
        "coordinates": [
          139.8087151,
          38.7331682
        ]
      },
      "properties": {
        "内容": "バス停: 中央公民館",
        "name": "中央公民館",
        "operator": "事業者不明",
        "ref": "",
        "url": "",
        "url2": ""
      }
    },
    {
      "type": "Feature",
      "geometry": {
        "type": "Point",
        "coordinates": [
          139.8048563,
          38.7285212
        ]
      },
      "properties": {
        "内容": "バス停: 六小前",
        "name": "六小前",
        "operator": "事業者不明",
        "ref": "",
        "url": "",
        "url2": ""
      }
    },
    {
      "type": "Feature",
      "geometry": {
        "type": "Point",
        "coordinates": [
          139.8048724,
          38.7286279
        ]
      },
      "properties": {
        "内容": "バス停: 六小前",
        "name": "六小前",
        "operator": "事業者不明",
        "ref": "",
        "url": "",
        "url2": ""
      }
    },
    {
      "type": "Feature",
      "geometry": {
        "type": "Point",
        "coordinates": [
          139.8156936,
          38.7296664
        ]
      },
      "properties": {
        "内容": "バス停: 新海町",
        "name": "新海町",
        "operator": "事業者不明",
        "ref": "",
        "url": "",
        "url2": ""
      }
    },
    {
      "type": "Feature",
      "geometry": {
        "type": "Point",
        "coordinates": [
          139.814386,
          38.7299253
        ]
      },
      "properties": {
        "内容": "バス停: 新海町",
        "name": "新海町",
        "operator": "事業者不明",
        "ref": "",
        "url": "",
        "url2": ""
      }
    },
    {
      "type": "Feature",
      "geometry": {
        "type": "Point",
        "coordinates": [
          139.8004728,
          38.7372257
        ]
      },
      "properties": {
        "内容": "バス停: 美咲クリニック前",
        "name": "美咲クリニック前",
        "operator": "事業者不明",
        "ref": "",
        "url": "",
        "url2": ""
      }
    },
    {
      "type": "Feature",
      "geometry": {
        "type": "Point",
        "coordinates": [
          139.8032367,
          38.737039
        ]
      },
      "properties": {
        "内容": "バス停: 美咲東通り",
        "name": "美咲東通り",
        "operator": "事業者不明",
        "ref": "",
        "url": "",
        "url2": ""
      }
    },
    {
      "type": "Feature",
      "geometry": {
        "type": "Point",
        "coordinates": [
          139.8024025,
          38.738363
        ]
      },
      "properties": {
        "内容": "バス停: 美咲東通り",
        "name": "美咲東通り",
        "operator": "事業者不明",
        "ref": "",
        "url": "",
        "url2": ""
      }
    },
    {
      "type": "Feature",
      "geometry": {
        "type": "Point",
        "coordinates": [
          139.8011569,
          38.7369538
        ]
      },
      "properties": {
        "内容": "バス停: 美咲町",
        "name": "美咲町",
        "operator": "事業者不明",
        "ref": "",
        "url": "",
        "url2": ""
      }
    },
    {
      "type": "Feature",
      "geometry": {
        "type": "Point",
        "coordinates": [
          139.8010389,
          38.737028
        ]
      },
      "properties": {
        "内容": "バス停: 美咲町",
        "name": "美咲町",
        "operator": "事業者不明",
        "ref": "",
        "url": "",
        "url2": ""
      }
    },
    {
      "type": "Feature",
      "geometry": {
        "type": "Point",
        "coordinates": [
          139.8005761,
          38.7366033
        ]
      },
      "properties": {
        "内容": "バス停: 美咲町クリニック通り",
        "name": "美咲町クリニック通り",
        "operator": "事業者不明",
        "ref": "",
        "url": "",
        "url2": ""
      }
    },
    {
      "type": "Feature",
      "geometry": {
        "type": "Point",
        "coordinates": [
          139.841715,
          38.6103125
        ]
      },
      "properties": {
        "内容": "バス停: 名称不明バス停",
        "name": "名称不明バス停",
        "operator": "事業者不明",
        "ref": "",
        "url": "",
        "url2": ""
      }
    },
    {
      "type": "Feature",
      "geometry": {
        "type": "Point",
        "coordinates": [
          140.0993676,
          38.4371998
        ]
      },
      "properties": {
        "内容": "バス停: 名称不明バス停",
        "name": "名称不明バス停",
        "operator": "事業者不明",
        "ref": "",
        "url": "",
        "url2": ""
      }
    },
    {
      "type": "Feature",
      "geometry": {
        "type": "Point",
        "coordinates": [
          140.0993023,
          38.4369248
        ]
      },
      "properties": {
        "内容": "バス停: 名称不明バス停",
        "name": "名称不明バス停",
        "operator": "事業者不明",
        "ref": "",
        "url": "",
        "url2": ""
      }
    },
    {
      "type": "Feature",
      "geometry": {
        "type": "Point",
        "coordinates": [
          139.8422571,
          38.610604
        ]
      },
      "properties": {
        "内容": "バス停: 名称不明バス停",
        "name": "名称不明バス停",
        "operator": "事業者不明",
        "ref": "",
        "url": "",
        "url2": ""
      }
    },
    {
      "type": "Feature",
      "geometry": {
        "type": "Point",
        "coordinates": [
          140.3283639,
          38.2492559
        ]
      },
      "properties": {
        "内容": "バス停: 名称不明バス停",
        "name": "名称不明バス停",
        "operator": "事業者不明",
        "ref": "",
        "url": "",
        "url2": ""
      }
    },
    {
      "type": "Feature",
      "geometry": {
        "type": "Point",
        "coordinates": [
          139.9635941,
          38.7057601
        ]
      },
      "properties": {
        "内容": "バス停: 羽黒 隋神門",
        "name": "羽黒 隋神門",
        "operator": "事業者不明",
        "ref": "",
        "url": "",
        "url2": ""
      }
    },
    {
      "type": "Feature",
      "geometry": {
        "type": "Point",
        "coordinates": [
          140.3815096,
          38.3586707
        ]
      },
      "properties": {
        "内容": "バス停: Willer Bus",
        "name": "Willer Bus",
        "operator": "事業者不明",
        "ref": "",
        "url": "",
        "url2": ""
      }
    },
    {
      "type": "Feature",
      "geometry": {
        "type": "Point",
        "coordinates": [
          140.3055438,
          38.7595797
        ]
      },
      "properties": {
        "内容": "バス停: 山交バス 新庄営業所",
        "name": "山交バス 新庄営業所",
        "operator": "事業者不明",
        "ref": "",
        "url": "",
        "url2": ""
      }
    },
    {
      "type": "Feature",
      "geometry": {
        "type": "Point",
        "coordinates": [
          139.8310983,
          38.7288697
        ]
      },
      "properties": {
        "内容": "バス停: 本町川端通り",
        "name": "本町川端通り",
        "operator": "事業者不明",
        "ref": "",
        "url": "",
        "url2": ""
      }
    },
    {
      "type": "Feature",
      "geometry": {
        "type": "Point",
        "coordinates": [
          139.8432225,
          38.9238128
        ]
      },
      "properties": {
        "内容": "バス停: 庄交バスターミナル",
        "name": "庄交バスターミナル",
        "operator": "事業者不明",
        "ref": "",
        "url": "",
        "url2": ""
      }
    },
    {
      "type": "Feature",
      "geometry": {
        "type": "Point",
        "coordinates": [
          139.8292925,
          38.7261856
        ]
      },
      "properties": {
        "内容": "バス停: 内川通り",
        "name": "内川通り",
        "operator": "事業者不明",
        "ref": "",
        "url": "",
        "url2": ""
      }
    },
    {
      "type": "Feature",
      "geometry": {
        "type": "Point",
        "coordinates": [
          139.8293626,
          38.7184279
        ]
      },
      "properties": {
        "内容": "バス停: サウスモールみ～な",
        "name": "サウスモールみ～な",
        "operator": "事業者不明",
        "ref": "",
        "url": "",
        "url2": ""
      }
    },
    {
      "type": "Feature",
      "geometry": {
        "type": "Point",
        "coordinates": [
          139.829664,
          38.7179393
        ]
      },
      "properties": {
        "内容": "バス停: サウスモールみ～な",
        "name": "サウスモールみ～な",
        "operator": "事業者不明",
        "ref": "",
        "url": "",
        "url2": ""
      }
    },
    {
      "type": "Feature",
      "geometry": {
        "type": "Point",
        "coordinates": [
          139.8245289,
          38.718795
        ]
      },
      "properties": {
        "内容": "バス停: 双葉町",
        "name": "双葉町",
        "operator": "事業者不明",
        "ref": "",
        "url": "",
        "url2": ""
      }
    },
    {
      "type": "Feature",
      "geometry": {
        "type": "Point",
        "coordinates": [
          139.8253235,
          38.7188044
        ]
      },
      "properties": {
        "内容": "バス停: 双葉町",
        "name": "双葉町",
        "operator": "事業者不明",
        "ref": "",
        "url": "",
        "url2": ""
      }
    },
    {
      "type": "Feature",
      "geometry": {
        "type": "Point",
        "coordinates": [
          139.831444,
          38.7137862
        ]
      },
      "properties": {
        "内容": "バス停: 三中前",
        "name": "三中前",
        "operator": "事業者不明",
        "ref": "",
        "url": "",
        "url2": ""
      }
    },
    {
      "type": "Feature",
      "geometry": {
        "type": "Point",
        "coordinates": [
          139.8312552,
          38.7137105
        ]
      },
      "properties": {
        "内容": "バス停: 三中前",
        "name": "三中前",
        "operator": "事業者不明",
        "ref": "",
        "url": "",
        "url2": ""
      }
    },
    {
      "type": "Feature",
      "geometry": {
        "type": "Point",
        "coordinates": [
          139.8299061,
          38.7140172
        ]
      },
      "properties": {
        "内容": "バス停: 三中前",
        "name": "三中前",
        "operator": "事業者不明",
        "ref": "",
        "url": "",
        "url2": ""
      }
    },
    {
      "type": "Feature",
      "geometry": {
        "type": "Point",
        "coordinates": [
          139.8300965,
          38.7139743
        ]
      },
      "properties": {
        "内容": "バス停: 三中前",
        "name": "三中前",
        "operator": "事業者不明",
        "ref": "",
        "url": "",
        "url2": ""
      }
    },
    {
      "type": "Feature",
      "geometry": {
        "type": "Point",
        "coordinates": [
          139.827541,
          38.7143661
        ]
      },
      "properties": {
        "内容": "バス停: 協立病院",
        "name": "協立病院",
        "operator": "事業者不明",
        "ref": "",
        "url": "",
        "url2": ""
      }
    },
    {
      "type": "Feature",
      "geometry": {
        "type": "Point",
        "coordinates": [
          139.8261785,
          38.7181431
        ]
      },
      "properties": {
        "内容": "バス停: 一小前",
        "name": "一小前",
        "operator": "事業者不明",
        "ref": "",
        "url": "",
        "url2": ""
      }
    },
    {
      "type": "Feature",
      "geometry": {
        "type": "Point",
        "coordinates": [
          139.8260973,
          38.71805
        ]
      },
      "properties": {
        "内容": "バス停: 一小前",
        "name": "一小前",
        "operator": "事業者不明",
        "ref": "",
        "url": "",
        "url2": ""
      }
    },
    {
      "type": "Feature",
      "geometry": {
        "type": "Point",
        "coordinates": [
          139.8331401,
          38.7194929
        ]
      },
      "properties": {
        "内容": "バス停: 生協千石センター前",
        "name": "生協千石センター前",
        "operator": "事業者不明",
        "ref": "",
        "url": "",
        "url2": ""
      }
    },
    {
      "type": "Feature",
      "geometry": {
        "type": "Point",
        "coordinates": [
          139.8325648,
          38.7195547
        ]
      },
      "properties": {
        "内容": "バス停: 生協千石センター前",
        "name": "生協千石センター前",
        "operator": "事業者不明",
        "ref": "",
        "url": "",
        "url2": ""
      }
    },
    {
      "type": "Feature",
      "geometry": {
        "type": "Point",
        "coordinates": [
          140.1238633,
          37.9094063
        ]
      },
      "properties": {
        "内容": "バス停: 山交バス 米沢営業所",
        "name": "山交バス 米沢営業所",
        "operator": "事業者不明",
        "ref": "",
        "url": "",
        "url2": ""
      }
    },
    {
      "type": "Feature",
      "geometry": {
        "type": "Point",
        "coordinates": [
          139.9352725,
          38.1158146
        ]
      },
      "properties": {
        "内容": "バス停: 名称不明バス停",
        "name": "名称不明バス停",
        "operator": "事業者不明",
        "ref": "",
        "url": "",
        "url2": ""
      }
    },
    {
      "type": "Feature",
      "geometry": {
        "type": "Point",
        "coordinates": [
          139.601807,
          38.6171219
        ]
      },
      "properties": {
        "内容": "バス停: NTT前",
        "name": "NTT前",
        "operator": "事業者不明",
        "ref": "",
        "url": "",
        "url2": ""
      }
    },
    {
      "type": "Feature",
      "geometry": {
        "type": "Point",
        "coordinates": [
          139.6024045,
          38.6171696
        ]
      },
      "properties": {
        "内容": "バス停: NTT前",
        "name": "NTT前",
        "operator": "事業者不明",
        "ref": "",
        "url": "",
        "url2": ""
      }
    },
    {
      "type": "Feature",
      "geometry": {
        "type": "Point",
        "coordinates": [
          139.6110707,
          38.6156822
        ]
      },
      "properties": {
        "内容": "バス停: 神社前",
        "name": "神社前",
        "operator": "事業者不明",
        "ref": "",
        "url": "",
        "url2": ""
      }
    },
    {
      "type": "Feature",
      "geometry": {
        "type": "Point",
        "coordinates": [
          139.6107495,
          38.6160165
        ]
      },
      "properties": {
        "内容": "バス停: 神社前",
        "name": "神社前",
        "operator": "事業者不明",
        "ref": "",
        "url": "",
        "url2": ""
      }
    },
    {
      "type": "Feature",
      "geometry": {
        "type": "Point",
        "coordinates": [
          139.6083248,
          38.6162585
        ]
      },
      "properties": {
        "内容": "バス停: 温海温泉センター",
        "name": "温海温泉センター",
        "operator": "事業者不明",
        "ref": "",
        "url": "",
        "url2": ""
      }
    },
    {
      "type": "Feature",
      "geometry": {
        "type": "Point",
        "coordinates": [
          139.6090302,
          38.6162302
        ]
      },
      "properties": {
        "内容": "バス停: 温海温泉センター",
        "name": "温海温泉センター",
        "operator": "事業者不明",
        "ref": "",
        "url": "",
        "url2": ""
      }
    },
    {
      "type": "Feature",
      "geometry": {
        "type": "Point",
        "coordinates": [
          139.6124473,
          38.6144976
        ]
      },
      "properties": {
        "内容": "バス停: 月見橋",
        "name": "月見橋",
        "operator": "事業者不明",
        "ref": "",
        "url": "",
        "url2": ""
      }
    },
    {
      "type": "Feature",
      "geometry": {
        "type": "Point",
        "coordinates": [
          139.6122656,
          38.6147029
        ]
      },
      "properties": {
        "内容": "バス停: 月見橋",
        "name": "月見橋",
        "operator": "事業者不明",
        "ref": "",
        "url": "",
        "url2": ""
      }
    },
    {
      "type": "Feature",
      "geometry": {
        "type": "Point",
        "coordinates": [
          139.8201656,
          38.8941288
        ]
      },
      "properties": {
        "内容": "バス停: 大学前",
        "name": "大学前",
        "operator": "事業者不明",
        "ref": "",
        "url": "",
        "url2": ""
      }
    },
    {
      "type": "Feature",
      "geometry": {
        "type": "Point",
        "coordinates": [
          139.820863,
          38.8914577
        ]
      },
      "properties": {
        "内容": "バス停: 土門拳記念館",
        "name": "土門拳記念館",
        "operator": "事業者不明",
        "ref": "",
        "url": "",
        "url2": ""
      }
    },
    {
      "type": "Feature",
      "geometry": {
        "type": "Point",
        "coordinates": [
          139.8255581,
          38.9531654
        ]
      },
      "properties": {
        "内容": "バス停: 名称不明バス停",
        "name": "名称不明バス停",
        "operator": "事業者不明",
        "ref": "",
        "url": "",
        "url2": ""
      }
    },
    {
      "type": "Feature",
      "geometry": {
        "type": "Point",
        "coordinates": [
          139.9855345,
          38.5417461
        ]
      },
      "properties": {
        "内容": "バス停: 湯殿山本宮",
        "name": "湯殿山本宮",
        "operator": "事業者不明",
        "ref": "",
        "url": "",
        "url2": ""
      }
    },
    {
      "type": "Feature",
      "geometry": {
        "type": "Point",
        "coordinates": [
          139.9750981,
          38.5405346
        ]
      },
      "properties": {
        "内容": "バス停: 仙人沢駐車場",
        "name": "仙人沢駐車場",
        "operator": "事業者不明",
        "ref": "",
        "url": "",
        "url2": ""
      }
    },
    {
      "type": "Feature",
      "geometry": {
        "type": "Point",
        "coordinates": [
          140.0399466,
          38.1071385
        ]
      },
      "properties": {
        "内容": "バス停: 名称不明バス停",
        "name": "名称不明バス停",
        "operator": "事業者不明",
        "ref": "",
        "url": "",
        "url2": ""
      }
    },
    {
      "type": "Feature",
      "geometry": {
        "type": "Point",
        "coordinates": [
          139.8449023,
          38.7140365
        ]
      },
      "properties": {
        "内容": "バス停: 八ツ興屋",
        "name": "八ツ興屋",
        "operator": "事業者不明",
        "ref": "",
        "url": "",
        "url2": ""
      }
    },
    {
      "type": "Feature",
      "geometry": {
        "type": "Point",
        "coordinates": [
          139.8456728,
          38.718006
        ]
      },
      "properties": {
        "内容": "バス停: 南ショッピングセンター前",
        "name": "南ショッピングセンター前",
        "operator": "事業者不明",
        "ref": "",
        "url": "",
        "url2": ""
      }
    },
    {
      "type": "Feature",
      "geometry": {
        "type": "Point",
        "coordinates": [
          139.8456929,
          38.7178747
        ]
      },
      "properties": {
        "内容": "バス停: 南ショッピングセンター前",
        "name": "南ショッピングセンター前",
        "operator": "事業者不明",
        "ref": "",
        "url": "",
        "url2": ""
      }
    },
    {
      "type": "Feature",
      "geometry": {
        "type": "Point",
        "coordinates": [
          139.8441821,
          38.7184549
        ]
      },
      "properties": {
        "内容": "バス停: 二小前",
        "name": "二小前",
        "operator": "事業者不明",
        "ref": "",
        "url": "",
        "url2": ""
      }
    },
    {
      "type": "Feature",
      "geometry": {
        "type": "Point",
        "coordinates": [
          139.8440702,
          38.7186506
        ]
      },
      "properties": {
        "内容": "バス停: 二小前",
        "name": "二小前",
        "operator": "事業者不明",
        "ref": "",
        "url": "",
        "url2": ""
      }
    },
    {
      "type": "Feature",
      "geometry": {
        "type": "Point",
        "coordinates": [
          139.8428471,
          38.716872
        ]
      },
      "properties": {
        "内容": "バス停: 中村整形前",
        "name": "中村整形前",
        "operator": "事業者不明",
        "ref": "",
        "url": "",
        "url2": ""
      }
    },
    {
      "type": "Feature",
      "geometry": {
        "type": "Point",
        "coordinates": [
          139.8432621,
          38.7169089
        ]
      },
      "properties": {
        "内容": "バス停: 中村整形前",
        "name": "中村整形前",
        "operator": "事業者不明",
        "ref": "",
        "url": "",
        "url2": ""
      }
    },
    {
      "type": "Feature",
      "geometry": {
        "type": "Point",
        "coordinates": [
          139.8520792,
          38.7185869
        ]
      },
      "properties": {
        "内容": "バス停: 伊勢原町東",
        "name": "伊勢原町東",
        "operator": "事業者不明",
        "ref": "",
        "url": "",
        "url2": ""
      }
    },
    {
      "type": "Feature",
      "geometry": {
        "type": "Point",
        "coordinates": [
          139.8521677,
          38.7187219
        ]
      },
      "properties": {
        "内容": "バス停: 伊勢原町東",
        "name": "伊勢原町東",
        "operator": "事業者不明",
        "ref": "",
        "url": "",
        "url2": ""
      }
    },
    {
      "type": "Feature",
      "geometry": {
        "type": "Point",
        "coordinates": [
          139.8532299,
          38.7179188
        ]
      },
      "properties": {
        "内容": "バス停: 東部運動広場前",
        "name": "東部運動広場前",
        "operator": "事業者不明",
        "ref": "",
        "url": "",
        "url2": ""
      }
    },
    {
      "type": "Feature",
      "geometry": {
        "type": "Point",
        "coordinates": [
          139.8533626,
          38.7178644
        ]
      },
      "properties": {
        "内容": "バス停: 東部運動広場前",
        "name": "東部運動広場前",
        "operator": "事業者不明",
        "ref": "",
        "url": "",
        "url2": ""
      }
    },
    {
      "type": "Feature",
      "geometry": {
        "type": "Point",
        "coordinates": [
          139.850775,
          38.7181072
        ]
      },
      "properties": {
        "内容": "バス停: 伊勢原町",
        "name": "伊勢原町",
        "operator": "事業者不明",
        "ref": "",
        "url": "",
        "url2": ""
      }
    },
    {
      "type": "Feature",
      "geometry": {
        "type": "Point",
        "coordinates": [
          139.8507421,
          38.7181956
        ]
      },
      "properties": {
        "内容": "バス停: 伊勢原町",
        "name": "伊勢原町",
        "operator": "事業者不明",
        "ref": "",
        "url": "",
        "url2": ""
      }
    },
    {
      "type": "Feature",
      "geometry": {
        "type": "Point",
        "coordinates": [
          139.8497162,
          38.7158723
        ]
      },
      "properties": {
        "内容": "バス停: 田種院前",
        "name": "田種院前",
        "operator": "事業者不明",
        "ref": "",
        "url": "",
        "url2": ""
      }
    },
    {
      "type": "Feature",
      "geometry": {
        "type": "Point",
        "coordinates": [
          139.8527303,
          38.71692
        ]
      },
      "properties": {
        "内容": "バス停: 伊勢横内公園前",
        "name": "伊勢横内公園前",
        "operator": "事業者不明",
        "ref": "",
        "url": "",
        "url2": ""
      }
    },
    {
      "type": "Feature",
      "geometry": {
        "type": "Point",
        "coordinates": [
          139.8486299,
          38.720376
        ]
      },
      "properties": {
        "内容": "バス停: 出羽庄内国際村",
        "name": "出羽庄内国際村",
        "operator": "事業者不明",
        "ref": "",
        "url": "",
        "url2": ""
      }
    },
    {
      "type": "Feature",
      "geometry": {
        "type": "Point",
        "coordinates": [
          139.848988,
          38.7204524
        ]
      },
      "properties": {
        "内容": "バス停: 出羽庄内国際村",
        "name": "出羽庄内国際村",
        "operator": "事業者不明",
        "ref": "",
        "url": "",
        "url2": ""
      }
    },
    {
      "type": "Feature",
      "geometry": {
        "type": "Point",
        "coordinates": [
          139.8432152,
          38.7247329
        ]
      },
      "properties": {
        "内容": "バス停: ことぶき会館前",
        "name": "ことぶき会館前",
        "operator": "事業者不明",
        "ref": "",
        "url": "",
        "url2": ""
      }
    },
    {
      "type": "Feature",
      "geometry": {
        "type": "Point",
        "coordinates": [
          139.8430891,
          38.7246816
        ]
      },
      "properties": {
        "内容": "バス停: ことぶき会館前",
        "name": "ことぶき会館前",
        "operator": "事業者不明",
        "ref": "",
        "url": "",
        "url2": ""
      }
    },
    {
      "type": "Feature",
      "geometry": {
        "type": "Point",
        "coordinates": [
          139.842837,
          38.7283341
        ]
      },
      "properties": {
        "内容": "バス停: 朝暘町郵便局前",
        "name": "朝暘町郵便局前",
        "operator": "事業者不明",
        "ref": "",
        "url": "",
        "url2": ""
      }
    },
    {
      "type": "Feature",
      "geometry": {
        "type": "Point",
        "coordinates": [
          139.8430529,
          38.7281583
        ]
      },
      "properties": {
        "内容": "バス停: 朝暘町郵便局前",
        "name": "朝暘町郵便局前",
        "operator": "事業者不明",
        "ref": "",
        "url": "",
        "url2": ""
      }
    },
    {
      "type": "Feature",
      "geometry": {
        "type": "Point",
        "coordinates": [
          139.8425849,
          38.7299369
        ]
      },
      "properties": {
        "内容": "バス停: 鶴岡東高校前",
        "name": "鶴岡東高校前",
        "operator": "事業者不明",
        "ref": "",
        "url": "",
        "url2": ""
      }
    },
    {
      "type": "Feature",
      "geometry": {
        "type": "Point",
        "coordinates": [
          139.8424414,
          38.7300467
        ]
      },
      "properties": {
        "内容": "バス停: 鶴岡東高校前",
        "name": "鶴岡東高校前",
        "operator": "事業者不明",
        "ref": "",
        "url": "",
        "url2": ""
      }
    },
    {
      "type": "Feature",
      "geometry": {
        "type": "Point",
        "coordinates": [
          139.8366974,
          38.7196467
        ]
      },
      "properties": {
        "内容": "バス停: 長者町",
        "name": "長者町",
        "operator": "事業者不明",
        "ref": "",
        "url": "",
        "url2": ""
      }
    },
    {
      "type": "Feature",
      "geometry": {
        "type": "Point",
        "coordinates": [
          139.8367135,
          38.7197723
        ]
      },
      "properties": {
        "内容": "バス停: 長者町",
        "name": "長者町",
        "operator": "事業者不明",
        "ref": "",
        "url": "",
        "url2": ""
      }
    },
    {
      "type": "Feature",
      "geometry": {
        "type": "Point",
        "coordinates": [
          139.8425218,
          38.7214109
        ]
      },
      "properties": {
        "内容": "バス停: 法林寺",
        "name": "法林寺",
        "operator": "事業者不明",
        "ref": "",
        "url": "",
        "url2": ""
      }
    },
    {
      "type": "Feature",
      "geometry": {
        "type": "Point",
        "coordinates": [
          139.8427042,
          38.7214402
        ]
      },
      "properties": {
        "内容": "バス停: 法林寺",
        "name": "法林寺",
        "operator": "事業者不明",
        "ref": "",
        "url": "",
        "url2": ""
      }
    },
    {
      "type": "Feature",
      "geometry": {
        "type": "Point",
        "coordinates": [
          139.8436008,
          38.7218336
        ]
      },
      "properties": {
        "内容": "バス停: 苗津荘銀前",
        "name": "苗津荘銀前",
        "operator": "事業者不明",
        "ref": "",
        "url": "",
        "url2": ""
      }
    },
    {
      "type": "Feature",
      "geometry": {
        "type": "Point",
        "coordinates": [
          139.8432749,
          38.7220298
        ]
      },
      "properties": {
        "内容": "バス停: 苗津荘銀前",
        "name": "苗津荘銀前",
        "operator": "事業者不明",
        "ref": "",
        "url": "",
        "url2": ""
      }
    },
    {
      "type": "Feature",
      "geometry": {
        "type": "Point",
        "coordinates": [
          139.8380211,
          38.7234156
        ]
      },
      "properties": {
        "内容": "バス停: 苗津新橋",
        "name": "苗津新橋",
        "operator": "事業者不明",
        "ref": "",
        "url": "",
        "url2": ""
      }
    },
    {
      "type": "Feature",
      "geometry": {
        "type": "Point",
        "coordinates": [
          139.8404405,
          38.7228286
        ]
      },
      "properties": {
        "内容": "バス停: 苗津新橋",
        "name": "苗津新橋",
        "operator": "事業者不明",
        "ref": "",
        "url": "",
        "url2": ""
      }
    },
    {
      "type": "Feature",
      "geometry": {
        "type": "Point",
        "coordinates": [
          139.8333641,
          38.724487
        ]
      },
      "properties": {
        "内容": "バス停: 天満宮前",
        "name": "天満宮前",
        "operator": "事業者不明",
        "ref": "",
        "url": "",
        "url2": ""
      }
    },
    {
      "type": "Feature",
      "geometry": {
        "type": "Point",
        "coordinates": [
          139.8342412,
          38.7244828
        ]
      },
      "properties": {
        "内容": "バス停: 天満宮前",
        "name": "天満宮前",
        "operator": "事業者不明",
        "ref": "",
        "url": "",
        "url2": ""
      }
    },
    {
      "type": "Feature",
      "geometry": {
        "type": "Point",
        "coordinates": [
          139.8213753,
          38.7225262
        ]
      },
      "properties": {
        "内容": "バス停: 田元小路",
        "name": "田元小路",
        "operator": "事業者不明",
        "ref": "",
        "url": "",
        "url2": ""
      }
    },
    {
      "type": "Feature",
      "geometry": {
        "type": "Point",
        "coordinates": [
          139.8217468,
          38.722973
        ]
      },
      "properties": {
        "内容": "バス停: 田元小路",
        "name": "田元小路",
        "operator": "事業者不明",
        "ref": "",
        "url": "",
        "url2": ""
      }
    },
    {
      "type": "Feature",
      "geometry": {
        "type": "Point",
        "coordinates": [
          139.8271099,
          38.7301681
        ]
      },
      "properties": {
        "内容": "バス停: にこふる前",
        "name": "にこふる前",
        "operator": "事業者不明",
        "ref": "",
        "url": "",
        "url2": ""
      }
    },
    {
      "type": "Feature",
      "geometry": {
        "type": "Point",
        "coordinates": [
          139.8271193,
          38.7303794
        ]
      },
      "properties": {
        "内容": "バス停: にこふる前",
        "name": "にこふる前",
        "operator": "事業者不明",
        "ref": "",
        "url": "",
        "url2": ""
      }
    },
    {
      "type": "Feature",
      "geometry": {
        "type": "Point",
        "coordinates": [
          139.8345694,
          38.7313843
        ]
      },
      "properties": {
        "内容": "バス停: 山王町",
        "name": "山王町",
        "operator": "事業者不明",
        "ref": "",
        "url": "",
        "url2": ""
      }
    },
    {
      "type": "Feature",
      "geometry": {
        "type": "Point",
        "coordinates": [
          139.8349738,
          38.7318864
        ]
      },
      "properties": {
        "内容": "バス停: 山王町",
        "name": "山王町",
        "operator": "事業者不明",
        "ref": "",
        "url": "",
        "url2": ""
      }
    },
    {
      "type": "Feature",
      "geometry": {
        "type": "Point",
        "coordinates": [
          139.835937,
          38.7333254
        ]
      },
      "properties": {
        "内容": "バス停: 日吉町",
        "name": "日吉町",
        "operator": "事業者不明",
        "ref": "",
        "url": "",
        "url2": ""
      }
    },
    {
      "type": "Feature",
      "geometry": {
        "type": "Point",
        "coordinates": [
          139.8357372,
          38.7344192
        ]
      },
      "properties": {
        "内容": "バス停: 日吉町",
        "name": "日吉町",
        "operator": "事業者不明",
        "ref": "",
        "url": "",
        "url2": ""
      }
    },
    {
      "type": "Feature",
      "geometry": {
        "type": "Point",
        "coordinates": [
          139.8325236,
          38.7287952
        ]
      },
      "properties": {
        "内容": "バス停: 銀座通り",
        "name": "銀座通り",
        "operator": "事業者不明",
        "ref": "",
        "url": "",
        "url2": ""
      }
    },
    {
      "type": "Feature",
      "geometry": {
        "type": "Point",
        "coordinates": [
          139.8300164,
          38.7242008
        ]
      },
      "properties": {
        "内容": "バス停: 南銀座",
        "name": "南銀座",
        "operator": "事業者不明",
        "ref": "",
        "url": "",
        "url2": ""
      }
    },
    {
      "type": "Feature",
      "geometry": {
        "type": "Point",
        "coordinates": [
          139.8279863,
          38.7236494
        ]
      },
      "properties": {
        "内容": "バス停: 一日市通り",
        "name": "一日市通り",
        "operator": "事業者不明",
        "ref": "",
        "url": "",
        "url2": ""
      }
    },
    {
      "type": "Feature",
      "geometry": {
        "type": "Point",
        "coordinates": [
          139.8302286,
          38.7317687
        ]
      },
      "properties": {
        "内容": "バス停: 荘内病院",
        "name": "荘内病院",
        "operator": "事業者不明",
        "ref": "",
        "url": "",
        "url2": ""
      }
    },
    {
      "type": "Feature",
      "geometry": {
        "type": "Point",
        "coordinates": [
          139.8337825,
          38.7344145
        ]
      },
      "properties": {
        "内容": "バス停: 般若寺前",
        "name": "般若寺前",
        "operator": "事業者不明",
        "ref": "",
        "url": "",
        "url2": ""
      }
    },
    {
      "type": "Feature",
      "geometry": {
        "type": "Point",
        "coordinates": [
          139.8338764,
          38.7343988
        ]
      },
      "properties": {
        "内容": "バス停: 般若寺前",
        "name": "般若寺前",
        "operator": "事業者不明",
        "ref": "",
        "url": "",
        "url2": ""
      }
    },
    {
      "type": "Feature",
      "geometry": {
        "type": "Point",
        "coordinates": [
          139.841001,
          38.7352592
        ]
      },
      "properties": {
        "内容": "バス停: 第5コミセン前",
        "name": "第5コミセン前",
        "operator": "事業者不明",
        "ref": "",
        "url": "",
        "url2": ""
      }
    },
    {
      "type": "Feature",
      "geometry": {
        "type": "Point",
        "coordinates": [
          139.8411358,
          38.735413
        ]
      },
      "properties": {
        "内容": "バス停: 第5コミセン前",
        "name": "第5コミセン前",
        "operator": "事業者不明",
        "ref": "",
        "url": "",
        "url2": ""
      }
    },
    {
      "type": "Feature",
      "geometry": {
        "type": "Point",
        "coordinates": [
          139.8425473,
          38.736378
        ]
      },
      "properties": {
        "内容": "バス停: 大宝寺町",
        "name": "大宝寺町",
        "operator": "事業者不明",
        "ref": "",
        "url": "",
        "url2": ""
      }
    },
    {
      "type": "Feature",
      "geometry": {
        "type": "Point",
        "coordinates": [
          139.8426493,
          38.7362875
        ]
      },
      "properties": {
        "内容": "バス停: 大宝寺町",
        "name": "大宝寺町",
        "operator": "事業者不明",
        "ref": "",
        "url": "",
        "url2": ""
      }
    },
    {
      "type": "Feature",
      "geometry": {
        "type": "Point",
        "coordinates": [
          139.839894,
          38.7375936
        ]
      },
      "properties": {
        "内容": "バス停: 西大宝寺",
        "name": "西大宝寺",
        "operator": "事業者不明",
        "ref": "",
        "url": "",
        "url2": ""
      }
    },
    {
      "type": "Feature",
      "geometry": {
        "type": "Point",
        "coordinates": [
          139.8401347,
          38.7373969
        ]
      },
      "properties": {
        "内容": "バス停: 西大宝寺",
        "name": "西大宝寺",
        "operator": "事業者不明",
        "ref": "",
        "url": "",
        "url2": ""
      }
    },
    {
      "type": "Feature",
      "geometry": {
        "type": "Point",
        "coordinates": [
          140.3314224,
          38.246334
        ]
      },
      "properties": {
        "内容": "バス停: 山交ビルバスターミナル",
        "name": "山交ビルバスターミナル",
        "operator": "事業者不明",
        "ref": "",
        "url": "",
        "url2": ""
      }
    },
    {
      "type": "Feature",
      "geometry": {
        "type": "Point",
        "coordinates": [
          140.1241187,
          37.9102679
        ]
      },
      "properties": {
        "内容": "バス停: 米沢営業所",
        "name": "米沢営業所",
        "operator": "事業者不明",
        "ref": "",
        "url": "",
        "url2": ""
      }
    },
    {
      "type": "Feature",
      "geometry": {
        "type": "Point",
        "coordinates": [
          140.1200202,
          37.9108931
        ]
      },
      "properties": {
        "内容": "バス停: 駅前四丁目",
        "name": "駅前四丁目",
        "operator": "事業者不明",
        "ref": "",
        "url": "",
        "url2": ""
      }
    },
    {
      "type": "Feature",
      "geometry": {
        "type": "Point",
        "coordinates": [
          140.1169467,
          37.9112315
        ]
      },
      "properties": {
        "内容": "バス停: 住之江橋",
        "name": "住之江橋",
        "operator": "事業者不明",
        "ref": "",
        "url": "",
        "url2": ""
      }
    },
    {
      "type": "Feature",
      "geometry": {
        "type": "Point",
        "coordinates": [
          139.8152165,
          38.8933954
        ]
      },
      "properties": {
        "内容": "バス停: 出羽遊心館・美術館",
        "name": "出羽遊心館・美術館",
        "operator": "事業者不明",
        "ref": "",
        "url": "",
        "url2": ""
      }
    },
    {
      "type": "Feature",
      "geometry": {
        "type": "Point",
        "coordinates": [
          139.862618,
          38.9277516
        ]
      },
      "properties": {
        "内容": "バス停: 上安北公園前",
        "name": "上安北公園前",
        "operator": "事業者不明",
        "ref": "",
        "url": "",
        "url2": ""
      }
    },
    {
      "type": "Feature",
      "geometry": {
        "type": "Point",
        "coordinates": [
          139.8646736,
          38.9293226
        ]
      },
      "properties": {
        "内容": "バス停: 上安町３丁目",
        "name": "上安町３丁目",
        "operator": "事業者不明",
        "ref": "",
        "url": "",
        "url2": ""
      }
    },
    {
      "type": "Feature",
      "geometry": {
        "type": "Point",
        "coordinates": [
          139.8387645,
          38.9207378
        ]
      },
      "properties": {
        "内容": "バス停: 中央西町前",
        "name": "中央西町前",
        "operator": "事業者不明",
        "ref": "",
        "url": "",
        "url2": ""
      }
    },
    {
      "type": "Feature",
      "geometry": {
        "type": "Point",
        "coordinates": [
          139.851919,
          38.8901658
        ]
      },
      "properties": {
        "内容": "バス停: あきほ橋",
        "name": "あきほ橋",
        "operator": "事業者不明",
        "ref": "",
        "url": "",
        "url2": ""
      }
    },
    {
      "type": "Feature",
      "geometry": {
        "type": "Point",
        "coordinates": [
          139.8518635,
          38.8903474
        ]
      },
      "properties": {
        "内容": "バス停: あきほ橋",
        "name": "あきほ橋",
        "operator": "事業者不明",
        "ref": "",
        "url": "",
        "url2": ""
      }
    },
    {
      "type": "Feature",
      "geometry": {
        "type": "Point",
        "coordinates": [
          139.8578398,
          38.9005329
        ]
      },
      "properties": {
        "内容": "バス停: こがね町交番前",
        "name": "こがね町交番前",
        "operator": "事業者不明",
        "ref": "",
        "url": "",
        "url2": ""
      }
    },
    {
      "type": "Feature",
      "geometry": {
        "type": "Point",
        "coordinates": [
          139.8578816,
          38.9006058
        ]
      },
      "properties": {
        "内容": "バス停: こがね町交番前",
        "name": "こがね町交番前",
        "operator": "事業者不明",
        "ref": "",
        "url": "",
        "url2": ""
      }
    },
    {
      "type": "Feature",
      "geometry": {
        "type": "Point",
        "coordinates": [
          139.830087,
          38.9142719
        ]
      },
      "properties": {
        "内容": "バス停: さかた海鮮市場前",
        "name": "さかた海鮮市場前",
        "operator": "事業者不明",
        "ref": "",
        "url": "",
        "url2": ""
      }
    },
    {
      "type": "Feature",
      "geometry": {
        "type": "Point",
        "coordinates": [
          139.8418975,
          38.9181918
        ]
      },
      "properties": {
        "内容": "バス停: シルバー人材センター前",
        "name": "シルバー人材センター前",
        "operator": "事業者不明",
        "ref": "",
        "url": "",
        "url2": ""
      }
    },
    {
      "type": "Feature",
      "geometry": {
        "type": "Point",
        "coordinates": [
          139.84208,
          38.9190662
        ]
      },
      "properties": {
        "内容": "バス停: シルバー人材センター前",
        "name": "シルバー人材センター前",
        "operator": "事業者不明",
        "ref": "",
        "url": "",
        "url2": ""
      }
    },
    {
      "type": "Feature",
      "geometry": {
        "type": "Point",
        "coordinates": [
          139.8536419,
          38.9313941
        ]
      },
      "properties": {
        "内容": "バス停: デイサービスセンターいずみ前",
        "name": "デイサービスセンターいずみ前",
        "operator": "事業者不明",
        "ref": "",
        "url": "",
        "url2": ""
      }
    },
    {
      "type": "Feature",
      "geometry": {
        "type": "Point",
        "coordinates": [
          139.8477416,
          38.903788
        ]
      },
      "properties": {
        "内容": "バス停: みずほ１丁目",
        "name": "みずほ１丁目",
        "operator": "事業者不明",
        "ref": "",
        "url": "",
        "url2": ""
      }
    },
    {
      "type": "Feature",
      "geometry": {
        "type": "Point",
        "coordinates": [
          139.8492814,
          38.9034098
        ]
      },
      "properties": {
        "内容": "バス停: みずほ１丁目",
        "name": "みずほ１丁目",
        "operator": "事業者不明",
        "ref": "",
        "url": "",
        "url2": ""
      }
    },
    {
      "type": "Feature",
      "geometry": {
        "type": "Point",
        "coordinates": [
          139.8513782,
          38.9025988
        ]
      },
      "properties": {
        "内容": "バス停: みずほ２丁目",
        "name": "みずほ２丁目",
        "operator": "事業者不明",
        "ref": "",
        "url": "",
        "url2": ""
      }
    },
    {
      "type": "Feature",
      "geometry": {
        "type": "Point",
        "coordinates": [
          139.8514932,
          38.9026568
        ]
      },
      "properties": {
        "内容": "バス停: みずほ２丁目",
        "name": "みずほ２丁目",
        "operator": "事業者不明",
        "ref": "",
        "url": "",
        "url2": ""
      }
    },
    {
      "type": "Feature",
      "geometry": {
        "type": "Point",
        "coordinates": [
          139.844974,
          38.9342089
        ]
      },
      "properties": {
        "内容": "バス停: ゆたか１丁目",
        "name": "ゆたか１丁目",
        "operator": "事業者不明",
        "ref": "",
        "url": "",
        "url2": ""
      }
    },
    {
      "type": "Feature",
      "geometry": {
        "type": "Point",
        "coordinates": [
          139.8451644,
          38.9341713
        ]
      },
      "properties": {
        "内容": "バス停: ゆたか１丁目",
        "name": "ゆたか１丁目",
        "operator": "事業者不明",
        "ref": "",
        "url": "",
        "url2": ""
      }
    },
    {
      "type": "Feature",
      "geometry": {
        "type": "Point",
        "coordinates": [
          139.8361082,
          38.9147586
        ]
      },
      "properties": {
        "内容": "バス停: 酒田市役所前",
        "name": "酒田市役所前",
        "operator": "事業者不明",
        "ref": "",
        "url": "",
        "url2": ""
      }
    },
    {
      "type": "Feature",
      "geometry": {
        "type": "Point",
        "coordinates": [
          139.835899,
          38.9142097
        ]
      },
      "properties": {
        "内容": "バス停: 酒田市役所前",
        "name": "酒田市役所前",
        "operator": "事業者不明",
        "ref": "",
        "url": "",
        "url2": ""
      }
    },
    {
      "type": "Feature",
      "geometry": {
        "type": "Point",
        "coordinates": [
          139.8360465,
          38.9144914
        ]
      },
      "properties": {
        "内容": "バス停: 酒田市役所前",
        "name": "酒田市役所前",
        "operator": "事業者不明",
        "ref": "",
        "url": "",
        "url2": ""
      }
    },
    {
      "type": "Feature",
      "geometry": {
        "type": "Point",
        "coordinates": [
          139.8503597,
          38.9125447
        ]
      },
      "properties": {
        "内容": "バス停: 若浜町",
        "name": "若浜町",
        "operator": "事業者不明",
        "ref": "",
        "url": "",
        "url2": ""
      }
    },
    {
      "type": "Feature",
      "geometry": {
        "type": "Point",
        "coordinates": [
          139.8514682,
          38.9134735
        ]
      },
      "properties": {
        "内容": "バス停: 緑町",
        "name": "緑町",
        "operator": "事業者不明",
        "ref": "",
        "url": "",
        "url2": ""
      }
    },
    {
      "type": "Feature",
      "geometry": {
        "type": "Point",
        "coordinates": [
          139.8414826,
          38.9135824
        ]
      },
      "properties": {
        "内容": "バス停: るんるんバスのりば中の口",
        "name": "るんるんバスのりば中の口",
        "operator": "事業者不明",
        "ref": "",
        "url": "",
        "url2": ""
      }
    },
    {
      "type": "Feature",
      "geometry": {
        "type": "Point",
        "coordinates": [
          139.8424325,
          38.9133318
        ]
      },
      "properties": {
        "内容": "バス停: るんるんバスのりば中の口",
        "name": "るんるんバスのりば中の口",
        "operator": "事業者不明",
        "ref": "",
        "url": "",
        "url2": ""
      }
    },
    {
      "type": "Feature",
      "geometry": {
        "type": "Point",
        "coordinates": [
          139.9023274,
          38.8989234
        ]
      },
      "properties": {
        "内容": "バス停: るんるんバスのりば茨野新田",
        "name": "るんるんバスのりば茨野新田",
        "operator": "事業者不明",
        "ref": "",
        "url": "",
        "url2": ""
      }
    },
    {
      "type": "Feature",
      "geometry": {
        "type": "Point",
        "coordinates": [
          139.9025165,
          38.8988832
        ]
      },
      "properties": {
        "内容": "バス停: るんるんバスのりば茨野新田",
        "name": "るんるんバスのりば茨野新田",
        "operator": "事業者不明",
        "ref": "",
        "url": "",
        "url2": ""
      }
    },
    {
      "type": "Feature",
      "geometry": {
        "type": "Point",
        "coordinates": [
          139.8362286,
          38.9240057
        ]
      },
      "properties": {
        "内容": "バス停: るんるんバスのりば栄町",
        "name": "るんるんバスのりば栄町",
        "operator": "事業者不明",
        "ref": "",
        "url": "",
        "url2": ""
      }
    },
    {
      "type": "Feature",
      "geometry": {
        "type": "Point",
        "coordinates": [
          139.8364358,
          38.9244276
        ]
      },
      "properties": {
        "内容": "バス停: るんるんバスのりば栄町",
        "name": "るんるんバスのりば栄町",
        "operator": "事業者不明",
        "ref": "",
        "url": "",
        "url2": ""
      }
    },
    {
      "type": "Feature",
      "geometry": {
        "type": "Point",
        "coordinates": [
          139.8470842,
          38.9255836
        ]
      },
      "properties": {
        "内容": "バス停: るんるんバスのりば駅東公園前",
        "name": "るんるんバスのりば駅東公園前",
        "operator": "事業者不明",
        "ref": "",
        "url": "",
        "url2": ""
      }
    },
    {
      "type": "Feature",
      "geometry": {
        "type": "Point",
        "coordinates": [
          139.8470607,
          38.926457
        ]
      },
      "properties": {
        "内容": "バス停: るんるんバスのりば駅東公園前",
        "name": "るんるんバスのりば駅東公園前",
        "operator": "事業者不明",
        "ref": "",
        "url": "",
        "url2": ""
      }
    },
    {
      "type": "Feature",
      "geometry": {
        "type": "Point",
        "coordinates": [
          139.8466029,
          38.9230447
        ]
      },
      "properties": {
        "内容": "バス停: るんるんバスのりば駅東地下道前",
        "name": "るんるんバスのりば駅東地下道前",
        "operator": "事業者不明",
        "ref": "",
        "url": "",
        "url2": ""
      }
    },
    {
      "type": "Feature",
      "geometry": {
        "type": "Point",
        "coordinates": [
          139.8284006,
          38.9325109
        ]
      },
      "properties": {
        "内容": "バス停: るんるんバスのりば屋内プール前",
        "name": "るんるんバスのりば屋内プール前",
        "operator": "事業者不明",
        "ref": "",
        "url": "",
        "url2": ""
      }
    },
    {
      "type": "Feature",
      "geometry": {
        "type": "Point",
        "coordinates": [
          139.8283266,
          38.9326078
        ]
      },
      "properties": {
        "内容": "バス停: るんるんバスのりば屋内プール前",
        "name": "るんるんバスのりば屋内プール前",
        "operator": "事業者不明",
        "ref": "",
        "url": "",
        "url2": ""
      }
    },
    {
      "type": "Feature",
      "geometry": {
        "type": "Point",
        "coordinates": [
          139.8572826,
          38.9299831
        ]
      },
      "properties": {
        "内容": "バス停: るんるんバスのりば下安町",
        "name": "るんるんバスのりば下安町",
        "operator": "事業者不明",
        "ref": "",
        "url": "",
        "url2": ""
      }
    },
    {
      "type": "Feature",
      "geometry": {
        "type": "Point",
        "coordinates": [
          139.8488711,
          38.913056
        ]
      },
      "properties": {
        "内容": "バス停: 若浜コミセン前",
        "name": "若浜コミセン前",
        "operator": "事業者不明",
        "ref": "",
        "url": "",
        "url2": ""
      }
    },
    {
      "type": "Feature",
      "geometry": {
        "type": "Point",
        "coordinates": [
          139.8514414,
          38.913438
        ]
      },
      "properties": {
        "内容": "バス停: 緑町",
        "name": "緑町",
        "operator": "事業者不明",
        "ref": "",
        "url": "",
        "url2": ""
      }
    },
    {
      "type": "Feature",
      "geometry": {
        "type": "Point",
        "coordinates": [
          139.8489891,
          38.9130143
        ]
      },
      "properties": {
        "内容": "バス停: 若浜コミセン前",
        "name": "若浜コミセン前",
        "operator": "事業者不明",
        "ref": "",
        "url": "",
        "url2": ""
      }
    },
    {
      "type": "Feature",
      "geometry": {
        "type": "Point",
        "coordinates": [
          139.8490589,
          38.9129224
        ]
      },
      "properties": {
        "内容": "バス停: 若浜コミセン前",
        "name": "若浜コミセン前",
        "operator": "事業者不明",
        "ref": "",
        "url": "",
        "url2": ""
      }
    },
    {
      "type": "Feature",
      "geometry": {
        "type": "Point",
        "coordinates": [
          139.8513689,
          38.9134318
        ]
      },
      "properties": {
        "内容": "バス停: 緑町",
        "name": "緑町",
        "operator": "事業者不明",
        "ref": "",
        "url": "",
        "url2": ""
      }
    },
    {
      "type": "Feature",
      "geometry": {
        "type": "Point",
        "coordinates": [
          139.8534697,
          38.9171012
        ]
      },
      "properties": {
        "内容": "バス停: 新橋2丁目",
        "name": "新橋2丁目",
        "operator": "事業者不明",
        "ref": "",
        "url": "",
        "url2": ""
      }
    },
    {
      "type": "Feature",
      "geometry": {
        "type": "Point",
        "coordinates": [
          139.8535153,
          38.9173684
        ]
      },
      "properties": {
        "内容": "バス停: 新橋2丁目",
        "name": "新橋2丁目",
        "operator": "事業者不明",
        "ref": "",
        "url": "",
        "url2": ""
      }
    },
    {
      "type": "Feature",
      "geometry": {
        "type": "Point",
        "coordinates": [
          139.8526722,
          38.9156264
        ]
      },
      "properties": {
        "内容": "バス停: 第二中学校前",
        "name": "第二中学校前",
        "operator": "事業者不明",
        "ref": "",
        "url": "",
        "url2": ""
      }
    },
    {
      "type": "Feature",
      "geometry": {
        "type": "Point",
        "coordinates": [
          139.8528975,
          38.916073
        ]
      },
      "properties": {
        "内容": "バス停: 第二中学校前",
        "name": "第二中学校前",
        "operator": "事業者不明",
        "ref": "",
        "url": "",
        "url2": ""
      }
    },
    {
      "type": "Feature",
      "geometry": {
        "type": "Point",
        "coordinates": [
          139.8530047,
          38.9164028
        ]
      },
      "properties": {
        "内容": "バス停: 第二中学校前",
        "name": "第二中学校前",
        "operator": "事業者不明",
        "ref": "",
        "url": "",
        "url2": ""
      }
    },
    {
      "type": "Feature",
      "geometry": {
        "type": "Point",
        "coordinates": [
          139.8571807,
          38.9301125
        ]
      },
      "properties": {
        "内容": "バス停: るんるんバスのりば下安町",
        "name": "るんるんバスのりば下安町",
        "operator": "事業者不明",
        "ref": "",
        "url": "",
        "url2": ""
      }
    },
    {
      "type": "Feature",
      "geometry": {
        "type": "Point",
        "coordinates": [
          139.8491903,
          38.9009445
        ]
      },
      "properties": {
        "内容": "バス停: るんるんバスのりば亀ケ崎３丁目",
        "name": "るんるんバスのりば亀ケ崎３丁目",
        "operator": "事業者不明",
        "ref": "",
        "url": "",
        "url2": ""
      }
    },
    {
      "type": "Feature",
      "geometry": {
        "type": "Point",
        "coordinates": [
          139.8492225,
          38.9008485
        ]
      },
      "properties": {
        "内容": "バス停: るんるんバスのりば亀ケ崎３丁目",
        "name": "るんるんバスのりば亀ケ崎３丁目",
        "operator": "事業者不明",
        "ref": "",
        "url": "",
        "url2": ""
      }
    },
    {
      "type": "Feature",
      "geometry": {
        "type": "Point",
        "coordinates": [
          139.8433875,
          38.9016913
        ]
      },
      "properties": {
        "内容": "バス停: るんるんバスのりば亀ケ崎４丁目",
        "name": "るんるんバスのりば亀ケ崎４丁目",
        "operator": "事業者不明",
        "ref": "",
        "url": "",
        "url2": ""
      }
    },
    {
      "type": "Feature",
      "geometry": {
        "type": "Point",
        "coordinates": [
          139.8434492,
          38.9016036
        ]
      },
      "properties": {
        "内容": "バス停: るんるんバスのりば亀ケ崎４丁目",
        "name": "るんるんバスのりば亀ケ崎４丁目",
        "operator": "事業者不明",
        "ref": "",
        "url": "",
        "url2": ""
      }
    },
    {
      "type": "Feature",
      "geometry": {
        "type": "Point",
        "coordinates": [
          139.8473744,
          38.90015
        ]
      },
      "properties": {
        "内容": "バス停: るんるんバスのりば亀ケ崎５丁目",
        "name": "るんるんバスのりば亀ケ崎５丁目",
        "operator": "事業者不明",
        "ref": "",
        "url": "",
        "url2": ""
      }
    },
    {
      "type": "Feature",
      "geometry": {
        "type": "Point",
        "coordinates": [
          139.8474185,
          38.9000574
        ]
      },
      "properties": {
        "内容": "バス停: るんるんバスのりば亀ケ崎５丁目",
        "name": "るんるんバスのりば亀ケ崎５丁目",
        "operator": "事業者不明",
        "ref": "",
        "url": "",
        "url2": ""
      }
    },
    {
      "type": "Feature",
      "geometry": {
        "type": "Point",
        "coordinates": [
          139.8475502,
          38.8979126
        ]
      },
      "properties": {
        "内容": "バス停: るんるんバスのりば亀ケ崎６丁目",
        "name": "るんるんバスのりば亀ケ崎６丁目",
        "operator": "事業者不明",
        "ref": "",
        "url": "",
        "url2": ""
      }
    },
    {
      "type": "Feature",
      "geometry": {
        "type": "Point",
        "coordinates": [
          139.8476706,
          38.8983971
        ]
      },
      "properties": {
        "内容": "バス停: るんるんバスのりば亀ケ崎６丁目",
        "name": "るんるんバスのりば亀ケ崎６丁目",
        "operator": "事業者不明",
        "ref": "",
        "url": "",
        "url2": ""
      }
    },
    {
      "type": "Feature",
      "geometry": {
        "type": "Point",
        "coordinates": [
          139.8420167,
          38.9054187
        ]
      },
      "properties": {
        "内容": "バス停: るんるんバスのりば亀ケ崎郵便局前",
        "name": "るんるんバスのりば亀ケ崎郵便局前",
        "operator": "事業者不明",
        "ref": "",
        "url": "",
        "url2": ""
      }
    },
    {
      "type": "Feature",
      "geometry": {
        "type": "Point",
        "coordinates": [
          139.8419604,
          38.905594
        ]
      },
      "properties": {
        "内容": "バス停: るんるんバスのりば亀ケ崎郵便局前",
        "name": "るんるんバスのりば亀ケ崎郵便局前",
        "operator": "事業者不明",
        "ref": "",
        "url": "",
        "url2": ""
      }
    },
    {
      "type": "Feature",
      "geometry": {
        "type": "Point",
        "coordinates": [
          139.8132095,
          38.9011126
        ]
      },
      "properties": {
        "内容": "バス停: るんるんバスのりば宮野浦郵便局前",
        "name": "るんるんバスのりば宮野浦郵便局前",
        "operator": "事業者不明",
        "ref": "",
        "url": "",
        "url2": ""
      }
    },
    {
      "type": "Feature",
      "geometry": {
        "type": "Point",
        "coordinates": [
          139.8131639,
          38.9009895
        ]
      },
      "properties": {
        "内容": "バス停: るんるんバスのりば宮野浦郵便局前",
        "name": "るんるんバスのりば宮野浦郵便局前",
        "operator": "事業者不明",
        "ref": "",
        "url": "",
        "url2": ""
      }
    },
    {
      "type": "Feature",
      "geometry": {
        "type": "Point",
        "coordinates": [
          139.8541044,
          38.9193762
        ]
      },
      "properties": {
        "内容": "バス停: 地域福祉センター前",
        "name": "地域福祉センター前",
        "operator": "事業者不明",
        "ref": "",
        "url": "",
        "url2": ""
      }
    },
    {
      "type": "Feature",
      "geometry": {
        "type": "Point",
        "coordinates": [
          139.8540454,
          38.9194429
        ]
      },
      "properties": {
        "内容": "バス停: 地域福祉センター前",
        "name": "地域福祉センター前",
        "operator": "事業者不明",
        "ref": "",
        "url": "",
        "url2": ""
      }
    },
    {
      "type": "Feature",
      "geometry": {
        "type": "Point",
        "coordinates": [
          139.8511662,
          38.9101253
        ]
      },
      "properties": {
        "内容": "バス停: るんるんバスのりば勤労者福祉センター前",
        "name": "るんるんバスのりば勤労者福祉センター前",
        "operator": "事業者不明",
        "ref": "",
        "url": "",
        "url2": ""
      }
    },
    {
      "type": "Feature",
      "geometry": {
        "type": "Point",
        "coordinates": [
          139.8500853,
          38.9102943
        ]
      },
      "properties": {
        "内容": "バス停: るんるんバスのりば勤労者福祉センター前",
        "name": "るんるんバスのりば勤労者福祉センター前",
        "operator": "事業者不明",
        "ref": "",
        "url": "",
        "url2": ""
      }
    },
    {
      "type": "Feature",
      "geometry": {
        "type": "Point",
        "coordinates": [
          139.8631516,
          38.9234163
        ]
      },
      "properties": {
        "内容": "バス停: 富士見町二丁目",
        "name": "富士見町二丁目",
        "operator": "事業者不明",
        "ref": "",
        "url": "",
        "url2": ""
      }
    },
    {
      "type": "Feature",
      "geometry": {
        "type": "Point",
        "coordinates": [
          139.8631301,
          38.9233287
        ]
      },
      "properties": {
        "内容": "バス停: 富士見町二丁目前",
        "name": "富士見町二丁目前",
        "operator": "事業者不明",
        "ref": "",
        "url": "",
        "url2": ""
      }
    },
    {
      "type": "Feature",
      "geometry": {
        "type": "Point",
        "coordinates": [
          139.8631811,
          38.9234121
        ]
      },
      "properties": {
        "内容": "バス停: 富士見町二丁目前",
        "name": "富士見町二丁目前",
        "operator": "事業者不明",
        "ref": "",
        "url": "",
        "url2": ""
      }
    },
    {
      "type": "Feature",
      "geometry": {
        "type": "Point",
        "coordinates": [
          139.8424018,
          38.8992392
        ]
      },
      "properties": {
        "内容": "バス停: ベルナール前",
        "name": "ベルナール前",
        "operator": "事業者不明",
        "ref": "",
        "url": "",
        "url2": ""
      }
    },
    {
      "type": "Feature",
      "geometry": {
        "type": "Point",
        "coordinates": [
          139.8619649,
          38.9236462
        ]
      },
      "properties": {
        "内容": "バス停: 富士見小学校前",
        "name": "富士見小学校前",
        "operator": "事業者不明",
        "ref": "",
        "url": "",
        "url2": ""
      }
    },
    {
      "type": "Feature",
      "geometry": {
        "type": "Point",
        "coordinates": [
          139.8619354,
          38.9235585
        ]
      },
      "properties": {
        "内容": "バス停: 富士見小学校前",
        "name": "富士見小学校前",
        "operator": "事業者不明",
        "ref": "",
        "url": "",
        "url2": ""
      }
    },
    {
      "type": "Feature",
      "geometry": {
        "type": "Point",
        "coordinates": [
          139.8620239,
          38.9236316
        ]
      },
      "properties": {
        "内容": "バス停: 富士見小学校前",
        "name": "富士見小学校前",
        "operator": "事業者不明",
        "ref": "",
        "url": "",
        "url2": ""
      }
    },
    {
      "type": "Feature",
      "geometry": {
        "type": "Point",
        "coordinates": [
          139.8606958,
          38.9178188
        ]
      },
      "properties": {
        "内容": "バス停: 日の出町一丁目前",
        "name": "日の出町一丁目前",
        "operator": "事業者不明",
        "ref": "",
        "url": "",
        "url2": ""
      }
    },
    {
      "type": "Feature",
      "geometry": {
        "type": "Point",
        "coordinates": [
          139.8607601,
          38.9178
        ]
      },
      "properties": {
        "内容": "バス停: 日の出町一丁目前",
        "name": "日の出町一丁目前",
        "operator": "事業者不明",
        "ref": "",
        "url": "",
        "url2": ""
      }
    },
    {
      "type": "Feature",
      "geometry": {
        "type": "Point",
        "coordinates": [
          139.8655735,
          38.9222337
        ]
      },
      "properties": {
        "内容": "バス停: 鳥海団地前",
        "name": "鳥海団地前",
        "operator": "事業者不明",
        "ref": "",
        "url": "",
        "url2": ""
      }
    },
    {
      "type": "Feature",
      "geometry": {
        "type": "Point",
        "coordinates": [
          139.8655086,
          38.9219967
        ]
      },
      "properties": {
        "内容": "バス停: 鳥海団地前",
        "name": "鳥海団地前",
        "operator": "事業者不明",
        "ref": "",
        "url": "",
        "url2": ""
      }
    },
    {
      "type": "Feature",
      "geometry": {
        "type": "Point",
        "coordinates": [
          139.8653771,
          38.9218005
        ]
      },
      "properties": {
        "内容": "バス停: 鳥海団地前",
        "name": "鳥海団地前",
        "operator": "事業者不明",
        "ref": "",
        "url": "",
        "url2": ""
      }
    },
    {
      "type": "Feature",
      "geometry": {
        "type": "Point",
        "coordinates": [
          139.854569,
          38.9212665
        ]
      },
      "properties": {
        "内容": "バス停: 新橋一丁目",
        "name": "新橋一丁目",
        "operator": "事業者不明",
        "ref": "",
        "url": "",
        "url2": ""
      }
    },
    {
      "type": "Feature",
      "geometry": {
        "type": "Point",
        "coordinates": [
          139.8601347,
          38.9220641
        ]
      },
      "properties": {
        "内容": "バス停: 富士見公園前",
        "name": "富士見公園前",
        "operator": "事業者不明",
        "ref": "",
        "url": "",
        "url2": ""
      }
    },
    {
      "type": "Feature",
      "geometry": {
        "type": "Point",
        "coordinates": [
          139.860195,
          38.9220631
        ]
      },
      "properties": {
        "内容": "バス停: 富士見公園前",
        "name": "富士見公園前",
        "operator": "事業者不明",
        "ref": "",
        "url": "",
        "url2": ""
      }
    },
    {
      "type": "Feature",
      "geometry": {
        "type": "Point",
        "coordinates": [
          139.8601534,
          38.9220756
        ]
      },
      "properties": {
        "内容": "バス停: 富士見公園前",
        "name": "富士見公園前",
        "operator": "事業者不明",
        "ref": "",
        "url": "",
        "url2": ""
      }
    },
    {
      "type": "Feature",
      "geometry": {
        "type": "Point",
        "coordinates": [
          139.8638937,
          38.9206191
        ]
      },
      "properties": {
        "内容": "バス停: 明日葉前",
        "name": "明日葉前",
        "operator": "事業者不明",
        "ref": "",
        "url": "",
        "url2": ""
      }
    },
    {
      "type": "Feature",
      "geometry": {
        "type": "Point",
        "coordinates": [
          139.8642987,
          38.9204459
        ]
      },
      "properties": {
        "内容": "バス停: 明日葉前",
        "name": "明日葉前",
        "operator": "事業者不明",
        "ref": "",
        "url": "",
        "url2": ""
      }
    },
    {
      "type": "Feature",
      "geometry": {
        "type": "Point",
        "coordinates": [
          139.8612978,
          38.9201871
        ]
      },
      "properties": {
        "内容": "バス停: 曙公園前",
        "name": "曙公園前",
        "operator": "事業者不明",
        "ref": "",
        "url": "",
        "url2": ""
      }
    },
    {
      "type": "Feature",
      "geometry": {
        "type": "Point",
        "coordinates": [
          139.8613621,
          38.9201976
        ]
      },
      "properties": {
        "内容": "バス停: 諸公園前",
        "name": "諸公園前",
        "operator": "事業者不明",
        "ref": "",
        "url": "",
        "url2": ""
      }
    },
    {
      "type": "Feature",
      "geometry": {
        "type": "Point",
        "coordinates": [
          139.8613541,
          38.9201725
        ]
      },
      "properties": {
        "内容": "バス停: 曙公園前",
        "name": "曙公園前",
        "operator": "事業者不明",
        "ref": "",
        "url": "",
        "url2": ""
      }
    },
    {
      "type": "Feature",
      "geometry": {
        "type": "Point",
        "coordinates": [
          139.8413297,
          38.9161731
        ]
      },
      "properties": {
        "内容": "バス停: 大通り商店街前",
        "name": "大通り商店街前",
        "operator": "事業者不明",
        "ref": "",
        "url": "",
        "url2": ""
      }
    },
    {
      "type": "Feature",
      "geometry": {
        "type": "Point",
        "coordinates": [
          139.8370998,
          38.9149433
        ]
      },
      "properties": {
        "内容": "バス停: 酒田市役所前",
        "name": "酒田市役所前",
        "operator": "事業者不明",
        "ref": "",
        "url": "",
        "url2": ""
      }
    },
    {
      "type": "Feature",
      "geometry": {
        "type": "Point",
        "coordinates": [
          139.860012,
          38.9146311
        ]
      },
      "properties": {
        "内容": "バス停: コアラ二丁目前",
        "name": "コアラ二丁目前",
        "operator": "事業者不明",
        "ref": "",
        "url": "",
        "url2": ""
      }
    },
    {
      "type": "Feature",
      "geometry": {
        "type": "Point",
        "coordinates": [
          139.8601112,
          38.9146445
        ]
      },
      "properties": {
        "内容": "バス停: コアラ二丁目前",
        "name": "コアラ二丁目前",
        "operator": "事業者不明",
        "ref": "",
        "url": "",
        "url2": ""
      }
    },
    {
      "type": "Feature",
      "geometry": {
        "type": "Point",
        "coordinates": [
          139.8627111,
          38.9122608
        ]
      },
      "properties": {
        "内容": "バス停: 酒田東病院前",
        "name": "酒田東病院前",
        "operator": "事業者不明",
        "ref": "",
        "url": "",
        "url2": ""
      }
    },
    {
      "type": "Feature",
      "geometry": {
        "type": "Point",
        "coordinates": [
          139.8626387,
          38.9122253
        ]
      },
      "properties": {
        "内容": "バス停: 酒田東病院前",
        "name": "酒田東病院前",
        "operator": "事業者不明",
        "ref": "",
        "url": "",
        "url2": ""
      }
    },
    {
      "type": "Feature",
      "geometry": {
        "type": "Point",
        "coordinates": [
          139.8432761,
          38.8982273
        ]
      },
      "properties": {
        "内容": "バス停: 学園前",
        "name": "学園前",
        "operator": "事業者不明",
        "ref": "",
        "url": "",
        "url2": ""
      }
    },
    {
      "type": "Feature",
      "geometry": {
        "type": "Point",
        "coordinates": [
          139.8435253,
          38.898177
        ]
      },
      "properties": {
        "内容": "バス停: 学園前",
        "name": "学園前",
        "operator": "事業者不明",
        "ref": "",
        "url": "",
        "url2": ""
      }
    },
    {
      "type": "Feature",
      "geometry": {
        "type": "Point",
        "coordinates": [
          139.8436248,
          38.8979434
        ]
      },
      "properties": {
        "内容": "バス停: 学園前",
        "name": "学園前",
        "operator": "事業者不明",
        "ref": "",
        "url": "",
        "url2": ""
      }
    },
    {
      "type": "Feature",
      "geometry": {
        "type": "Point",
        "coordinates": [
          139.8458149,
          38.9100651
        ]
      },
      "properties": {
        "内容": "バス停: 水道部西前",
        "name": "水道部西前",
        "operator": "事業者不明",
        "ref": "",
        "url": "",
        "url2": ""
      }
    },
    {
      "type": "Feature",
      "geometry": {
        "type": "Point",
        "coordinates": [
          139.8460858,
          38.9104262
        ]
      },
      "properties": {
        "内容": "バス停: 水道部西前",
        "name": "水道部西前",
        "operator": "事業者不明",
        "ref": "",
        "url": "",
        "url2": ""
      }
    },
    {
      "type": "Feature",
      "geometry": {
        "type": "Point",
        "coordinates": [
          139.8464097,
          38.9115052
        ]
      },
      "properties": {
        "内容": "バス停: 水道部西前",
        "name": "水道部西前",
        "operator": "事業者不明",
        "ref": "",
        "url": "",
        "url2": ""
      }
    },
    {
      "type": "Feature",
      "geometry": {
        "type": "Point",
        "coordinates": [
          139.8622185,
          38.9047844
        ]
      },
      "properties": {
        "内容": "バス停: 東大町三丁目前",
        "name": "東大町三丁目前",
        "operator": "事業者不明",
        "ref": "",
        "url": "",
        "url2": ""
      }
    },
    {
      "type": "Feature",
      "geometry": {
        "type": "Point",
        "coordinates": [
          139.8621461,
          38.9047803
        ]
      },
      "properties": {
        "内容": "バス停: 東大町三丁目前",
        "name": "東大町三丁目前",
        "operator": "事業者不明",
        "ref": "",
        "url": "",
        "url2": ""
      }
    },
    {
      "type": "Feature",
      "geometry": {
        "type": "Point",
        "coordinates": [
          139.860744,
          38.9177729
        ]
      },
      "properties": {
        "内容": "バス停: 日の出町三丁目前",
        "name": "日の出町三丁目前",
        "operator": "事業者不明",
        "ref": "",
        "url": "",
        "url2": ""
      }
    },
    {
      "type": "Feature",
      "geometry": {
        "type": "Point",
        "coordinates": [
          139.8596503,
          38.9008377
        ]
      },
      "properties": {
        "内容": "バス停: こがね団地前",
        "name": "こがね団地前",
        "operator": "事業者不明",
        "ref": "",
        "url": "",
        "url2": ""
      }
    },
    {
      "type": "Feature",
      "geometry": {
        "type": "Point",
        "coordinates": [
          139.8595832,
          38.9008231
        ]
      },
      "properties": {
        "内容": "バス停: こがね団地前",
        "name": "こがね団地前",
        "operator": "事業者不明",
        "ref": "",
        "url": "",
        "url2": ""
      }
    },
    {
      "type": "Feature",
      "geometry": {
        "type": "Point",
        "coordinates": [
          139.8452132,
          38.9094996
        ]
      },
      "properties": {
        "内容": "バス停: 亀ヶ崎二丁目前",
        "name": "亀ヶ崎二丁目前",
        "operator": "事業者不明",
        "ref": "",
        "url": "",
        "url2": ""
      }
    },
    {
      "type": "Feature",
      "geometry": {
        "type": "Point",
        "coordinates": [
          139.8452722,
          38.9094829
        ]
      },
      "properties": {
        "内容": "バス停: 亀ヶ崎二丁目前",
        "name": "亀ヶ崎二丁目前",
        "operator": "事業者不明",
        "ref": "",
        "url": "",
        "url2": ""
      }
    },
    {
      "type": "Feature",
      "geometry": {
        "type": "Point",
        "coordinates": [
          139.8451864,
          38.9094829
        ]
      },
      "properties": {
        "内容": "バス停: 亀ヶ崎二丁目前",
        "name": "亀ヶ崎二丁目前",
        "operator": "事業者不明",
        "ref": "",
        "url": "",
        "url2": ""
      }
    },
    {
      "type": "Feature",
      "geometry": {
        "type": "Point",
        "coordinates": [
          139.8425994,
          38.9068075
        ]
      },
      "properties": {
        "内容": "バス停: 亀ヶ崎小前",
        "name": "亀ヶ崎小前",
        "operator": "事業者不明",
        "ref": "",
        "url": "",
        "url2": ""
      }
    },
    {
      "type": "Feature",
      "geometry": {
        "type": "Point",
        "coordinates": [
          139.8427201,
          38.9067094
        ]
      },
      "properties": {
        "内容": "バス停: 亀ヶ崎小前",
        "name": "亀ヶ崎小前",
        "operator": "事業者不明",
        "ref": "",
        "url": "",
        "url2": ""
      }
    },
    {
      "type": "Feature",
      "geometry": {
        "type": "Point",
        "coordinates": [
          139.8425753,
          38.9067887
        ]
      },
      "properties": {
        "内容": "バス停: 亀ヶ崎小前",
        "name": "亀ヶ崎小前",
        "operator": "事業者不明",
        "ref": "",
        "url": "",
        "url2": ""
      }
    },
    {
      "type": "Feature",
      "geometry": {
        "type": "Point",
        "coordinates": [
          139.8358319,
          38.915452
        ]
      },
      "properties": {
        "内容": "バス停: 本町荘銀前",
        "name": "本町荘銀前",
        "operator": "事業者不明",
        "ref": "",
        "url": "",
        "url2": ""
      }
    },
    {
      "type": "Feature",
      "geometry": {
        "type": "Point",
        "coordinates": [
          139.8340434,
          38.9196306
        ]
      },
      "properties": {
        "内容": "バス停: 寿町前",
        "name": "寿町前",
        "operator": "事業者不明",
        "ref": "",
        "url": "",
        "url2": ""
      }
    },
    {
      "type": "Feature",
      "geometry": {
        "type": "Point",
        "coordinates": [
          139.8389125,
          38.9176362
        ]
      },
      "properties": {
        "内容": "バス停: 中央東町",
        "name": "中央東町",
        "operator": "事業者不明",
        "ref": "",
        "url": "",
        "url2": ""
      }
    },
    {
      "type": "Feature",
      "geometry": {
        "type": "Point",
        "coordinates": [
          139.8335055,
          38.9235643
        ]
      },
      "properties": {
        "内容": "バス停: 北新町一丁目前",
        "name": "北新町一丁目前",
        "operator": "事業者不明",
        "ref": "",
        "url": "",
        "url2": ""
      }
    },
    {
      "type": "Feature",
      "geometry": {
        "type": "Point",
        "coordinates": [
          139.8337281,
          38.9234307
        ]
      },
      "properties": {
        "内容": "バス停: 北新町一丁目前",
        "name": "北新町一丁目前",
        "operator": "事業者不明",
        "ref": "",
        "url": "",
        "url2": ""
      }
    },
    {
      "type": "Feature",
      "geometry": {
        "type": "Point",
        "coordinates": [
          139.8338783,
          38.9233932
        ]
      },
      "properties": {
        "内容": "バス停: 琢成コミセン前",
        "name": "琢成コミセン前",
        "operator": "事業者不明",
        "ref": "",
        "url": "",
        "url2": ""
      }
    },
    {
      "type": "Feature",
      "geometry": {
        "type": "Point",
        "coordinates": [
          139.8416681,
          38.9212764
        ]
      },
      "properties": {
        "内容": "バス停: 八雲神社前",
        "name": "八雲神社前",
        "operator": "事業者不明",
        "ref": "",
        "url": "",
        "url2": ""
      }
    },
    {
      "type": "Feature",
      "geometry": {
        "type": "Point",
        "coordinates": [
          139.84107,
          38.921339
        ]
      },
      "properties": {
        "内容": "バス停: 八雲神社前",
        "name": "八雲神社前",
        "operator": "事業者不明",
        "ref": "",
        "url": "",
        "url2": ""
      }
    },
    {
      "type": "Feature",
      "geometry": {
        "type": "Point",
        "coordinates": [
          139.8408358,
          38.9063477
        ]
      },
      "properties": {
        "内容": "バス停: 亀ヶ崎西前",
        "name": "亀ヶ崎西前",
        "operator": "事業者不明",
        "ref": "",
        "url": "",
        "url2": ""
      }
    },
    {
      "type": "Feature",
      "geometry": {
        "type": "Point",
        "coordinates": [
          139.8408921,
          38.9063268
        ]
      },
      "properties": {
        "内容": "バス停: 亀ヶ崎西前",
        "name": "亀ヶ崎西前",
        "operator": "事業者不明",
        "ref": "",
        "url": "",
        "url2": ""
      }
    },
    {
      "type": "Feature",
      "geometry": {
        "type": "Point",
        "coordinates": [
          139.8407902,
          38.9062287
        ]
      },
      "properties": {
        "内容": "バス停: 亀ヶ崎西前",
        "name": "亀ヶ崎西前",
        "operator": "事業者不明",
        "ref": "",
        "url": "",
        "url2": ""
      }
    },
    {
      "type": "Feature",
      "geometry": {
        "type": "Point",
        "coordinates": [
          139.8330225,
          38.9162904
        ]
      },
      "properties": {
        "内容": "バス停: 山銀前",
        "name": "山銀前",
        "operator": "事業者不明",
        "ref": "",
        "url": "",
        "url2": ""
      }
    },
    {
      "type": "Feature",
      "geometry": {
        "type": "Point",
        "coordinates": [
          139.8536851,
          38.9180288
        ]
      },
      "properties": {
        "内容": "バス停: 新橋二丁目前",
        "name": "新橋二丁目前",
        "operator": "事業者不明",
        "ref": "",
        "url": "",
        "url2": ""
      }
    },
    {
      "type": "Feature",
      "geometry": {
        "type": "Point",
        "coordinates": [
          139.8265686,
          38.929012
        ]
      },
      "properties": {
        "内容": "バス停: 陸上競技場脇前",
        "name": "陸上競技場脇前",
        "operator": "事業者不明",
        "ref": "",
        "url": "",
        "url2": ""
      }
    },
    {
      "type": "Feature",
      "geometry": {
        "type": "Point",
        "coordinates": [
          139.8265793,
          38.9289139
        ]
      },
      "properties": {
        "内容": "バス停: 陸上競技場脇前",
        "name": "陸上競技場脇前",
        "operator": "事業者不明",
        "ref": "",
        "url": "",
        "url2": ""
      }
    },
    {
      "type": "Feature",
      "geometry": {
        "type": "Point",
        "coordinates": [
          139.826641,
          38.9289744
        ]
      },
      "properties": {
        "内容": "バス停: 陸上競技場脇前",
        "name": "陸上競技場脇前",
        "operator": "事業者不明",
        "ref": "",
        "url": "",
        "url2": ""
      }
    },
    {
      "type": "Feature",
      "geometry": {
        "type": "Point",
        "coordinates": [
          139.8409727,
          38.900375
        ]
      },
      "properties": {
        "内容": "バス停: うど川原荘銀前",
        "name": "うど川原荘銀前",
        "operator": "事業者不明",
        "ref": "",
        "url": "",
        "url2": ""
      }
    },
    {
      "type": "Feature",
      "geometry": {
        "type": "Point",
        "coordinates": [
          139.8467288,
          38.8949922
        ]
      },
      "properties": {
        "内容": "バス停: 両羽町前",
        "name": "両羽町前",
        "operator": "事業者不明",
        "ref": "",
        "url": "",
        "url2": ""
      }
    },
    {
      "type": "Feature",
      "geometry": {
        "type": "Point",
        "coordinates": [
          139.8470158,
          38.894943
        ]
      },
      "properties": {
        "内容": "バス停: 両羽町前",
        "name": "両羽町前",
        "operator": "事業者不明",
        "ref": "",
        "url": "",
        "url2": ""
      }
    },
    {
      "type": "Feature",
      "geometry": {
        "type": "Point",
        "coordinates": [
          139.8158306,
          38.9026711
        ]
      },
      "properties": {
        "内容": "バス停: 緑ヶ丘一丁目前",
        "name": "緑ヶ丘一丁目前",
        "operator": "事業者不明",
        "ref": "",
        "url": "",
        "url2": ""
      }
    },
    {
      "type": "Feature",
      "geometry": {
        "type": "Point",
        "coordinates": [
          139.8158037,
          38.9025647
        ]
      },
      "properties": {
        "内容": "バス停: 緑ヶ丘一丁目前",
        "name": "緑ヶ丘一丁目前",
        "operator": "事業者不明",
        "ref": "",
        "url": "",
        "url2": ""
      }
    },
    {
      "type": "Feature",
      "geometry": {
        "type": "Point",
        "coordinates": [
          139.815734,
          38.9026336
        ]
      },
      "properties": {
        "内容": "バス停: 緑ヶ丘一丁目前",
        "name": "緑ヶ丘一丁目前",
        "operator": "事業者不明",
        "ref": "",
        "url": "",
        "url2": ""
      }
    },
    {
      "type": "Feature",
      "geometry": {
        "type": "Point",
        "coordinates": [
          139.8270823,
          38.933384
        ]
      },
      "properties": {
        "内容": "バス停: 陸上競技場前",
        "name": "陸上競技場前",
        "operator": "事業者不明",
        "ref": "",
        "url": "",
        "url2": ""
      }
    },
    {
      "type": "Feature",
      "geometry": {
        "type": "Point",
        "coordinates": [
          139.8269616,
          38.9333298
        ]
      },
      "properties": {
        "内容": "バス停: 陸上競技場前",
        "name": "陸上競技場前",
        "operator": "事業者不明",
        "ref": "",
        "url": "",
        "url2": ""
      }
    },
    {
      "type": "Feature",
      "geometry": {
        "type": "Point",
        "coordinates": [
          139.8269884,
          38.933311
        ]
      },
      "properties": {
        "内容": "バス停: 陸上競技場前",
        "name": "陸上競技場前",
        "operator": "事業者不明",
        "ref": "",
        "url": "",
        "url2": ""
      }
    },
    {
      "type": "Feature",
      "geometry": {
        "type": "Point",
        "coordinates": [
          139.8768864,
          38.8833288
        ]
      },
      "properties": {
        "内容": "バス停: 遊摺部",
        "name": "遊摺部",
        "operator": "事業者不明",
        "ref": "",
        "url": "",
        "url2": ""
      }
    },
    {
      "type": "Feature",
      "geometry": {
        "type": "Point",
        "coordinates": [
          139.945278,
          38.8986081
        ]
      },
      "properties": {
        "内容": "バス停: アイアイひらた前",
        "name": "アイアイひらた前",
        "operator": "事業者不明",
        "ref": "",
        "url": "",
        "url2": ""
      }
    },
    {
      "type": "Feature",
      "geometry": {
        "type": "Point",
        "coordinates": [
          139.847334,
          38.9296207
        ]
      },
      "properties": {
        "内容": "バス停: 北部公園前",
        "name": "北部公園前",
        "operator": "事業者不明",
        "ref": "",
        "url": "",
        "url2": ""
      }
    },
    {
      "type": "Feature",
      "geometry": {
        "type": "Point",
        "coordinates": [
          139.8473286,
          38.9295748
        ]
      },
      "properties": {
        "内容": "バス停: 北部公園前",
        "name": "北部公園前",
        "operator": "事業者不明",
        "ref": "",
        "url": "",
        "url2": ""
      }
    },
    {
      "type": "Feature",
      "geometry": {
        "type": "Point",
        "coordinates": [
          139.8472401,
          38.9295268
        ]
      },
      "properties": {
        "内容": "バス停: 北部公園前",
        "name": "北部公園前",
        "operator": "事業者不明",
        "ref": "",
        "url": "",
        "url2": ""
      }
    },
    {
      "type": "Feature",
      "geometry": {
        "type": "Point",
        "coordinates": [
          139.8394742,
          38.9311606
        ]
      },
      "properties": {
        "内容": "バス停: 北千日町前",
        "name": "北千日町前",
        "operator": "事業者不明",
        "ref": "",
        "url": "",
        "url2": ""
      }
    },
    {
      "type": "Feature",
      "geometry": {
        "type": "Point",
        "coordinates": [
          139.8393938,
          38.9311794
        ]
      },
      "properties": {
        "内容": "バス停: 北千日町前",
        "name": "北千日町前",
        "operator": "事業者不明",
        "ref": "",
        "url": "",
        "url2": ""
      }
    },
    {
      "type": "Feature",
      "geometry": {
        "type": "Point",
        "coordinates": [
          139.839383,
          38.9310855
        ]
      },
      "properties": {
        "内容": "バス停: 北千日町",
        "name": "北千日町",
        "operator": "事業者不明",
        "ref": "",
        "url": "",
        "url2": ""
      }
    },
    {
      "type": "Feature",
      "geometry": {
        "type": "Point",
        "coordinates": [
          139.8366704,
          38.9214022
        ]
      },
      "properties": {
        "内容": "バス停: 文化センター前",
        "name": "文化センター前",
        "operator": "事業者不明",
        "ref": "",
        "url": "",
        "url2": ""
      }
    },
    {
      "type": "Feature",
      "geometry": {
        "type": "Point",
        "coordinates": [
          139.8365872,
          38.9215191
        ]
      },
      "properties": {
        "内容": "バス停: 文化センター前",
        "name": "文化センター前",
        "operator": "事業者不明",
        "ref": "",
        "url": "",
        "url2": ""
      }
    },
    {
      "type": "Feature",
      "geometry": {
        "type": "Point",
        "coordinates": [
          139.8365792,
          38.9214961
        ]
      },
      "properties": {
        "内容": "バス停: 文化センター前",
        "name": "文化センター前",
        "operator": "事業者不明",
        "ref": "",
        "url": "",
        "url2": ""
      }
    },
    {
      "type": "Feature",
      "geometry": {
        "type": "Point",
        "coordinates": [
          139.8569385,
          38.9246013
        ]
      },
      "properties": {
        "内容": "バス停: 北新橋前",
        "name": "北新橋前",
        "operator": "事業者不明",
        "ref": "",
        "url": "",
        "url2": ""
      }
    },
    {
      "type": "Feature",
      "geometry": {
        "type": "Point",
        "coordinates": [
          139.8467864,
          38.9186244
        ]
      },
      "properties": {
        "内容": "バス停: 浜田一丁目前",
        "name": "浜田一丁目前",
        "operator": "事業者不明",
        "ref": "",
        "url": "",
        "url2": ""
      }
    },
    {
      "type": "Feature",
      "geometry": {
        "type": "Point",
        "coordinates": [
          139.8466174,
          38.918758
        ]
      },
      "properties": {
        "内容": "バス停: 浜田一丁目前",
        "name": "浜田一丁目前",
        "operator": "事業者不明",
        "ref": "",
        "url": "",
        "url2": ""
      }
    },
    {
      "type": "Feature",
      "geometry": {
        "type": "Point",
        "coordinates": [
          139.8466335,
          38.9187455
        ]
      },
      "properties": {
        "内容": "バス停: 浜田一丁目前",
        "name": "浜田一丁目前",
        "operator": "事業者不明",
        "ref": "",
        "url": "",
        "url2": ""
      }
    },
    {
      "type": "Feature",
      "geometry": {
        "type": "Point",
        "coordinates": [
          139.8378863,
          38.922097
        ]
      },
      "properties": {
        "内容": "バス停: 文化センター正面口前",
        "name": "文化センター正面口前",
        "operator": "事業者不明",
        "ref": "",
        "url": "",
        "url2": ""
      }
    },
    {
      "type": "Feature",
      "geometry": {
        "type": "Point",
        "coordinates": [
          139.8378944,
          38.9221763
        ]
      },
      "properties": {
        "内容": "バス停: 文化センター正面口前",
        "name": "文化センター正面口前",
        "operator": "事業者不明",
        "ref": "",
        "url": "",
        "url2": ""
      }
    },
    {
      "type": "Feature",
      "geometry": {
        "type": "Point",
        "coordinates": [
          139.83794,
          38.9221805
        ]
      },
      "properties": {
        "内容": "バス停: 文化センター正面口前",
        "name": "文化センター正面口前",
        "operator": "事業者不明",
        "ref": "",
        "url": "",
        "url2": ""
      }
    },
    {
      "type": "Feature",
      "geometry": {
        "type": "Point",
        "coordinates": [
          139.8303886,
          38.9223173
        ]
      },
      "properties": {
        "内容": "バス停: 北新町二丁目前",
        "name": "北新町二丁目前",
        "operator": "事業者不明",
        "ref": "",
        "url": "",
        "url2": ""
      }
    },
    {
      "type": "Feature",
      "geometry": {
        "type": "Point",
        "coordinates": [
          139.8303376,
          38.9222547
        ]
      },
      "properties": {
        "内容": "バス停: 北新町二丁目前",
        "name": "北新町二丁目前",
        "operator": "事業者不明",
        "ref": "",
        "url": "",
        "url2": ""
      }
    },
    {
      "type": "Feature",
      "geometry": {
        "type": "Point",
        "coordinates": [
          139.8303108,
          38.9223194
        ]
      },
      "properties": {
        "内容": "バス停: 北新町二丁目前",
        "name": "北新町二丁目前",
        "operator": "事業者不明",
        "ref": "",
        "url": "",
        "url2": ""
      }
    },
    {
      "type": "Feature",
      "geometry": {
        "type": "Point",
        "coordinates": [
          139.8551576,
          38.9229374
        ]
      },
      "properties": {
        "内容": "バス停: 北新橋郵便局前",
        "name": "北新橋郵便局前",
        "operator": "事業者不明",
        "ref": "",
        "url": "",
        "url2": ""
      }
    },
    {
      "type": "Feature",
      "geometry": {
        "type": "Point",
        "coordinates": [
          139.8462948,
          38.9159194
        ]
      },
      "properties": {
        "内容": "バス停: 浜田保育園前",
        "name": "浜田保育園前",
        "operator": "事業者不明",
        "ref": "",
        "url": "",
        "url2": ""
      }
    },
    {
      "type": "Feature",
      "geometry": {
        "type": "Point",
        "coordinates": [
          139.8455626,
          38.9161073
        ]
      },
      "properties": {
        "内容": "バス停: 浜田保育園前",
        "name": "浜田保育園前",
        "operator": "事業者不明",
        "ref": "",
        "url": "",
        "url2": ""
      }
    },
    {
      "type": "Feature",
      "geometry": {
        "type": "Point",
        "coordinates": [
          139.8449591,
          38.9162596
        ]
      },
      "properties": {
        "内容": "バス停: 浜田コミセン前",
        "name": "浜田コミセン前",
        "operator": "事業者不明",
        "ref": "",
        "url": "",
        "url2": ""
      }
    },
    {
      "type": "Feature",
      "geometry": {
        "type": "Point",
        "coordinates": [
          139.8525615,
          38.8967258
        ]
      },
      "properties": {
        "内容": "バス停: 変電所前",
        "name": "変電所前",
        "operator": "事業者不明",
        "ref": "",
        "url": "",
        "url2": ""
      }
    },
    {
      "type": "Feature",
      "geometry": {
        "type": "Point",
        "coordinates": [
          139.8524703,
          38.8968218
        ]
      },
      "properties": {
        "内容": "バス停: 変電所前",
        "name": "変電所前",
        "operator": "事業者不明",
        "ref": "",
        "url": "",
        "url2": ""
      }
    },
    {
      "type": "Feature",
      "geometry": {
        "type": "Point",
        "coordinates": [
          139.8524649,
          38.896922
        ]
      },
      "properties": {
        "内容": "バス停: 変電所前",
        "name": "変電所前",
        "operator": "事業者不明",
        "ref": "",
        "url": "",
        "url2": ""
      }
    },
    {
      "type": "Feature",
      "geometry": {
        "type": "Point",
        "coordinates": [
          139.8268161,
          38.8882159
        ]
      },
      "properties": {
        "内容": "バス停: 飯森山公民館前",
        "name": "飯森山公民館前",
        "operator": "事業者不明",
        "ref": "",
        "url": "",
        "url2": ""
      }
    },
    {
      "type": "Feature",
      "geometry": {
        "type": "Point",
        "coordinates": [
          139.8267168,
          38.8882786
        ]
      },
      "properties": {
        "内容": "バス停: 飯盛山公民館前",
        "name": "飯盛山公民館前",
        "operator": "事業者不明",
        "ref": "",
        "url": "",
        "url2": ""
      }
    },
    {
      "type": "Feature",
      "geometry": {
        "type": "Point",
        "coordinates": [
          139.8266095,
          38.8882994
        ]
      },
      "properties": {
        "内容": "バス停: 飯盛山公民館前",
        "name": "飯盛山公民館前",
        "operator": "事業者不明",
        "ref": "",
        "url": "",
        "url2": ""
      }
    },
    {
      "type": "Feature",
      "geometry": {
        "type": "Point",
        "coordinates": [
          139.8510138,
          38.9195526
        ]
      },
      "properties": {
        "内容": "バス停: 浜田二丁目前",
        "name": "浜田二丁目前",
        "operator": "事業者不明",
        "ref": "",
        "url": "",
        "url2": ""
      }
    },
    {
      "type": "Feature",
      "geometry": {
        "type": "Point",
        "coordinates": [
          139.8510459,
          38.9198594
        ]
      },
      "properties": {
        "内容": "バス停: 浜田二丁目前",
        "name": "浜田二丁目前",
        "operator": "事業者不明",
        "ref": "",
        "url": "",
        "url2": ""
      }
    },
    {
      "type": "Feature",
      "geometry": {
        "type": "Point",
        "coordinates": [
          139.8513463,
          38.9206816
        ]
      },
      "properties": {
        "内容": "バス停: 浜田二丁目",
        "name": "浜田二丁目",
        "operator": "事業者不明",
        "ref": "",
        "url": "",
        "url2": ""
      }
    },
    {
      "type": "Feature",
      "geometry": {
        "type": "Point",
        "coordinates": [
          139.854709,
          38.8904458
        ]
      },
      "properties": {
        "内容": "バス停: 日本海総合病院前",
        "name": "日本海総合病院前",
        "operator": "事業者不明",
        "ref": "",
        "url": "",
        "url2": ""
      }
    },
    {
      "type": "Feature",
      "geometry": {
        "type": "Point",
        "coordinates": [
          139.839059,
          38.9143505
        ]
      },
      "properties": {
        "内容": "バス停: 本間家旧本邸前",
        "name": "本間家旧本邸前",
        "operator": "事業者不明",
        "ref": "",
        "url": "",
        "url2": ""
      }
    },
    {
      "type": "Feature",
      "geometry": {
        "type": "Point",
        "coordinates": [
          139.8390295,
          38.9144235
        ]
      },
      "properties": {
        "内容": "バス停: 二番町前",
        "name": "二番町前",
        "operator": "事業者不明",
        "ref": "",
        "url": "",
        "url2": ""
      }
    },
    {
      "type": "Feature",
      "geometry": {
        "type": "Point",
        "coordinates": [
          139.8389973,
          38.9144444
        ]
      },
      "properties": {
        "内容": "バス停: 二番町前",
        "name": "二番町前",
        "operator": "事業者不明",
        "ref": "",
        "url": "",
        "url2": ""
      }
    },
    {
      "type": "Feature",
      "geometry": {
        "type": "Point",
        "coordinates": [
          139.8423429,
          38.9198475
        ]
      },
      "properties": {
        "内容": "バス停: 相生町前",
        "name": "相生町前",
        "operator": "事業者不明",
        "ref": "",
        "url": "",
        "url2": ""
      }
    },
    {
      "type": "Feature",
      "geometry": {
        "type": "Point",
        "coordinates": [
          139.8423644,
          38.9203296
        ]
      },
      "properties": {
        "内容": "バス停: 相生町",
        "name": "相生町",
        "operator": "事業者不明",
        "ref": "",
        "url": "",
        "url2": ""
      }
    },
    {
      "type": "Feature",
      "geometry": {
        "type": "Point",
        "coordinates": [
          139.8339741,
          38.9224595
        ]
      },
      "properties": {
        "内容": "バス停: 日吉町一丁目前",
        "name": "日吉町一丁目前",
        "operator": "事業者不明",
        "ref": "",
        "url": "",
        "url2": ""
      }
    },
    {
      "type": "Feature",
      "geometry": {
        "type": "Point",
        "coordinates": [
          139.8339446,
          38.9224595
        ]
      },
      "properties": {
        "内容": "バス停: 日吉町一丁目前",
        "name": "日吉町一丁目前",
        "operator": "事業者不明",
        "ref": "",
        "url": "",
        "url2": ""
      }
    },
    {
      "type": "Feature",
      "geometry": {
        "type": "Point",
        "coordinates": [
          139.8339767,
          38.9224053
        ]
      },
      "properties": {
        "内容": "バス停: 日吉町一丁目前",
        "name": "日吉町一丁目前",
        "operator": "事業者不明",
        "ref": "",
        "url": "",
        "url2": ""
      }
    },
    {
      "type": "Feature",
      "geometry": {
        "type": "Point",
        "coordinates": [
          139.9126415,
          38.8981097
        ]
      },
      "properties": {
        "内容": "バス停: 天神堂前",
        "name": "天神堂前",
        "operator": "事業者不明",
        "ref": "",
        "url": "",
        "url2": ""
      }
    },
    {
      "type": "Feature",
      "geometry": {
        "type": "Point",
        "coordinates": [
          139.8268899,
          38.9227258
        ]
      },
      "properties": {
        "内容": "バス停: 南新町二丁目前",
        "name": "南新町二丁目前",
        "operator": "事業者不明",
        "ref": "",
        "url": "",
        "url2": ""
      }
    },
    {
      "type": "Feature",
      "geometry": {
        "type": "Point",
        "coordinates": [
          139.826737,
          38.9228405
        ]
      },
      "properties": {
        "内容": "バス停: 南新町二丁目前",
        "name": "南新町二丁目前",
        "operator": "事業者不明",
        "ref": "",
        "url": "",
        "url2": ""
      }
    },
    {
      "type": "Feature",
      "geometry": {
        "type": "Point",
        "coordinates": [
          139.8266834,
          38.9228551
        ]
      },
      "properties": {
        "内容": "バス停: 南新町二丁目前",
        "name": "南新町二丁目前",
        "operator": "事業者不明",
        "ref": "",
        "url": "",
        "url2": ""
      }
    },
    {
      "type": "Feature",
      "geometry": {
        "type": "Point",
        "coordinates": [
          139.8425452,
          38.9288239
        ]
      },
      "properties": {
        "内容": "バス停: 泉町前",
        "name": "泉町前",
        "operator": "事業者不明",
        "ref": "",
        "url": "",
        "url2": ""
      }
    },
    {
      "type": "Feature",
      "geometry": {
        "type": "Point",
        "coordinates": [
          139.8425452,
          38.9287989
        ]
      },
      "properties": {
        "内容": "バス停: 泉町前",
        "name": "泉町前",
        "operator": "事業者不明",
        "ref": "",
        "url": "",
        "url2": ""
      }
    },
    {
      "type": "Feature",
      "geometry": {
        "type": "Point",
        "coordinates": [
          139.8426846,
          38.928801
        ]
      },
      "properties": {
        "内容": "バス停: 泉町前",
        "name": "泉町前",
        "operator": "事業者不明",
        "ref": "",
        "url": "",
        "url2": ""
      }
    },
    {
      "type": "Feature",
      "geometry": {
        "type": "Point",
        "coordinates": [
          139.8449508,
          38.9120647
        ]
      },
      "properties": {
        "内容": "バス停: 東中の口",
        "name": "東中の口",
        "operator": "事業者不明",
        "ref": "",
        "url": "",
        "url2": ""
      }
    },
    {
      "type": "Feature",
      "geometry": {
        "type": "Point",
        "coordinates": [
          139.8452271,
          38.912167
        ]
      },
      "properties": {
        "内容": "バス停: 東中の口",
        "name": "東中の口",
        "operator": "事業者不明",
        "ref": "",
        "url": "",
        "url2": ""
      }
    },
    {
      "type": "Feature",
      "geometry": {
        "type": "Point",
        "coordinates": [
          139.851812,
          38.9066685
        ]
      },
      "properties": {
        "内容": "バス停: 大町前",
        "name": "大町前",
        "operator": "事業者不明",
        "ref": "",
        "url": "",
        "url2": ""
      }
    },
    {
      "type": "Feature",
      "geometry": {
        "type": "Point",
        "coordinates": [
          139.8519354,
          38.906727
        ]
      },
      "properties": {
        "内容": "バス停: 大町前",
        "name": "大町前",
        "operator": "事業者不明",
        "ref": "",
        "url": "",
        "url2": ""
      }
    },
    {
      "type": "Feature",
      "geometry": {
        "type": "Point",
        "coordinates": [
          139.8484089,
          38.93026
        ]
      },
      "properties": {
        "内容": "バス停: 東泉町二丁目前",
        "name": "東泉町二丁目前",
        "operator": "事業者不明",
        "ref": "",
        "url": "",
        "url2": ""
      }
    },
    {
      "type": "Feature",
      "geometry": {
        "type": "Point",
        "coordinates": [
          139.9312357,
          38.902261
        ]
      },
      "properties": {
        "内容": "バス停: 中野目前",
        "name": "中野目前",
        "operator": "事業者不明",
        "ref": "",
        "url": "",
        "url2": ""
      }
    },
    {
      "type": "Feature",
      "geometry": {
        "type": "Point",
        "coordinates": [
          139.8616688,
          38.8873854
        ]
      },
      "properties": {
        "内容": "バス停: 大宮町四丁目前",
        "name": "大宮町四丁目前",
        "operator": "事業者不明",
        "ref": "",
        "url": "",
        "url2": ""
      }
    },
    {
      "type": "Feature",
      "geometry": {
        "type": "Point",
        "coordinates": [
          139.8617492,
          38.8873792
        ]
      },
      "properties": {
        "内容": "バス停: 大宮町四丁目前",
        "name": "大宮町四丁目前",
        "operator": "事業者不明",
        "ref": "",
        "url": "",
        "url2": ""
      }
    },
    {
      "type": "Feature",
      "geometry": {
        "type": "Point",
        "coordinates": [
          139.86165,
          38.8873729
        ]
      },
      "properties": {
        "内容": "バス停: 大宮町四丁目前",
        "name": "大宮町四丁目前",
        "operator": "事業者不明",
        "ref": "",
        "url": "",
        "url2": ""
      }
    },
    {
      "type": "Feature",
      "geometry": {
        "type": "Point",
        "coordinates": [
          139.859609,
          38.8842235
        ]
      },
      "properties": {
        "内容": "バス停: 大宮町三丁目前",
        "name": "大宮町三丁目前",
        "operator": "事業者不明",
        "ref": "",
        "url": "",
        "url2": ""
      }
    },
    {
      "type": "Feature",
      "geometry": {
        "type": "Point",
        "coordinates": [
          139.8596385,
          38.8842778
        ]
      },
      "properties": {
        "内容": "バス停: 大宮町三丁目前",
        "name": "大宮町三丁目前",
        "operator": "事業者不明",
        "ref": "",
        "url": "",
        "url2": ""
      }
    },
    {
      "type": "Feature",
      "geometry": {
        "type": "Point",
        "coordinates": [
          139.8596868,
          38.8841901
        ]
      },
      "properties": {
        "内容": "バス停: 大宮町三丁目前",
        "name": "大宮町三丁目前",
        "operator": "事業者不明",
        "ref": "",
        "url": "",
        "url2": ""
      }
    },
    {
      "type": "Feature",
      "geometry": {
        "type": "Point",
        "coordinates": [
          139.8369147,
          38.9163077
        ]
      },
      "properties": {
        "内容": "バス停: 中町1",
        "name": "中町1",
        "operator": "事業者不明",
        "ref": "",
        "url": "",
        "url2": ""
      }
    },
    {
      "type": "Feature",
      "geometry": {
        "type": "Point",
        "coordinates": [
          139.8517121,
          38.9328091
        ]
      },
      "properties": {
        "内容": "バス停: 西高校前",
        "name": "西高校前",
        "operator": "事業者不明",
        "ref": "",
        "url": "",
        "url2": ""
      }
    },
    {
      "type": "Feature",
      "geometry": {
        "type": "Point",
        "coordinates": [
          139.8392438,
          38.9157216
        ]
      },
      "properties": {
        "内容": "バス停: 中央公園前",
        "name": "中央公園前",
        "operator": "事業者不明",
        "ref": "",
        "url": "",
        "url2": ""
      }
    },
    {
      "type": "Feature",
      "geometry": {
        "type": "Point",
        "coordinates": [
          139.8392652,
          38.9160492
        ]
      },
      "properties": {
        "内容": "バス停: 中央公園前",
        "name": "中央公園前",
        "operator": "事業者不明",
        "ref": "",
        "url": "",
        "url2": ""
      }
    },
    {
      "type": "Feature",
      "geometry": {
        "type": "Point",
        "coordinates": [
          139.8392438,
          38.9162725
        ]
      },
      "properties": {
        "内容": "バス停: 中央公園前",
        "name": "中央公園前",
        "operator": "事業者不明",
        "ref": "",
        "url": "",
        "url2": ""
      }
    },
    {
      "type": "Feature",
      "geometry": {
        "type": "Point",
        "coordinates": [
          139.8358573,
          38.916605
        ]
      },
      "properties": {
        "内容": "バス停: 中町2",
        "name": "中町2",
        "operator": "事業者不明",
        "ref": "",
        "url": "",
        "url2": ""
      }
    },
    {
      "type": "Feature",
      "geometry": {
        "type": "Point",
        "coordinates": [
          139.8197733,
          38.8939094
        ]
      },
      "properties": {
        "内容": "バス停: 大学前",
        "name": "大学前",
        "operator": "事業者不明",
        "ref": "",
        "url": "",
        "url2": ""
      }
    },
    {
      "type": "Feature",
      "geometry": {
        "type": "Point",
        "coordinates": [
          139.8201542,
          38.8940994
        ]
      },
      "properties": {
        "内容": "バス停: 大学前",
        "name": "大学前",
        "operator": "事業者不明",
        "ref": "",
        "url": "",
        "url2": ""
      }
    },
    {
      "type": "Feature",
      "geometry": {
        "type": "Point",
        "coordinates": [
          139.8473863,
          38.9323712
        ]
      },
      "properties": {
        "内容": "バス停: 泉里西公園前",
        "name": "泉里西公園前",
        "operator": "事業者不明",
        "ref": "",
        "url": "",
        "url2": ""
      }
    },
    {
      "type": "Feature",
      "geometry": {
        "type": "Point",
        "coordinates": [
          139.8309012,
          38.9263897
        ]
      },
      "properties": {
        "内容": "バス停: 税務署前",
        "name": "税務署前",
        "operator": "事業者不明",
        "ref": "",
        "url": "",
        "url2": ""
      }
    },
    {
      "type": "Feature",
      "geometry": {
        "type": "Point",
        "coordinates": [
          139.8306893,
          38.9264252
        ]
      },
      "properties": {
        "内容": "バス停: 税務署前",
        "name": "税務署前",
        "operator": "事業者不明",
        "ref": "",
        "url": "",
        "url2": ""
      }
    },
    {
      "type": "Feature",
      "geometry": {
        "type": "Point",
        "coordinates": [
          139.8511819,
          38.9301992
        ]
      },
      "properties": {
        "内容": "バス停: 泉里公園前",
        "name": "泉里公園前",
        "operator": "事業者不明",
        "ref": "",
        "url": "",
        "url2": ""
      }
    },
    {
      "type": "Feature",
      "geometry": {
        "type": "Point",
        "coordinates": [
          139.9150416,
          38.9020231
        ]
      },
      "properties": {
        "内容": "バス停: 石橋前",
        "name": "石橋前",
        "operator": "事業者不明",
        "ref": "",
        "url": "",
        "url2": ""
      }
    },
    {
      "type": "Feature",
      "geometry": {
        "type": "Point",
        "coordinates": [
          139.83233,
          38.8800947
        ]
      },
      "properties": {
        "内容": "バス停: 川南橋前",
        "name": "川南橋前",
        "operator": "事業者不明",
        "ref": "",
        "url": "",
        "url2": ""
      }
    },
    {
      "type": "Feature",
      "geometry": {
        "type": "Point",
        "coordinates": [
          139.8323622,
          38.8802262
        ]
      },
      "properties": {
        "内容": "バス停: 川南橋前",
        "name": "川南橋前",
        "operator": "事業者不明",
        "ref": "",
        "url": "",
        "url2": ""
      }
    },
    {
      "type": "Feature",
      "geometry": {
        "type": "Point",
        "coordinates": [
          139.8324132,
          38.8803953
        ]
      },
      "properties": {
        "内容": "バス停: 川南橋前",
        "name": "川南橋前",
        "operator": "事業者不明",
        "ref": "",
        "url": "",
        "url2": ""
      }
    },
    {
      "type": "Feature",
      "geometry": {
        "type": "Point",
        "coordinates": [
          139.8570738,
          38.921875
        ]
      },
      "properties": {
        "内容": "バス停: 新橋前",
        "name": "新橋前",
        "operator": "事業者不明",
        "ref": "",
        "url": "",
        "url2": ""
      }
    },
    {
      "type": "Feature",
      "geometry": {
        "type": "Point",
        "coordinates": [
          139.8575808,
          38.9216913
        ]
      },
      "properties": {
        "内容": "バス停: 新橋前",
        "name": "新橋前",
        "operator": "事業者不明",
        "ref": "",
        "url": "",
        "url2": ""
      }
    },
    {
      "type": "Feature",
      "geometry": {
        "type": "Point",
        "coordinates": [
          139.8475155,
          38.9113671
        ]
      },
      "properties": {
        "内容": "バス停: 水道部前",
        "name": "水道部前",
        "operator": "事業者不明",
        "ref": "",
        "url": "",
        "url2": ""
      }
    },
    {
      "type": "Feature",
      "geometry": {
        "type": "Point",
        "coordinates": [
          139.8472205,
          38.911294
        ]
      },
      "properties": {
        "内容": "バス停: 水道部前",
        "name": "水道部前",
        "operator": "事業者不明",
        "ref": "",
        "url": "",
        "url2": ""
      }
    },
    {
      "type": "Feature",
      "geometry": {
        "type": "Point",
        "coordinates": [
          139.8474189,
          38.911388
        ]
      },
      "properties": {
        "内容": "バス停: 水道部前",
        "name": "水道部前",
        "operator": "事業者不明",
        "ref": "",
        "url": "",
        "url2": ""
      }
    },
    {
      "type": "Feature",
      "geometry": {
        "type": "Point",
        "coordinates": [
          139.8534329,
          38.9336293
        ]
      },
      "properties": {
        "内容": "バス停: 西高グラウンド前",
        "name": "西高グラウンド前",
        "operator": "事業者不明",
        "ref": "",
        "url": "",
        "url2": ""
      }
    },
    {
      "type": "Feature",
      "geometry": {
        "type": "Point",
        "coordinates": [
          139.8535885,
          38.9336439
        ]
      },
      "properties": {
        "内容": "バス停: 西高グラウンド前",
        "name": "西高グラウンド前",
        "operator": "事業者不明",
        "ref": "",
        "url": "",
        "url2": ""
      }
    },
    {
      "type": "Feature",
      "geometry": {
        "type": "Point",
        "coordinates": [
          139.8616687,
          38.9298435
        ]
      },
      "properties": {
        "内容": "バス停: 上安町前",
        "name": "上安町前",
        "operator": "事業者不明",
        "ref": "",
        "url": "",
        "url2": ""
      }
    },
    {
      "type": "Feature",
      "geometry": {
        "type": "Point",
        "coordinates": [
          139.8447916,
          38.9222568
        ]
      },
      "properties": {
        "内容": "バス停: 酒田駅前①",
        "name": "酒田駅前①",
        "operator": "事業者不明",
        "ref": "",
        "url": "",
        "url2": ""
      }
    },
    {
      "type": "Feature",
      "geometry": {
        "type": "Point",
        "coordinates": [
          139.8450357,
          38.9221567
        ]
      },
      "properties": {
        "内容": "バス停: 酒田駅前②",
        "name": "酒田駅前②",
        "operator": "事業者不明",
        "ref": "",
        "url": "",
        "url2": ""
      }
    },
    {
      "type": "Feature",
      "geometry": {
        "type": "Point",
        "coordinates": [
          139.8459235,
          38.9210319
        ]
      },
      "properties": {
        "内容": "バス停: 酒田駅前④",
        "name": "酒田駅前④",
        "operator": "事業者不明",
        "ref": "",
        "url": "",
        "url2": ""
      }
    },
    {
      "type": "Feature",
      "geometry": {
        "type": "Point",
        "coordinates": [
          139.8460254,
          38.9207564
        ]
      },
      "properties": {
        "内容": "バス停: 酒田駅前",
        "name": "酒田駅前",
        "operator": "事業者不明",
        "ref": "",
        "url": "",
        "url2": ""
      }
    },
    {
      "type": "Feature",
      "geometry": {
        "type": "Point",
        "coordinates": [
          139.8460683,
          38.9205102
        ]
      },
      "properties": {
        "内容": "バス停: 酒田駅前③",
        "name": "酒田駅前③",
        "operator": "事業者不明",
        "ref": "",
        "url": "",
        "url2": ""
      }
    },
    {
      "type": "Feature",
      "geometry": {
        "type": "Point",
        "coordinates": [
          139.8508531,
          38.9037843
        ]
      },
      "properties": {
        "内容": "バス停: 松原コミュニティ防災センター前",
        "name": "松原コミュニティ防災センター前",
        "operator": "事業者不明",
        "ref": "",
        "url": "",
        "url2": ""
      }
    },
    {
      "type": "Feature",
      "geometry": {
        "type": "Point",
        "coordinates": [
          139.8508022,
          38.9038135
        ]
      },
      "properties": {
        "内容": "バス停: 松原コミュニティ防災センター前",
        "name": "松原コミュニティ防災センター前",
        "operator": "事業者不明",
        "ref": "",
        "url": "",
        "url2": ""
      }
    },
    {
      "type": "Feature",
      "geometry": {
        "type": "Point",
        "coordinates": [
          139.8901653,
          38.8954785
        ]
      },
      "properties": {
        "内容": "バス停: 小牧前",
        "name": "小牧前",
        "operator": "事業者不明",
        "ref": "",
        "url": "",
        "url2": ""
      }
    },
    {
      "type": "Feature",
      "geometry": {
        "type": "Point",
        "coordinates": [
          139.8373375,
          38.9278448
        ]
      },
      "properties": {
        "内容": "バス停: 住吉町前",
        "name": "住吉町前",
        "operator": "事業者不明",
        "ref": "",
        "url": "",
        "url2": ""
      }
    },
    {
      "type": "Feature",
      "geometry": {
        "type": "Point",
        "coordinates": [
          139.8373241,
          38.9280826
        ]
      },
      "properties": {
        "内容": "バス停: 住吉町前",
        "name": "住吉町前",
        "operator": "事業者不明",
        "ref": "",
        "url": "",
        "url2": ""
      }
    },
    {
      "type": "Feature",
      "geometry": {
        "type": "Point",
        "coordinates": [
          139.8372838,
          38.9284749
        ]
      },
      "properties": {
        "内容": "バス停: 住吉町前",
        "name": "住吉町前",
        "operator": "事業者不明",
        "ref": "",
        "url": "",
        "url2": ""
      }
    },
    {
      "type": "Feature",
      "geometry": {
        "type": "Point",
        "coordinates": [
          139.843595,
          38.924323
        ]
      },
      "properties": {
        "内容": "バス停: 庄内バスターミナル前",
        "name": "庄内バスターミナル前",
        "operator": "事業者不明",
        "ref": "",
        "url": "",
        "url2": ""
      }
    },
    {
      "type": "Feature",
      "geometry": {
        "type": "Point",
        "coordinates": [
          139.8348746,
          38.9193616
        ]
      },
      "properties": {
        "内容": "バス停: 寿町東",
        "name": "寿町東",
        "operator": "事業者不明",
        "ref": "",
        "url": "",
        "url2": ""
      }
    },
    {
      "type": "Feature",
      "geometry": {
        "type": "Point",
        "coordinates": [
          139.8349631,
          38.919754
        ]
      },
      "properties": {
        "内容": "バス停: 寿町東前",
        "name": "寿町東前",
        "operator": "事業者不明",
        "ref": "",
        "url": "",
        "url2": ""
      }
    },
    {
      "type": "Feature",
      "geometry": {
        "type": "Point",
        "coordinates": [
          139.8351669,
          38.9201463
        ]
      },
      "properties": {
        "内容": "バス停: 寿町東前",
        "name": "寿町東前",
        "operator": "事業者不明",
        "ref": "",
        "url": "",
        "url2": ""
      }
    },
    {
      "type": "Feature",
      "geometry": {
        "type": "Point",
        "coordinates": [
          139.8127745,
          38.8990627
        ]
      },
      "properties": {
        "内容": "バス停: 県営川南団地前",
        "name": "県営川南団地前",
        "operator": "事業者不明",
        "ref": "",
        "url": "",
        "url2": ""
      }
    },
    {
      "type": "Feature",
      "geometry": {
        "type": "Point",
        "coordinates": [
          139.8127257,
          38.8990089
        ]
      },
      "properties": {
        "内容": "バス停: 県営川南団地前",
        "name": "県営川南団地前",
        "operator": "事業者不明",
        "ref": "",
        "url": "",
        "url2": ""
      }
    },
    {
      "type": "Feature",
      "geometry": {
        "type": "Point",
        "coordinates": [
          139.8354862,
          38.9031492
        ]
      },
      "properties": {
        "内容": "バス停: 若竹町",
        "name": "若竹町",
        "operator": "事業者不明",
        "ref": "",
        "url": "",
        "url2": ""
      }
    },
    {
      "type": "Feature",
      "geometry": {
        "type": "Point",
        "coordinates": [
          139.8354889,
          38.9030886
        ]
      },
      "properties": {
        "内容": "バス停: 若竹町",
        "name": "若竹町",
        "operator": "事業者不明",
        "ref": "",
        "url": "",
        "url2": ""
      }
    },
    {
      "type": "Feature",
      "geometry": {
        "type": "Point",
        "coordinates": [
          139.8370241,
          38.9050593
        ]
      },
      "properties": {
        "内容": "バス停: 酒田リハビリ病院口",
        "name": "酒田リハビリ病院口",
        "operator": "事業者不明",
        "ref": "",
        "url": "",
        "url2": ""
      }
    },
    {
      "type": "Feature",
      "geometry": {
        "type": "Point",
        "coordinates": [
          139.8370848,
          38.9050484
        ]
      },
      "properties": {
        "内容": "バス停: 酒田リハビリ病院口",
        "name": "酒田リハビリ病院口",
        "operator": "事業者不明",
        "ref": "",
        "url": "",
        "url2": ""
      }
    },
    {
      "type": "Feature",
      "geometry": {
        "type": "Point",
        "coordinates": [
          139.8308116,
          38.8855485
        ]
      },
      "properties": {
        "内容": "バス停: 錦町３丁目北",
        "name": "錦町３丁目北",
        "operator": "事業者不明",
        "ref": "",
        "url": "",
        "url2": ""
      }
    },
    {
      "type": "Feature",
      "geometry": {
        "type": "Point",
        "coordinates": [
          139.8307623,
          38.8855617
        ]
      },
      "properties": {
        "内容": "バス停: 錦町３丁目北",
        "name": "錦町３丁目北",
        "operator": "事業者不明",
        "ref": "",
        "url": "",
        "url2": ""
      }
    },
    {
      "type": "Feature",
      "geometry": {
        "type": "Point",
        "coordinates": [
          139.8307531,
          38.8855389
        ]
      },
      "properties": {
        "内容": "バス停: 錦町３丁目北",
        "name": "錦町３丁目北",
        "operator": "事業者不明",
        "ref": "",
        "url": "",
        "url2": ""
      }
    },
    {
      "type": "Feature",
      "geometry": {
        "type": "Point",
        "coordinates": [
          139.8139012,
          38.8879063
        ]
      },
      "properties": {
        "内容": "バス停: 工業団地前",
        "name": "工業団地前",
        "operator": "事業者不明",
        "ref": "",
        "url": "",
        "url2": ""
      }
    },
    {
      "type": "Feature",
      "geometry": {
        "type": "Point",
        "coordinates": [
          139.813737,
          38.8878423
        ]
      },
      "properties": {
        "内容": "バス停: 工業団地前",
        "name": "工業団地前",
        "operator": "事業者不明",
        "ref": "",
        "url": "",
        "url2": ""
      }
    },
    {
      "type": "Feature",
      "geometry": {
        "type": "Point",
        "coordinates": [
          139.8137243,
          38.8879008
        ]
      },
      "properties": {
        "内容": "バス停: 工業団地前",
        "name": "工業団地前",
        "operator": "事業者不明",
        "ref": "",
        "url": "",
        "url2": ""
      }
    },
    {
      "type": "Feature",
      "geometry": {
        "type": "Point",
        "coordinates": [
          139.8370381,
          38.9050375
        ]
      },
      "properties": {
        "内容": "バス停: 酒田リハビリ病院口",
        "name": "酒田リハビリ病院口",
        "operator": "事業者不明",
        "ref": "",
        "url": "",
        "url2": ""
      }
    },
    {
      "type": "Feature",
      "geometry": {
        "type": "Point",
        "coordinates": [
          139.8311561,
          38.8824363
        ]
      },
      "properties": {
        "内容": "バス停: 錦町３丁目南",
        "name": "錦町３丁目南",
        "operator": "事業者不明",
        "ref": "",
        "url": "",
        "url2": ""
      }
    },
    {
      "type": "Feature",
      "geometry": {
        "type": "Point",
        "coordinates": [
          139.8311421,
          38.8824182
        ]
      },
      "properties": {
        "内容": "バス停: 錦町３丁目南",
        "name": "錦町３丁目南",
        "operator": "事業者不明",
        "ref": "",
        "url": "",
        "url2": ""
      }
    },
    {
      "type": "Feature",
      "geometry": {
        "type": "Point",
        "coordinates": [
          139.8311467,
          38.8824909
        ]
      },
      "properties": {
        "内容": "バス停: 錦町３丁目南",
        "name": "錦町３丁目南",
        "operator": "事業者不明",
        "ref": "",
        "url": "",
        "url2": ""
      }
    },
    {
      "type": "Feature",
      "geometry": {
        "type": "Point",
        "coordinates": [
          139.8354249,
          38.880659
        ]
      },
      "properties": {
        "内容": "バス停: 四中前",
        "name": "四中前",
        "operator": "事業者不明",
        "ref": "",
        "url": "",
        "url2": ""
      }
    },
    {
      "type": "Feature",
      "geometry": {
        "type": "Point",
        "coordinates": [
          139.8355116,
          38.8806069
        ]
      },
      "properties": {
        "内容": "バス停: 四中前",
        "name": "四中前",
        "operator": "事業者不明",
        "ref": "",
        "url": "",
        "url2": ""
      }
    },
    {
      "type": "Feature",
      "geometry": {
        "type": "Point",
        "coordinates": [
          139.8355769,
          38.8804069
        ]
      },
      "properties": {
        "内容": "バス停: 四中前",
        "name": "四中前",
        "operator": "事業者不明",
        "ref": "",
        "url": "",
        "url2": ""
      }
    },
    {
      "type": "Feature",
      "geometry": {
        "type": "Point",
        "coordinates": [
          139.8354004,
          38.9031179
        ]
      },
      "properties": {
        "内容": "バス停: 若竹町",
        "name": "若竹町",
        "operator": "事業者不明",
        "ref": "",
        "url": "",
        "url2": ""
      }
    },
    {
      "type": "Feature",
      "geometry": {
        "type": "Point",
        "coordinates": [
          139.8276777,
          38.9468942
        ]
      },
      "properties": {
        "内容": "バス停: 古湊",
        "name": "古湊",
        "operator": "事業者不明",
        "ref": "",
        "url": "",
        "url2": ""
      }
    },
    {
      "type": "Feature",
      "geometry": {
        "type": "Point",
        "coordinates": [
          139.8231064,
          38.9438516
        ]
      },
      "properties": {
        "内容": "バス停: 高砂北",
        "name": "高砂北",
        "operator": "事業者不明",
        "ref": "",
        "url": "",
        "url2": ""
      }
    },
    {
      "type": "Feature",
      "geometry": {
        "type": "Point",
        "coordinates": [
          139.8231107,
          38.9436919
        ]
      },
      "properties": {
        "内容": "バス停: 高砂北",
        "name": "高砂北",
        "operator": "事業者不明",
        "ref": "",
        "url": "",
        "url2": ""
      }
    },
    {
      "type": "Feature",
      "geometry": {
        "type": "Point",
        "coordinates": [
          139.8231256,
          38.9435168
        ]
      },
      "properties": {
        "内容": "バス停: 高砂北",
        "name": "高砂北",
        "operator": "事業者不明",
        "ref": "",
        "url": "",
        "url2": ""
      }
    },
    {
      "type": "Feature",
      "geometry": {
        "type": "Point",
        "coordinates": [
          139.8243699,
          38.9398512
        ]
      },
      "properties": {
        "内容": "バス停: 高砂南",
        "name": "高砂南",
        "operator": "事業者不明",
        "ref": "",
        "url": "",
        "url2": ""
      }
    },
    {
      "type": "Feature",
      "geometry": {
        "type": "Point",
        "coordinates": [
          139.8244289,
          38.939771
        ]
      },
      "properties": {
        "内容": "バス停: 高砂南",
        "name": "高砂南",
        "operator": "事業者不明",
        "ref": "",
        "url": "",
        "url2": ""
      }
    },
    {
      "type": "Feature",
      "geometry": {
        "type": "Point",
        "coordinates": [
          139.8244338,
          38.9397136
        ]
      },
      "properties": {
        "内容": "バス停: 高砂南",
        "name": "高砂南",
        "operator": "事業者不明",
        "ref": "",
        "url": "",
        "url2": ""
      }
    },
    {
      "type": "Feature",
      "geometry": {
        "type": "Point",
        "coordinates": [
          139.8251263,
          38.9378862
        ]
      },
      "properties": {
        "内容": "バス停: 光ヶ丘４丁目",
        "name": "光ヶ丘４丁目",
        "operator": "事業者不明",
        "ref": "",
        "url": "",
        "url2": ""
      }
    },
    {
      "type": "Feature",
      "geometry": {
        "type": "Point",
        "coordinates": [
          139.8254886,
          38.9371104
        ]
      },
      "properties": {
        "内容": "バス停: 光ヶ丘4丁目",
        "name": "光ヶ丘4丁目",
        "operator": "事業者不明",
        "ref": "",
        "url": "",
        "url2": ""
      }
    },
    {
      "type": "Feature",
      "geometry": {
        "type": "Point",
        "coordinates": [
          139.8258866,
          38.9360862
        ]
      },
      "properties": {
        "内容": "バス停: 光ヶ丘4丁目",
        "name": "光ヶ丘4丁目",
        "operator": "事業者不明",
        "ref": "",
        "url": "",
        "url2": ""
      }
    },
    {
      "type": "Feature",
      "geometry": {
        "type": "Point",
        "coordinates": [
          139.8259843,
          38.9276364
        ]
      },
      "properties": {
        "内容": "バス停: 光ヶ丘2丁目",
        "name": "光ヶ丘2丁目",
        "operator": "事業者不明",
        "ref": "",
        "url": "",
        "url2": ""
      }
    },
    {
      "type": "Feature",
      "geometry": {
        "type": "Point",
        "coordinates": [
          139.8259694,
          38.9274394
        ]
      },
      "properties": {
        "内容": "バス停: 光ヶ丘2丁目",
        "name": "光ヶ丘2丁目",
        "operator": "事業者不明",
        "ref": "",
        "url": "",
        "url2": ""
      }
    },
    {
      "type": "Feature",
      "geometry": {
        "type": "Point",
        "coordinates": [
          139.8258503,
          38.9272193
        ]
      },
      "properties": {
        "内容": "バス停: 光ヶ丘2丁目",
        "name": "光ヶ丘2丁目",
        "operator": "事業者不明",
        "ref": "",
        "url": "",
        "url2": ""
      }
    },
    {
      "type": "Feature",
      "geometry": {
        "type": "Point",
        "coordinates": [
          139.8296973,
          38.9280922
        ]
      },
      "properties": {
        "内容": "バス停: 光ヶ丘1丁目",
        "name": "光ヶ丘1丁目",
        "operator": "事業者不明",
        "ref": "",
        "url": "",
        "url2": ""
      }
    },
    {
      "type": "Feature",
      "geometry": {
        "type": "Point",
        "coordinates": [
          139.8327533,
          38.9141281
        ]
      },
      "properties": {
        "内容": "バス停: 健康センター前",
        "name": "健康センター前",
        "operator": "事業者不明",
        "ref": "",
        "url": "",
        "url2": ""
      }
    },
    {
      "type": "Feature",
      "geometry": {
        "type": "Point",
        "coordinates": [
          139.8326194,
          38.9106973
        ]
      },
      "properties": {
        "内容": "バス停: 山居町西",
        "name": "山居町西",
        "operator": "事業者不明",
        "ref": "",
        "url": "",
        "url2": ""
      }
    },
    {
      "type": "Feature",
      "geometry": {
        "type": "Point",
        "coordinates": [
          139.8324898,
          38.9107225
        ]
      },
      "properties": {
        "内容": "バス停: 山居町西",
        "name": "山居町西",
        "operator": "事業者不明",
        "ref": "",
        "url": "",
        "url2": ""
      }
    },
    {
      "type": "Feature",
      "geometry": {
        "type": "Point",
        "coordinates": [
          139.8324898,
          38.9106721
        ]
      },
      "properties": {
        "内容": "バス停: 山居町西",
        "name": "山居町西",
        "operator": "事業者不明",
        "ref": "",
        "url": "",
        "url2": ""
      }
    },
    {
      "type": "Feature",
      "geometry": {
        "type": "Point",
        "coordinates": [
          139.8190793,
          38.9027865
        ]
      },
      "properties": {
        "内容": "バス停: 高見台",
        "name": "高見台",
        "operator": "事業者不明",
        "ref": "",
        "url": "",
        "url2": ""
      }
    },
    {
      "type": "Feature",
      "geometry": {
        "type": "Point",
        "coordinates": [
          139.8198281,
          38.902403
        ]
      },
      "properties": {
        "内容": "バス停: 高見台",
        "name": "高見台",
        "operator": "事業者不明",
        "ref": "",
        "url": "",
        "url2": ""
      }
    },
    {
      "type": "Feature",
      "geometry": {
        "type": "Point",
        "coordinates": [
          139.8320895,
          38.9067919
        ]
      },
      "properties": {
        "内容": "バス停: 市営体育館前",
        "name": "市営体育館前",
        "operator": "事業者不明",
        "ref": "",
        "url": "",
        "url2": ""
      }
    },
    {
      "type": "Feature",
      "geometry": {
        "type": "Point",
        "coordinates": [
          139.8324902,
          38.9067963
        ]
      },
      "properties": {
        "内容": "バス停: 市営体育館前",
        "name": "市営体育館前",
        "operator": "事業者不明",
        "ref": "",
        "url": "",
        "url2": ""
      }
    },
    {
      "type": "Feature",
      "geometry": {
        "type": "Point",
        "coordinates": [
          139.8327893,
          38.9067656
        ]
      },
      "properties": {
        "内容": "バス停: 市営体育館前",
        "name": "市営体育館前",
        "operator": "事業者不明",
        "ref": "",
        "url": "",
        "url2": ""
      }
    },
    {
      "type": "Feature",
      "geometry": {
        "type": "Point",
        "coordinates": [
          139.8345081,
          38.9053952
        ]
      },
      "properties": {
        "内容": "バス停: 港南公園前",
        "name": "港南公園前",
        "operator": "事業者不明",
        "ref": "",
        "url": "",
        "url2": ""
      }
    },
    {
      "type": "Feature",
      "geometry": {
        "type": "Point",
        "coordinates": [
          139.8366792,
          38.9096579
        ]
      },
      "properties": {
        "内容": "バス停: 山居倉庫前",
        "name": "山居倉庫前",
        "operator": "事業者不明",
        "ref": "",
        "url": "",
        "url2": ""
      }
    },
    {
      "type": "Feature",
      "geometry": {
        "type": "Point",
        "coordinates": [
          139.8369156,
          38.9095391
        ]
      },
      "properties": {
        "内容": "バス停: 山居倉庫前",
        "name": "山居倉庫前",
        "operator": "事業者不明",
        "ref": "",
        "url": "",
        "url2": ""
      }
    },
    {
      "type": "Feature",
      "geometry": {
        "type": "Point",
        "coordinates": [
          139.8354548,
          38.909894
        ]
      },
      "properties": {
        "内容": "バス停: 山居町",
        "name": "山居町",
        "operator": "事業者不明",
        "ref": "",
        "url": "",
        "url2": ""
      }
    },
    {
      "type": "Feature",
      "geometry": {
        "type": "Point",
        "coordinates": [
          139.8356815,
          38.9096344
        ]
      },
      "properties": {
        "内容": "バス停: 山居町",
        "name": "山居町",
        "operator": "事業者不明",
        "ref": "",
        "url": "",
        "url2": ""
      }
    },
    {
      "type": "Feature",
      "geometry": {
        "type": "Point",
        "coordinates": [
          139.8374301,
          38.9126341
        ]
      },
      "properties": {
        "内容": "バス停: 山居橋前",
        "name": "山居橋前",
        "operator": "事業者不明",
        "ref": "",
        "url": "",
        "url2": ""
      }
    },
    {
      "type": "Feature",
      "geometry": {
        "type": "Point",
        "coordinates": [
          139.8335468,
          38.9333527
        ]
      },
      "properties": {
        "内容": "バス停: 酒田光陵高校前",
        "name": "酒田光陵高校前",
        "operator": "事業者不明",
        "ref": "",
        "url": "",
        "url2": ""
      }
    },
    {
      "type": "Feature",
      "geometry": {
        "type": "Point",
        "coordinates": [
          139.8290243,
          38.7207831
        ]
      },
      "properties": {
        "内容": "バス停: 宮原病院前",
        "name": "宮原病院前",
        "operator": "事業者不明",
        "ref": "",
        "url": "",
        "url2": ""
      }
    },
    {
      "type": "Feature",
      "geometry": {
        "type": "Point",
        "coordinates": [
          139.8292053,
          38.7209876
        ]
      },
      "properties": {
        "内容": "バス停: 宮原病院前",
        "name": "宮原病院前",
        "operator": "事業者不明",
        "ref": "",
        "url": "",
        "url2": ""
      }
    },
    {
      "type": "Feature",
      "geometry": {
        "type": "Point",
        "coordinates": [
          139.8126554,
          38.729555
        ]
      },
      "properties": {
        "内容": "バス停: みどり町クリニック通り",
        "name": "みどり町クリニック通り",
        "operator": "事業者不明",
        "ref": "",
        "url": "",
        "url2": ""
      }
    },
    {
      "type": "Feature",
      "geometry": {
        "type": "Point",
        "coordinates": [
          139.8125676,
          38.7295969
        ]
      },
      "properties": {
        "内容": "バス停: みどり町クリニック通り",
        "name": "みどり町クリニック通り",
        "operator": "事業者不明",
        "ref": "",
        "url": "",
        "url2": ""
      }
    },
    {
      "type": "Feature",
      "geometry": {
        "type": "Point",
        "coordinates": [
          139.8119547,
          38.7278465
        ]
      },
      "properties": {
        "内容": "バス停: 大西町",
        "name": "大西町",
        "operator": "事業者不明",
        "ref": "",
        "url": "",
        "url2": ""
      }
    },
    {
      "type": "Feature",
      "geometry": {
        "type": "Point",
        "coordinates": [
          139.8118488,
          38.727879
        ]
      },
      "properties": {
        "内容": "バス停: 大西町",
        "name": "大西町",
        "operator": "事業者不明",
        "ref": "",
        "url": "",
        "url2": ""
      }
    },
    {
      "type": "Feature",
      "geometry": {
        "type": "Point",
        "coordinates": [
          139.8098733,
          38.7271157
        ]
      },
      "properties": {
        "内容": "バス停: 大谷地団地",
        "name": "大谷地団地",
        "operator": "事業者不明",
        "ref": "",
        "url": "",
        "url2": ""
      }
    },
    {
      "type": "Feature",
      "geometry": {
        "type": "Point",
        "coordinates": [
          139.8101811,
          38.7273056
        ]
      },
      "properties": {
        "内容": "バス停: 大谷地団地",
        "name": "大谷地団地",
        "operator": "事業者不明",
        "ref": "",
        "url": "",
        "url2": ""
      }
    },
    {
      "type": "Feature",
      "geometry": {
        "type": "Point",
        "coordinates": [
          139.7988253,
          38.7336728
        ]
      },
      "properties": {
        "内容": "バス停: 鶴岡",
        "name": "鶴岡",
        "operator": "事業者不明",
        "ref": "",
        "url": "",
        "url2": ""
      }
    },
    {
      "type": "Feature",
      "geometry": {
        "type": "Point",
        "coordinates": [
          139.7984679,
          38.7389056
        ]
      },
      "properties": {
        "内容": "バス停: 庄内観光物産館",
        "name": "庄内観光物産館",
        "operator": "事業者不明",
        "ref": "",
        "url": "",
        "url2": ""
      }
    },
    {
      "type": "Feature",
      "geometry": {
        "type": "Point",
        "coordinates": [
          139.8067667,
          38.7371323
        ]
      },
      "properties": {
        "内容": "バス停: 鶴岡合同庁舎前",
        "name": "鶴岡合同庁舎前",
        "operator": "事業者不明",
        "ref": "",
        "url": "",
        "url2": ""
      }
    },
    {
      "type": "Feature",
      "geometry": {
        "type": "Point",
        "coordinates": [
          139.8065491,
          38.7370891
        ]
      },
      "properties": {
        "内容": "バス停: 鶴岡合同庁舎前",
        "name": "鶴岡合同庁舎前",
        "operator": "事業者不明",
        "ref": "",
        "url": "",
        "url2": ""
      }
    },
    {
      "type": "Feature",
      "geometry": {
        "type": "Point",
        "coordinates": [
          139.8096095,
          38.738187
        ]
      },
      "properties": {
        "内容": "バス停: 鶴岡養護学校前",
        "name": "鶴岡養護学校前",
        "operator": "事業者不明",
        "ref": "",
        "url": "",
        "url2": ""
      }
    },
    {
      "type": "Feature",
      "geometry": {
        "type": "Point",
        "coordinates": [
          139.8095022,
          38.7381891
        ]
      },
      "properties": {
        "内容": "バス停: 鶴岡養護学校前",
        "name": "鶴岡養護学校前",
        "operator": "事業者不明",
        "ref": "",
        "url": "",
        "url2": ""
      }
    },
    {
      "type": "Feature",
      "geometry": {
        "type": "Point",
        "coordinates": [
          139.812807,
          38.7396507
        ]
      },
      "properties": {
        "内容": "バス停: 大部町",
        "name": "大部町",
        "operator": "事業者不明",
        "ref": "",
        "url": "",
        "url2": ""
      }
    },
    {
      "type": "Feature",
      "geometry": {
        "type": "Point",
        "coordinates": [
          139.8129451,
          38.7393855
        ]
      },
      "properties": {
        "内容": "バス停: 西新斎町公民館前",
        "name": "西新斎町公民館前",
        "operator": "事業者不明",
        "ref": "",
        "url": "",
        "url2": ""
      }
    },
    {
      "type": "Feature",
      "geometry": {
        "type": "Point",
        "coordinates": [
          139.8149615,
          38.7376689
        ]
      },
      "properties": {
        "内容": "バス停: 福祉センター ふれあい前",
        "name": "福祉センター ふれあい前",
        "operator": "事業者不明",
        "ref": "",
        "url": "",
        "url2": ""
      }
    },
    {
      "type": "Feature",
      "geometry": {
        "type": "Point",
        "coordinates": [
          139.8147744,
          38.7377134
        ]
      },
      "properties": {
        "内容": "バス停: 福祉センター ふれあい前",
        "name": "福祉センター ふれあい前",
        "operator": "事業者不明",
        "ref": "",
        "url": "",
        "url2": ""
      }
    },
    {
      "type": "Feature",
      "geometry": {
        "type": "Point",
        "coordinates": [
          139.8173426,
          38.7358084
        ]
      },
      "properties": {
        "内容": "バス停: 主婦の店 新斎町店前",
        "name": "主婦の店 新斎町店前",
        "operator": "事業者不明",
        "ref": "",
        "url": "",
        "url2": ""
      }
    },
    {
      "type": "Feature",
      "geometry": {
        "type": "Point",
        "coordinates": [
          139.8174264,
          38.7357195
        ]
      },
      "properties": {
        "内容": "バス停: 主婦の店 新斎町店前",
        "name": "主婦の店 新斎町店前",
        "operator": "事業者不明",
        "ref": "",
        "url": "",
        "url2": ""
      }
    },
    {
      "type": "Feature",
      "geometry": {
        "type": "Point",
        "coordinates": [
          139.8215419,
          38.735876
        ]
      },
      "properties": {
        "内容": "バス停: 盛華楼前",
        "name": "盛華楼前",
        "operator": "事業者不明",
        "ref": "",
        "url": "",
        "url2": ""
      }
    },
    {
      "type": "Feature",
      "geometry": {
        "type": "Point",
        "coordinates": [
          139.8246094,
          38.7361414
        ]
      },
      "properties": {
        "内容": "バス停: 新形町",
        "name": "新形町",
        "operator": "事業者不明",
        "ref": "",
        "url": "",
        "url2": ""
      }
    },
    {
      "type": "Feature",
      "geometry": {
        "type": "Point",
        "coordinates": [
          139.8281834,
          38.7363592
        ]
      },
      "properties": {
        "内容": "バス停: 農学部前",
        "name": "農学部前",
        "operator": "事業者不明",
        "ref": "",
        "url": "",
        "url2": ""
      }
    },
    {
      "type": "Feature",
      "geometry": {
        "type": "Point",
        "coordinates": [
          139.8280299,
          38.7362515
        ]
      },
      "properties": {
        "内容": "バス停: 農学部前",
        "name": "農学部前",
        "operator": "事業者不明",
        "ref": "",
        "url": "",
        "url2": ""
      }
    },
    {
      "type": "Feature",
      "geometry": {
        "type": "Point",
        "coordinates": [
          139.7760701,
          38.6962732
        ]
      },
      "properties": {
        "内容": "バス停: 一本松",
        "name": "一本松",
        "operator": "事業者不明",
        "ref": "",
        "url": "",
        "url2": ""
      }
    },
    {
      "type": "Feature",
      "geometry": {
        "type": "Point",
        "coordinates": [
          139.7759011,
          38.6963868
        ]
      },
      "properties": {
        "内容": "バス停: 一本松",
        "name": "一本松",
        "operator": "事業者不明",
        "ref": "",
        "url": "",
        "url2": ""
      }
    },
    {
      "type": "Feature",
      "geometry": {
        "type": "Point",
        "coordinates": [
          139.772942,
          38.6950721
        ]
      },
      "properties": {
        "内容": "バス停: 湯田川口",
        "name": "湯田川口",
        "operator": "事業者不明",
        "ref": "",
        "url": "",
        "url2": ""
      }
    },
    {
      "type": "Feature",
      "geometry": {
        "type": "Point",
        "coordinates": [
          139.7725415,
          38.6951199
        ]
      },
      "properties": {
        "内容": "バス停: 湯田川口",
        "name": "湯田川口",
        "operator": "事業者不明",
        "ref": "",
        "url": "",
        "url2": ""
      }
    },
    {
      "type": "Feature",
      "geometry": {
        "type": "Point",
        "coordinates": [
          139.7691581,
          38.6925725
        ]
      },
      "properties": {
        "内容": "バス停: 湯田川温泉",
        "name": "湯田川温泉",
        "operator": "事業者不明",
        "ref": "",
        "url": "",
        "url2": ""
      }
    },
    {
      "type": "Feature",
      "geometry": {
        "type": "Point",
        "coordinates": [
          139.7704294,
          38.6946068
        ]
      },
      "properties": {
        "内容": "バス停: 湯田川公園前",
        "name": "湯田川公園前",
        "operator": "事業者不明",
        "ref": "",
        "url": "",
        "url2": ""
      }
    },
    {
      "type": "Feature",
      "geometry": {
        "type": "Point",
        "coordinates": [
          139.7700854,
          38.6942457
        ]
      },
      "properties": {
        "内容": "バス停: 湯田川公園前",
        "name": "湯田川公園前",
        "operator": "事業者不明",
        "ref": "",
        "url": "",
        "url2": ""
      }
    },
    {
      "type": "Feature",
      "geometry": {
        "type": "Point",
        "coordinates": [
          139.9635176,
          38.7056222
        ]
      },
      "properties": {
        "内容": "バス停: 羽黒 隋神門",
        "name": "羽黒 隋神門",
        "operator": "事業者不明",
        "ref": "",
        "url": "",
        "url2": ""
      }
    },
    {
      "type": "Feature",
      "geometry": {
        "type": "Point",
        "coordinates": [
          139.8063647,
          38.8915945
        ]
      },
      "properties": {
        "内容": "バス停: 緑ヶ丘2丁目",
        "name": "緑ヶ丘2丁目",
        "operator": "事業者不明",
        "ref": "",
        "url": "",
        "url2": ""
      }
    },
    {
      "type": "Feature",
      "geometry": {
        "type": "Point",
        "coordinates": [
          139.8110479,
          38.9054819
        ]
      },
      "properties": {
        "内容": "バス停: 若宮町1丁目",
        "name": "若宮町1丁目",
        "operator": "事業者不明",
        "ref": "",
        "url": "",
        "url2": ""
      }
    },
    {
      "type": "Feature",
      "geometry": {
        "type": "Point",
        "coordinates": [
          139.8080306,
          38.8963895
        ]
      },
      "properties": {
        "内容": "バス停: 若宮町2丁目",
        "name": "若宮町2丁目",
        "operator": "事業者不明",
        "ref": "",
        "url": "",
        "url2": ""
      }
    },
    {
      "type": "Feature",
      "geometry": {
        "type": "Point",
        "coordinates": [
          139.8094728,
          38.9006025
        ]
      },
      "properties": {
        "内容": "バス停: 幼稚園前",
        "name": "幼稚園前",
        "operator": "事業者不明",
        "ref": "",
        "url": "",
        "url2": ""
      }
    },
    {
      "type": "Feature",
      "geometry": {
        "type": "Point",
        "coordinates": [
          140.3507374,
          38.2520697
        ]
      },
      "properties": {
        "内容": "バス停: 緑町四辻",
        "name": "緑町四辻",
        "operator": "事業者不明",
        "ref": "",
        "url": "",
        "url2": ""
      }
    },
    {
      "type": "Feature",
      "geometry": {
        "type": "Point",
        "coordinates": [
          140.3505228,
          38.2522886
        ]
      },
      "properties": {
        "内容": "バス停: 緑町四辻",
        "name": "緑町四辻",
        "operator": "事業者不明",
        "ref": "",
        "url": "",
        "url2": ""
      }
    },
    {
      "type": "Feature",
      "geometry": {
        "type": "Point",
        "coordinates": [
          140.1576495,
          37.9952287
        ]
      },
      "properties": {
        "内容": "バス停: 名称不明バス停",
        "name": "名称不明バス停",
        "operator": "事業者不明",
        "ref": "",
        "url": "",
        "url2": ""
      }
    },
    {
      "type": "Feature",
      "geometry": {
        "type": "Point",
        "coordinates": [
          140.1580223,
          37.995118
        ]
      },
      "properties": {
        "内容": "バス停: 名称不明バス停",
        "name": "名称不明バス停",
        "operator": "事業者不明",
        "ref": "",
        "url": "",
        "url2": ""
      }
    },
    {
      "type": "Feature",
      "geometry": {
        "type": "Point",
        "coordinates": [
          140.1537422,
          37.9930525
        ]
      },
      "properties": {
        "内容": "バス停: 名称不明バス停",
        "name": "名称不明バス停",
        "operator": "事業者不明",
        "ref": "",
        "url": "",
        "url2": ""
      }
    },
    {
      "type": "Feature",
      "geometry": {
        "type": "Point",
        "coordinates": [
          140.153957,
          37.9929384
        ]
      },
      "properties": {
        "内容": "バス停: 名称不明バス停",
        "name": "名称不明バス停",
        "operator": "事業者不明",
        "ref": "",
        "url": "",
        "url2": ""
      }
    },
    {
      "type": "Feature",
      "geometry": {
        "type": "Point",
        "coordinates": [
          140.1567403,
          37.9847712
        ]
      },
      "properties": {
        "内容": "バス停: 名称不明バス停",
        "name": "名称不明バス停",
        "operator": "事業者不明",
        "ref": "",
        "url": "",
        "url2": ""
      }
    },
    {
      "type": "Feature",
      "geometry": {
        "type": "Point",
        "coordinates": [
          140.156843,
          37.9848264
        ]
      },
      "properties": {
        "内容": "バス停: 名称不明バス停",
        "name": "名称不明バス停",
        "operator": "事業者不明",
        "ref": "",
        "url": "",
        "url2": ""
      }
    },
    {
      "type": "Feature",
      "geometry": {
        "type": "Point",
        "coordinates": [
          140.1235833,
          37.9511949
        ]
      },
      "properties": {
        "内容": "バス停: 名称不明バス停",
        "name": "名称不明バス停",
        "operator": "事業者不明",
        "ref": "",
        "url": "",
        "url2": ""
      }
    },
    {
      "type": "Feature",
      "geometry": {
        "type": "Point",
        "coordinates": [
          140.3358986,
          38.2493912
        ]
      },
      "properties": {
        "内容": "バス停: 名称不明バス停",
        "name": "名称不明バス停",
        "operator": "事業者不明",
        "ref": "",
        "url": "",
        "url2": ""
      }
    },
    {
      "type": "Feature",
      "geometry": {
        "type": "Point",
        "coordinates": [
          140.3455068,
          38.2468129
        ]
      },
      "properties": {
        "内容": "バス停: 清風荘・もみじ公園口 (ベニちゃんバス　東くるりん)",
        "name": "清風荘・もみじ公園口",
        "operator": "ベニちゃんバス　東くるりん",
        "ref": "",
        "url": "",
        "url2": ""
      }
    },
    {
      "type": "Feature",
      "geometry": {
        "type": "Point",
        "coordinates": [
          140.345429,
          38.2466718
        ]
      },
      "properties": {
        "内容": "バス停: 清風荘・もみじ公園口",
        "name": "清風荘・もみじ公園口",
        "operator": "事業者不明",
        "ref": "",
        "url": "",
        "url2": ""
      }
    },
    {
      "type": "Feature",
      "geometry": {
        "type": "Point",
        "coordinates": [
          140.3478725,
          38.247171
        ]
      },
      "properties": {
        "内容": "バス停: 名称不明バス停",
        "name": "名称不明バス停",
        "operator": "事業者不明",
        "ref": "",
        "url": "",
        "url2": ""
      }
    },
    {
      "type": "Feature",
      "geometry": {
        "type": "Point",
        "coordinates": [
          140.3482802,
          38.2478345
        ]
      },
      "properties": {
        "内容": "バス停: 名称不明バス停",
        "name": "名称不明バス停",
        "operator": "事業者不明",
        "ref": "",
        "url": "",
        "url2": ""
      }
    },
    {
      "type": "Feature",
      "geometry": {
        "type": "Point",
        "coordinates": [
          140.3494336,
          38.2489236
        ]
      },
      "properties": {
        "内容": "バス停: 名称不明バス停",
        "name": "名称不明バス停",
        "operator": "事業者不明",
        "ref": "",
        "url": "",
        "url2": ""
      }
    },
    {
      "type": "Feature",
      "geometry": {
        "type": "Point",
        "coordinates": [
          140.3467487,
          38.2497198
        ]
      },
      "properties": {
        "内容": "バス停: 名称不明バス停",
        "name": "名称不明バス停",
        "operator": "事業者不明",
        "ref": "",
        "url": "",
        "url2": ""
      }
    },
    {
      "type": "Feature",
      "geometry": {
        "type": "Point",
        "coordinates": [
          140.3468828,
          38.2496102
        ]
      },
      "properties": {
        "内容": "バス停: 名称不明バス停",
        "name": "名称不明バス停",
        "operator": "事業者不明",
        "ref": "",
        "url": "",
        "url2": ""
      }
    },
    {
      "type": "Feature",
      "geometry": {
        "type": "Point",
        "coordinates": [
          140.3438117,
          38.2513901
        ]
      },
      "properties": {
        "内容": "バス停: 名称不明バス停",
        "name": "名称不明バス停",
        "operator": "事業者不明",
        "ref": "",
        "url": "",
        "url2": ""
      }
    },
    {
      "type": "Feature",
      "geometry": {
        "type": "Point",
        "coordinates": [
          140.3453647,
          38.2543453
        ]
      },
      "properties": {
        "内容": "バス停: 名称不明バス停",
        "name": "名称不明バス停",
        "operator": "事業者不明",
        "ref": "",
        "url": "",
        "url2": ""
      }
    },
    {
      "type": "Feature",
      "geometry": {
        "type": "Point",
        "coordinates": [
          140.3447504,
          38.2546991
        ]
      },
      "properties": {
        "内容": "バス停: 名称不明バス停",
        "name": "名称不明バス停",
        "operator": "事業者不明",
        "ref": "",
        "url": "",
        "url2": ""
      }
    },
    {
      "type": "Feature",
      "geometry": {
        "type": "Point",
        "coordinates": [
          140.1706649,
          37.8917517
        ]
      },
      "properties": {
        "内容": "バス停: 名称不明バス停",
        "name": "名称不明バス停",
        "operator": "事業者不明",
        "ref": "",
        "url": "",
        "url2": ""
      }
    },
    {
      "type": "Feature",
      "geometry": {
        "type": "Point",
        "coordinates": [
          140.1711879,
          37.8914469
        ]
      },
      "properties": {
        "内容": "バス停: 名称不明バス停",
        "name": "名称不明バス停",
        "operator": "事業者不明",
        "ref": "",
        "url": "",
        "url2": ""
      }
    },
    {
      "type": "Feature",
      "geometry": {
        "type": "Point",
        "coordinates": [
          140.1678191,
          37.8929434
        ]
      },
      "properties": {
        "内容": "バス停: 名称不明バス停",
        "name": "名称不明バス停",
        "operator": "事業者不明",
        "ref": "",
        "url": "",
        "url2": ""
      }
    },
    {
      "type": "Feature",
      "geometry": {
        "type": "Point",
        "coordinates": [
          140.1629267,
          37.8957014
        ]
      },
      "properties": {
        "内容": "バス停: 工業団地入口",
        "name": "工業団地入口",
        "operator": "事業者不明",
        "ref": "",
        "url": "",
        "url2": ""
      }
    },
    {
      "type": "Feature",
      "geometry": {
        "type": "Point",
        "coordinates": [
          140.1631654,
          37.8956146
        ]
      },
      "properties": {
        "内容": "バス停: 工業団地入口",
        "name": "工業団地入口",
        "operator": "事業者不明",
        "ref": "",
        "url": "",
        "url2": ""
      }
    },
    {
      "type": "Feature",
      "geometry": {
        "type": "Point",
        "coordinates": [
          140.1660053,
          37.9030927
        ]
      },
      "properties": {
        "内容": "バス停: テクノセンター前",
        "name": "テクノセンター前",
        "operator": "事業者不明",
        "ref": "",
        "url": "",
        "url2": ""
      }
    },
    {
      "type": "Feature",
      "geometry": {
        "type": "Point",
        "coordinates": [
          140.1659254,
          37.9029927
        ]
      },
      "properties": {
        "内容": "バス停: テクノセンター前",
        "name": "テクノセンター前",
        "operator": "事業者不明",
        "ref": "",
        "url": "",
        "url2": ""
      }
    },
    {
      "type": "Feature",
      "geometry": {
        "type": "Point",
        "coordinates": [
          140.1470373,
          37.8984677
        ]
      },
      "properties": {
        "内容": "バス停: 名称不明バス停",
        "name": "名称不明バス停",
        "operator": "事業者不明",
        "ref": "",
        "url": "",
        "url2": ""
      }
    },
    {
      "type": "Feature",
      "geometry": {
        "type": "Point",
        "coordinates": [
          140.1429416,
          37.9112103
        ]
      },
      "properties": {
        "内容": "バス停: 名称不明バス停",
        "name": "名称不明バス停",
        "operator": "事業者不明",
        "ref": "",
        "url": "",
        "url2": ""
      }
    },
    {
      "type": "Feature",
      "geometry": {
        "type": "Point",
        "coordinates": [
          140.1377716,
          37.9225753
        ]
      },
      "properties": {
        "内容": "バス停: 道の駅米沢",
        "name": "道の駅米沢",
        "operator": "事業者不明",
        "ref": "",
        "url": "",
        "url2": ""
      }
    },
    {
      "type": "Feature",
      "geometry": {
        "type": "Point",
        "coordinates": [
          140.1313544,
          37.9702318
        ]
      },
      "properties": {
        "内容": "バス停: 名称不明バス停",
        "name": "名称不明バス停",
        "operator": "事業者不明",
        "ref": "",
        "url": "",
        "url2": ""
      }
    },
    {
      "type": "Feature",
      "geometry": {
        "type": "Point",
        "coordinates": [
          139.8259587,
          38.9429926
        ]
      },
      "properties": {
        "内容": "バス停: 高砂",
        "name": "高砂",
        "operator": "事業者不明",
        "ref": "",
        "url": "",
        "url2": ""
      }
    },
    {
      "type": "Feature",
      "geometry": {
        "type": "Point",
        "coordinates": [
          139.9425974,
          38.9705908
        ]
      },
      "properties": {
        "内容": "バス停: バスのりば　八幡総合市役所前",
        "name": "バスのりば　八幡総合市役所前",
        "operator": "事業者不明",
        "ref": "",
        "url": "",
        "url2": ""
      }
    },
    {
      "type": "Feature",
      "geometry": {
        "type": "Point",
        "coordinates": [
          139.9410233,
          38.9698969
        ]
      },
      "properties": {
        "内容": "バス停: バスのりば　八幡昭和通り",
        "name": "バスのりば　八幡昭和通り",
        "operator": "事業者不明",
        "ref": "",
        "url": "",
        "url2": ""
      }
    },
    {
      "type": "Feature",
      "geometry": {
        "type": "Point",
        "coordinates": [
          139.9073971,
          39.0118347
        ]
      },
      "properties": {
        "内容": "バス停: 生涯学習センター前",
        "name": "生涯学習センター前",
        "operator": "事業者不明",
        "ref": "",
        "url": "",
        "url2": ""
      }
    },
    {
      "type": "Feature",
      "geometry": {
        "type": "Point",
        "coordinates": [
          139.9873391,
          38.0919599
        ]
      },
      "properties": {
        "内容": "バス停: 名称不明バス停",
        "name": "名称不明バス停",
        "operator": "事業者不明",
        "ref": "",
        "url": "",
        "url2": ""
      }
    },
    {
      "type": "Feature",
      "geometry": {
        "type": "Point",
        "coordinates": [
          140.208341,
          38.3822129
        ]
      },
      "properties": {
        "内容": "バス停: 左沢駅",
        "name": "左沢駅",
        "operator": "事業者不明",
        "ref": "",
        "url": "",
        "url2": ""
      }
    },
    {
      "type": "Feature",
      "geometry": {
        "type": "Point",
        "coordinates": [
          139.8786209,
          39.0928197
        ]
      },
      "properties": {
        "内容": "バス停: 鳥崎",
        "name": "鳥崎",
        "operator": "事業者不明",
        "ref": "",
        "url": "",
        "url2": ""
      }
    },
    {
      "type": "Feature",
      "geometry": {
        "type": "Point",
        "coordinates": [
          139.8798971,
          39.0965809
        ]
      },
      "properties": {
        "内容": "バス停: 滝ノ浦",
        "name": "滝ノ浦",
        "operator": "事業者不明",
        "ref": "",
        "url": "",
        "url2": ""
      }
    },
    {
      "type": "Feature",
      "geometry": {
        "type": "Point",
        "coordinates": [
          140.3085551,
          38.7728009
        ]
      },
      "properties": {
        "内容": "バス停: マックスバリュ新庄店",
        "name": "マックスバリュ新庄店",
        "operator": "事業者不明",
        "ref": "",
        "url": "",
        "url2": ""
      }
    },
    {
      "type": "Feature",
      "geometry": {
        "type": "Point",
        "coordinates": [
          140.3078535,
          38.7731874
        ]
      },
      "properties": {
        "内容": "バス停: 円満寺",
        "name": "円満寺",
        "operator": "事業者不明",
        "ref": "",
        "url": "",
        "url2": ""
      }
    },
    {
      "type": "Feature",
      "geometry": {
        "type": "Point",
        "coordinates": [
          140.307949,
          38.7731375
        ]
      },
      "properties": {
        "内容": "バス停: 円満寺",
        "name": "円満寺",
        "operator": "事業者不明",
        "ref": "",
        "url": "",
        "url2": ""
      }
    },
    {
      "type": "Feature",
      "geometry": {
        "type": "Point",
        "coordinates": [
          140.1661526,
          38.6070634
        ]
      },
      "properties": {
        "内容": "バス停: 第二停留所 (大蔵村)",
        "name": "第二停留所",
        "operator": "大蔵村",
        "ref": "",
        "url": "",
        "url2": ""
      }
    },
    {
      "type": "Feature",
      "geometry": {
        "type": "Point",
        "coordinates": [
          140.1668959,
          38.6077752
        ]
      },
      "properties": {
        "内容": "バス停: 第一停留所 (大蔵村)",
        "name": "第一停留所",
        "operator": "大蔵村",
        "ref": "",
        "url": "",
        "url2": ""
      }
    },
    {
      "type": "Feature",
      "geometry": {
        "type": "Point",
        "coordinates": [
          140.1653711,
          38.6065123
        ]
      },
      "properties": {
        "内容": "バス停: 肘折温泉待合所 (大蔵村)",
        "name": "肘折温泉待合所",
        "operator": "大蔵村",
        "ref": "",
        "url": "",
        "url2": ""
      }
    },
    {
      "type": "Feature",
      "geometry": {
        "type": "Point",
        "coordinates": [
          140.16831,
          38.6089559
        ]
      },
      "properties": {
        "内容": "バス停: 温泉口 (大蔵村)",
        "name": "温泉口",
        "operator": "大蔵村",
        "ref": "",
        "url": "",
        "url2": ""
      }
    },
    {
      "type": "Feature",
      "geometry": {
        "type": "Point",
        "coordinates": [
          140.1865594,
          38.6098637
        ]
      },
      "properties": {
        "内容": "バス停: 牧場前 (大蔵村)",
        "name": "牧場前",
        "operator": "大蔵村",
        "ref": "",
        "url": "",
        "url2": ""
      }
    },
    {
      "type": "Feature",
      "geometry": {
        "type": "Point",
        "coordinates": [
          140.2034567,
          38.6261575
        ]
      },
      "properties": {
        "内容": "バス停: 蔦郷 (大蔵村)",
        "name": "蔦郷",
        "operator": "大蔵村",
        "ref": "",
        "url": "",
        "url2": ""
      }
    },
    {
      "type": "Feature",
      "geometry": {
        "type": "Point",
        "coordinates": [
          140.2018484,
          38.6413402
        ]
      },
      "properties": {
        "内容": "バス停: 蕨野 (大蔵村)",
        "name": "蕨野",
        "operator": "大蔵村",
        "ref": "",
        "url": "",
        "url2": ""
      }
    },
    {
      "type": "Feature",
      "geometry": {
        "type": "Point",
        "coordinates": [
          140.2070509,
          38.6440367
        ]
      },
      "properties": {
        "内容": "バス停: 日陰 (大蔵村)",
        "name": "日陰",
        "operator": "大蔵村",
        "ref": "",
        "url": "",
        "url2": ""
      }
    },
    {
      "type": "Feature",
      "geometry": {
        "type": "Point",
        "coordinates": [
          140.2070386,
          38.6442122
        ]
      },
      "properties": {
        "内容": "バス停: 日陰 (大蔵村)",
        "name": "日陰",
        "operator": "大蔵村",
        "ref": "",
        "url": "",
        "url2": ""
      }
    },
    {
      "type": "Feature",
      "geometry": {
        "type": "Point",
        "coordinates": [
          140.2126574,
          38.6530615
        ]
      },
      "properties": {
        "内容": "バス停: 升玉 (大蔵村)",
        "name": "升玉",
        "operator": "大蔵村",
        "ref": "",
        "url": "",
        "url2": ""
      }
    },
    {
      "type": "Feature",
      "geometry": {
        "type": "Point",
        "coordinates": [
          140.2095333,
          38.6676542
        ]
      },
      "properties": {
        "内容": "バス停: 塩 (大蔵村)",
        "name": "塩",
        "operator": "大蔵村",
        "ref": "",
        "url": "",
        "url2": ""
      }
    },
    {
      "type": "Feature",
      "geometry": {
        "type": "Point",
        "coordinates": [
          140.2184433,
          38.6768016
        ]
      },
      "properties": {
        "内容": "バス停: 熊高 (大蔵村)",
        "name": "熊高",
        "operator": "大蔵村",
        "ref": "",
        "url": "",
        "url2": ""
      }
    },
    {
      "type": "Feature",
      "geometry": {
        "type": "Point",
        "coordinates": [
          140.2236381,
          38.6832813
        ]
      },
      "properties": {
        "内容": "バス停: 上熊高 (大蔵村)",
        "name": "上熊高",
        "operator": "大蔵村",
        "ref": "",
        "url": "",
        "url2": ""
      }
    },
    {
      "type": "Feature",
      "geometry": {
        "type": "Point",
        "coordinates": [
          140.2275983,
          38.6881312
        ]
      },
      "properties": {
        "内容": "バス停: 上竹野 (大蔵村)",
        "name": "上竹野",
        "operator": "大蔵村",
        "ref": "",
        "url": "",
        "url2": ""
      }
    },
    {
      "type": "Feature",
      "geometry": {
        "type": "Point",
        "coordinates": [
          140.2353897,
          38.6946502
        ]
      },
      "properties": {
        "内容": "バス停: 白須賀 (大蔵村)",
        "name": "白須賀",
        "operator": "大蔵村",
        "ref": "",
        "url": "",
        "url2": ""
      }
    },
    {
      "type": "Feature",
      "geometry": {
        "type": "Point",
        "coordinates": [
          140.2354478,
          38.6944847
        ]
      },
      "properties": {
        "内容": "バス停: 白須賀 (大蔵村)",
        "name": "白須賀",
        "operator": "大蔵村",
        "ref": "",
        "url": "",
        "url2": ""
      }
    },
    {
      "type": "Feature",
      "geometry": {
        "type": "Point",
        "coordinates": [
          140.2355361,
          38.6979871
        ]
      },
      "properties": {
        "内容": "バス停: 比良入口 (大蔵村)",
        "name": "比良入口",
        "operator": "大蔵村",
        "ref": "",
        "url": "",
        "url2": ""
      }
    },
    {
      "type": "Feature",
      "geometry": {
        "type": "Point",
        "coordinates": [
          140.2313637,
          38.7045946
        ]
      },
      "properties": {
        "内容": "バス停: 清水 (大蔵村)",
        "name": "清水",
        "operator": "大蔵村",
        "ref": "",
        "url": "",
        "url2": ""
      }
    },
    {
      "type": "Feature",
      "geometry": {
        "type": "Point",
        "coordinates": [
          140.2311448,
          38.7046551
        ]
      },
      "properties": {
        "内容": "バス停: 清水 (大蔵村)",
        "name": "清水",
        "operator": "大蔵村",
        "ref": "",
        "url": "",
        "url2": ""
      }
    },
    {
      "type": "Feature",
      "geometry": {
        "type": "Point",
        "coordinates": [
          140.2283572,
          38.70655
        ]
      },
      "properties": {
        "内容": "バス停: 合海 (大蔵村)",
        "name": "合海",
        "operator": "大蔵村",
        "ref": "",
        "url": "",
        "url2": ""
      }
    },
    {
      "type": "Feature",
      "geometry": {
        "type": "Point",
        "coordinates": [
          140.2279367,
          38.7069982
        ]
      },
      "properties": {
        "内容": "バス停: 合海 (大蔵村)",
        "name": "合海",
        "operator": "大蔵村",
        "ref": "",
        "url": "",
        "url2": ""
      }
    },
    {
      "type": "Feature",
      "geometry": {
        "type": "Point",
        "coordinates": [
          140.2269218,
          38.7079817
        ]
      },
      "properties": {
        "内容": "バス停: 下合海 (大蔵村)",
        "name": "下合海",
        "operator": "大蔵村",
        "ref": "",
        "url": "",
        "url2": ""
      }
    },
    {
      "type": "Feature",
      "geometry": {
        "type": "Point",
        "coordinates": [
          140.2268048,
          38.7083345
        ]
      },
      "properties": {
        "内容": "バス停: 下合海 (大蔵村)",
        "name": "下合海",
        "operator": "大蔵村",
        "ref": "",
        "url": "",
        "url2": ""
      }
    },
    {
      "type": "Feature",
      "geometry": {
        "type": "Point",
        "coordinates": [
          140.2281093,
          38.7100629
        ]
      },
      "properties": {
        "内容": "バス停: 坂下 (大蔵村)",
        "name": "坂下",
        "operator": "大蔵村",
        "ref": "",
        "url": "",
        "url2": ""
      }
    },
    {
      "type": "Feature",
      "geometry": {
        "type": "Point",
        "coordinates": [
          140.2281504,
          38.7099514
        ]
      },
      "properties": {
        "内容": "バス停: 坂下 (大蔵村)",
        "name": "坂下",
        "operator": "大蔵村",
        "ref": "",
        "url": "",
        "url2": ""
      }
    },
    {
      "type": "Feature",
      "geometry": {
        "type": "Point",
        "coordinates": [
          139.8083504,
          38.8946017
        ]
      },
      "properties": {
        "内容": "バス停: 緑ヶ丘二丁目公園前",
        "name": "緑ヶ丘二丁目公園前",
        "operator": "事業者不明",
        "ref": "",
        "url": "",
        "url2": ""
      }
    },
    {
      "type": "Feature",
      "geometry": {
        "type": "Point",
        "coordinates": [
          140.3733162,
          38.3721364
        ]
      },
      "properties": {
        "内容": "バス停: 熊野神社前",
        "name": "熊野神社前",
        "operator": "事業者不明",
        "ref": "",
        "url": "",
        "url2": ""
      }
    },
    {
      "type": "Feature",
      "geometry": {
        "type": "Point",
        "coordinates": [
          139.8386398,
          38.9176458
        ]
      },
      "properties": {
        "内容": "バス停: 中央東町",
        "name": "中央東町",
        "operator": "事業者不明",
        "ref": "",
        "url": "",
        "url2": ""
      }
    },
    {
      "type": "Feature",
      "geometry": {
        "type": "Point",
        "coordinates": [
          139.8397256,
          38.9040128
        ]
      },
      "properties": {
        "内容": "バス停: 酒田リハビリ病院前",
        "name": "酒田リハビリ病院前",
        "operator": "事業者不明",
        "ref": "",
        "url": "",
        "url2": ""
      }
    },
    {
      "type": "Feature",
      "geometry": {
        "type": "Point",
        "coordinates": [
          139.8446825,
          38.9212819
        ]
      },
      "properties": {
        "内容": "バス停: 酒田駅前①",
        "name": "酒田駅前①",
        "operator": "事業者不明",
        "ref": "",
        "url": "",
        "url2": ""
      }
    },
    {
      "type": "Feature",
      "geometry": {
        "type": "Point",
        "coordinates": [
          139.8406357,
          38.9147826
        ]
      },
      "properties": {
        "内容": "バス停: 大通り商店街",
        "name": "大通り商店街",
        "operator": "事業者不明",
        "ref": "",
        "url": "",
        "url2": ""
      }
    },
    {
      "type": "Feature",
      "geometry": {
        "type": "Point",
        "coordinates": [
          139.8333676,
          38.932599
        ]
      },
      "properties": {
        "内容": "バス停: 酒田光陵高校前",
        "name": "酒田光陵高校前",
        "operator": "事業者不明",
        "ref": "",
        "url": "",
        "url2": ""
      }
    },
    {
      "type": "Feature",
      "geometry": {
        "type": "Point",
        "coordinates": [
          139.8348147,
          38.9173881
        ]
      },
      "properties": {
        "内容": "バス停: 交流ひろば前",
        "name": "交流ひろば前",
        "operator": "事業者不明",
        "ref": "",
        "url": "",
        "url2": ""
      }
    },
    {
      "type": "Feature",
      "geometry": {
        "type": "Point",
        "coordinates": [
          139.8403351,
          38.9258092
        ]
      },
      "properties": {
        "内容": "バス停: 南千日町",
        "name": "南千日町",
        "operator": "事業者不明",
        "ref": "",
        "url": "",
        "url2": ""
      }
    },
    {
      "type": "Feature",
      "geometry": {
        "type": "Point",
        "coordinates": [
          139.841118,
          38.9286888
        ]
      },
      "properties": {
        "内容": "バス停: 泉町",
        "name": "泉町",
        "operator": "事業者不明",
        "ref": "",
        "url": "",
        "url2": ""
      }
    },
    {
      "type": "Feature",
      "geometry": {
        "type": "Point",
        "coordinates": [
          139.8445618,
          38.9369859
        ]
      },
      "properties": {
        "内容": "バス停: 泉コミセン前",
        "name": "泉コミセン前",
        "operator": "事業者不明",
        "ref": "",
        "url": "",
        "url2": ""
      }
    },
    {
      "type": "Feature",
      "geometry": {
        "type": "Point",
        "coordinates": [
          139.8607192,
          38.9300464
        ]
      },
      "properties": {
        "内容": "バス停: 上安町",
        "name": "上安町",
        "operator": "事業者不明",
        "ref": "",
        "url": "",
        "url2": ""
      }
    },
    {
      "type": "Feature",
      "geometry": {
        "type": "Point",
        "coordinates": [
          139.8602821,
          38.9210722
        ]
      },
      "properties": {
        "内容": "バス停: 富士見町２丁目",
        "name": "富士見町２丁目",
        "operator": "事業者不明",
        "ref": "",
        "url": "",
        "url2": ""
      }
    },
    {
      "type": "Feature",
      "geometry": {
        "type": "Point",
        "coordinates": [
          139.8569723,
          38.9244177
        ]
      },
      "properties": {
        "内容": "バス停: 北新橋",
        "name": "北新橋",
        "operator": "事業者不明",
        "ref": "",
        "url": "",
        "url2": ""
      }
    },
    {
      "type": "Feature",
      "geometry": {
        "type": "Point",
        "coordinates": [
          139.8551844,
          38.9233538
        ]
      },
      "properties": {
        "内容": "バス停: 北新橋郵便局前",
        "name": "北新橋郵便局前",
        "operator": "事業者不明",
        "ref": "",
        "url": "",
        "url2": ""
      }
    },
    {
      "type": "Feature",
      "geometry": {
        "type": "Point",
        "coordinates": [
          139.8548413,
          38.9216657
        ]
      },
      "properties": {
        "内容": "バス停: 新橋１丁目",
        "name": "新橋１丁目",
        "operator": "事業者不明",
        "ref": "",
        "url": "",
        "url2": ""
      }
    },
    {
      "type": "Feature",
      "geometry": {
        "type": "Point",
        "coordinates": [
          139.8537347,
          38.9152065
        ]
      },
      "properties": {
        "内容": "バス停: 新橋４丁目",
        "name": "新橋４丁目",
        "operator": "事業者不明",
        "ref": "",
        "url": "",
        "url2": ""
      }
    },
    {
      "type": "Feature",
      "geometry": {
        "type": "Point",
        "coordinates": [
          139.8395599,
          38.9120663
        ]
      },
      "properties": {
        "内容": "バス停: 上本町",
        "name": "上本町",
        "operator": "事業者不明",
        "ref": "",
        "url": "",
        "url2": ""
      }
    },
    {
      "type": "Feature",
      "geometry": {
        "type": "Point",
        "coordinates": [
          139.8320998,
          38.9179296
        ]
      },
      "properties": {
        "内容": "バス停: 山王クラブ前北",
        "name": "山王クラブ前北",
        "operator": "事業者不明",
        "ref": "",
        "url": "",
        "url2": ""
      }
    },
    {
      "type": "Feature",
      "geometry": {
        "type": "Point",
        "coordinates": [
          139.8322656,
          38.9174089
        ]
      },
      "properties": {
        "内容": "バス停: 山王クラブ前南",
        "name": "山王クラブ前南",
        "operator": "事業者不明",
        "ref": "",
        "url": "",
        "url2": ""
      }
    },
    {
      "type": "Feature",
      "geometry": {
        "type": "Point",
        "coordinates": [
          139.8144884,
          38.9085222
        ]
      },
      "properties": {
        "内容": "バス停: 宮野浦",
        "name": "宮野浦",
        "operator": "事業者不明",
        "ref": "",
        "url": "",
        "url2": ""
      }
    },
    {
      "type": "Feature",
      "geometry": {
        "type": "Point",
        "coordinates": [
          139.8166896,
          38.9038702
        ]
      },
      "properties": {
        "内容": "バス停: 宮野浦口",
        "name": "宮野浦口",
        "operator": "事業者不明",
        "ref": "",
        "url": "",
        "url2": ""
      }
    },
    {
      "type": "Feature",
      "geometry": {
        "type": "Point",
        "coordinates": [
          139.8309644,
          38.8782422
        ]
      },
      "properties": {
        "内容": "バス停: 錦町4丁目北",
        "name": "錦町4丁目北",
        "operator": "事業者不明",
        "ref": "",
        "url": "",
        "url2": ""
      }
    },
    {
      "type": "Feature",
      "geometry": {
        "type": "Point",
        "coordinates": [
          139.8304805,
          38.8759986
        ]
      },
      "properties": {
        "内容": "バス停: 錦町4丁目南",
        "name": "錦町4丁目南",
        "operator": "事業者不明",
        "ref": "",
        "url": "",
        "url2": ""
      }
    },
    {
      "type": "Feature",
      "geometry": {
        "type": "Point",
        "coordinates": [
          139.8327993,
          38.8775096
        ]
      },
      "properties": {
        "内容": "バス停: 錦町5丁目南",
        "name": "錦町5丁目南",
        "operator": "事業者不明",
        "ref": "",
        "url": "",
        "url2": ""
      }
    },
    {
      "type": "Feature",
      "geometry": {
        "type": "Point",
        "coordinates": [
          139.8332465,
          38.8795021
        ]
      },
      "properties": {
        "内容": "バス停: 錦町5丁目北",
        "name": "錦町5丁目北",
        "operator": "事業者不明",
        "ref": "",
        "url": "",
        "url2": ""
      }
    },
    {
      "type": "Feature",
      "geometry": {
        "type": "Point",
        "coordinates": [
          139.8297072,
          38.9187135
        ]
      },
      "properties": {
        "内容": "バス停: 日和山講演",
        "name": "日和山講演",
        "operator": "事業者不明",
        "ref": "",
        "url": "",
        "url2": ""
      }
    },
    {
      "type": "Feature",
      "geometry": {
        "type": "Point",
        "coordinates": [
          140.0999246,
          37.9170745
        ]
      },
      "properties": {
        "内容": "バス停: Sukoyaka Center",
        "name": "Sukoyaka Center",
        "operator": "事業者不明",
        "ref": "",
        "url": "",
        "url2": ""
      }
    },
    {
      "type": "Feature",
      "geometry": {
        "type": "Point",
        "coordinates": [
          139.8827402,
          38.7195568
        ]
      },
      "properties": {
        "内容": "バス停: 西黒瀬 (庄内交通)",
        "name": "西黒瀬",
        "operator": "庄内交通",
        "ref": "",
        "url": "",
        "url2": ""
      }
    },
    {
      "type": "Feature",
      "geometry": {
        "type": "Point",
        "coordinates": [
          139.8828972,
          38.7194061
        ]
      },
      "properties": {
        "内容": "バス停: 西黒瀬 (庄内交通)",
        "name": "西黒瀬",
        "operator": "庄内交通",
        "ref": "",
        "url": "",
        "url2": ""
      }
    },
    {
      "type": "Feature",
      "geometry": {
        "type": "Point",
        "coordinates": [
          140.2016667,
          38.920357
        ]
      },
      "properties": {
        "内容": "バス停: 中村橋",
        "name": "中村橋",
        "operator": "事業者不明",
        "ref": "",
        "url": "",
        "url2": ""
      }
    },
    {
      "type": "Feature",
      "geometry": {
        "type": "Point",
        "coordinates": [
          140.2019122,
          38.920393
        ]
      },
      "properties": {
        "内容": "バス停: 中村橋",
        "name": "中村橋",
        "operator": "事業者不明",
        "ref": "",
        "url": "",
        "url2": ""
      }
    },
    {
      "type": "Feature",
      "geometry": {
        "type": "Point",
        "coordinates": [
          140.2775411,
          38.1523788
        ]
      },
      "properties": {
        "内容": "バス停: 名称不明バス停",
        "name": "名称不明バス停",
        "operator": "事業者不明",
        "ref": "",
        "url": "",
        "url2": ""
      }
    },
    {
      "type": "Feature",
      "geometry": {
        "type": "Point",
        "coordinates": [
          140.2758178,
          38.1545659
        ]
      },
      "properties": {
        "内容": "バス停: 名称不明バス停",
        "name": "名称不明バス停",
        "operator": "事業者不明",
        "ref": "",
        "url": "",
        "url2": ""
      }
    },
    {
      "type": "Feature",
      "geometry": {
        "type": "Point",
        "coordinates": [
          140.3396448,
          38.2881602
        ]
      },
      "properties": {
        "内容": "バス停: 千歳駅前",
        "name": "千歳駅前",
        "operator": "事業者不明",
        "ref": "",
        "url": "",
        "url2": ""
      }
    },
    {
      "type": "Feature",
      "geometry": {
        "type": "Point",
        "coordinates": [
          140.1244703,
          37.9092871
        ]
      },
      "properties": {
        "内容": "バス停: 駅前二丁目",
        "name": "駅前二丁目",
        "operator": "事業者不明",
        "ref": "",
        "url": "",
        "url2": ""
      }
    },
    {
      "type": "Feature",
      "geometry": {
        "type": "Point",
        "coordinates": [
          140.1251583,
          37.9092162
        ]
      },
      "properties": {
        "内容": "バス停: 駅前二丁目",
        "name": "駅前二丁目",
        "operator": "事業者不明",
        "ref": "",
        "url": "",
        "url2": ""
      }
    },
    {
      "type": "Feature",
      "geometry": {
        "type": "Point",
        "coordinates": [
          140.1217492,
          37.9106944
        ]
      },
      "properties": {
        "内容": "バス停: 駅前四丁目",
        "name": "駅前四丁目",
        "operator": "事業者不明",
        "ref": "",
        "url": "",
        "url2": ""
      }
    },
    {
      "type": "Feature",
      "geometry": {
        "type": "Point",
        "coordinates": [
          140.1235534,
          37.9101388
        ]
      },
      "properties": {
        "内容": "バス停: 山交バス米沢営業所",
        "name": "山交バス米沢営業所",
        "operator": "事業者不明",
        "ref": "",
        "url": "",
        "url2": ""
      }
    },
    {
      "type": "Feature",
      "geometry": {
        "type": "Point",
        "coordinates": [
          140.1281141,
          37.9091204
        ]
      },
      "properties": {
        "内容": "バス停: 米沢駅前",
        "name": "米沢駅前",
        "operator": "事業者不明",
        "ref": "",
        "url": "",
        "url2": ""
      }
    },
    {
      "type": "Feature",
      "geometry": {
        "type": "Point",
        "coordinates": [
          140.1290113,
          37.9098606
        ]
      },
      "properties": {
        "内容": "バス停: 米沢駅東口",
        "name": "米沢駅東口",
        "operator": "事業者不明",
        "ref": "",
        "url": "",
        "url2": ""
      }
    },
    {
      "type": "Feature",
      "geometry": {
        "type": "Point",
        "coordinates": [
          140.1116131,
          37.9071909
        ]
      },
      "properties": {
        "内容": "バス停: 税務署前",
        "name": "税務署前",
        "operator": "事業者不明",
        "ref": "",
        "url": "",
        "url2": ""
      }
    },
    {
      "type": "Feature",
      "geometry": {
        "type": "Point",
        "coordinates": [
          140.1114589,
          37.907083
        ]
      },
      "properties": {
        "内容": "バス停: 税務署前",
        "name": "税務署前",
        "operator": "事業者不明",
        "ref": "",
        "url": "",
        "url2": ""
      }
    },
    {
      "type": "Feature",
      "geometry": {
        "type": "Point",
        "coordinates": [
          140.1156951,
          37.9113612
        ]
      },
      "properties": {
        "内容": "バス停: 住之江橋",
        "name": "住之江橋",
        "operator": "事業者不明",
        "ref": "",
        "url": "",
        "url2": ""
      }
    },
    {
      "type": "Feature",
      "geometry": {
        "type": "Point",
        "coordinates": [
          140.1462069,
          37.9206027
        ]
      },
      "properties": {
        "内容": "バス停: 七中前",
        "name": "七中前",
        "operator": "事業者不明",
        "ref": "",
        "url": "",
        "url2": ""
      }
    },
    {
      "type": "Feature",
      "geometry": {
        "type": "Point",
        "coordinates": [
          140.2652256,
          38.1496784
        ]
      },
      "properties": {
        "内容": "バス停: 山交バス(株) 上山営業所",
        "name": "山交バス(株) 上山営業所",
        "operator": "事業者不明",
        "ref": "",
        "url": "",
        "url2": ""
      }
    },
    {
      "type": "Feature",
      "geometry": {
        "type": "Point",
        "coordinates": [
          140.1234816,
          37.9099427
        ]
      },
      "properties": {
        "内容": "バス停: 山交バス米沢営業所",
        "name": "山交バス米沢営業所",
        "operator": "事業者不明",
        "ref": "",
        "url": "",
        "url2": ""
      }
    },
    {
      "type": "Feature",
      "geometry": {
        "type": "Point",
        "coordinates": [
          140.2436154,
          38.7528103
        ]
      },
      "properties": {
        "内容": "バス停: 升形 (陸羽西線代行バス)",
        "name": "升形",
        "operator": "陸羽西線代行バス",
        "ref": "",
        "url": "",
        "url2": ""
      }
    },
    {
      "type": "Feature",
      "geometry": {
        "type": "Point",
        "coordinates": [
          140.2110862,
          38.7500357
        ]
      },
      "properties": {
        "内容": "バス停: 前波 (陸羽西線 代行バス)",
        "name": "前波",
        "operator": "陸羽西線 代行バス",
        "ref": "",
        "url": "",
        "url2": ""
      }
    },
    {
      "type": "Feature",
      "geometry": {
        "type": "Point",
        "coordinates": [
          140.145337,
          38.7372826
        ]
      },
      "properties": {
        "内容": "バス停: 古口 (陸羽西線 代行バス)",
        "name": "古口",
        "operator": "陸羽西線 代行バス",
        "ref": "",
        "url": "",
        "url2": ""
      }
    },
    {
      "type": "Feature",
      "geometry": {
        "type": "Point",
        "coordinates": [
          140.0702765,
          38.7534691
        ]
      },
      "properties": {
        "内容": "バス停: 高屋 (陸羽西線 代行バス)",
        "name": "高屋",
        "operator": "陸羽西線 代行バス",
        "ref": "",
        "url": "",
        "url2": ""
      }
    },
    {
      "type": "Feature",
      "geometry": {
        "type": "Point",
        "coordinates": [
          139.9397818,
          38.8104306
        ]
      },
      "properties": {
        "内容": "バス停: 南野 (陸羽西線 代行バス)",
        "name": "南野",
        "operator": "陸羽西線 代行バス",
        "ref": "",
        "url": "",
        "url2": ""
      }
    },
    {
      "type": "Feature",
      "geometry": {
        "type": "Point",
        "coordinates": [
          139.977315,
          38.7932634
        ]
      },
      "properties": {
        "内容": "バス停: 狩川 (陸羽西線 代行バス)",
        "name": "狩川",
        "operator": "陸羽西線 代行バス",
        "ref": "",
        "url": "",
        "url2": ""
      }
    },
    {
      "type": "Feature",
      "geometry": {
        "type": "Point",
        "coordinates": [
          140.0209079,
          38.790292
        ]
      },
      "properties": {
        "内容": "バス停: 清川 (陸羽西線 代行バス)",
        "name": "清川",
        "operator": "陸羽西線 代行バス",
        "ref": "",
        "url": "",
        "url2": ""
      }
    },
    {
      "type": "Feature",
      "geometry": {
        "type": "Point",
        "coordinates": [
          140.3123309,
          38.7813192
        ]
      },
      "properties": {
        "内容": "バス停: 道の駅原蚕の杜 (山交バス)",
        "name": "道の駅原蚕の杜",
        "operator": "山交バス",
        "ref": "",
        "url": "",
        "url2": ""
      }
    },
    {
      "type": "Feature",
      "geometry": {
        "type": "Point",
        "coordinates": [
          140.3073366,
          38.7627632
        ]
      },
      "properties": {
        "内容": "バス停: 新庄駅東口 (山交バス)",
        "name": "新庄駅東口",
        "operator": "山交バス",
        "ref": "",
        "url": "",
        "url2": ""
      }
    },
    {
      "type": "Feature",
      "geometry": {
        "type": "Point",
        "coordinates": [
          140.30537,
          38.7620568
        ]
      },
      "properties": {
        "内容": "バス停: JR新庄駅 (JR東日本)",
        "name": "JR新庄駅",
        "operator": "JR東日本",
        "ref": "",
        "url": "",
        "url2": ""
      }
    },
    {
      "type": "Feature",
      "geometry": {
        "type": "Point",
        "coordinates": [
          140.3193754,
          38.6927697
        ]
      },
      "properties": {
        "内容": "バス停: 舟形十字路 (山交バス)",
        "name": "舟形十字路",
        "operator": "山交バス",
        "ref": "",
        "url": "",
        "url2": ""
      }
    },
    {
      "type": "Feature",
      "geometry": {
        "type": "Point",
        "coordinates": [
          140.3193365,
          38.6915948
        ]
      },
      "properties": {
        "内容": "バス停: 舟形十字路 (山交バス)",
        "name": "舟形十字路",
        "operator": "山交バス",
        "ref": "",
        "url": "",
        "url2": ""
      }
    },
    {
      "type": "Feature",
      "geometry": {
        "type": "Point",
        "coordinates": [
          140.4010665,
          38.6016237
        ]
      },
      "properties": {
        "内容": "バス停: 尾花沢待合所 (山交バス)",
        "name": "尾花沢待合所",
        "operator": "山交バス",
        "ref": "",
        "url": "",
        "url2": ""
      }
    },
    {
      "type": "Feature",
      "geometry": {
        "type": "Point",
        "coordinates": [
          140.387033,
          38.4773474
        ]
      },
      "properties": {
        "内容": "バス停: 村山駅 (山交バス)",
        "name": "村山駅",
        "operator": "山交バス",
        "ref": "",
        "url": "",
        "url2": ""
      }
    },
    {
      "type": "Feature",
      "geometry": {
        "type": "Point",
        "coordinates": [
          140.3868291,
          38.4605792
        ]
      },
      "properties": {
        "内容": "バス停: 公立病院前 (山交バス)",
        "name": "公立病院前",
        "operator": "山交バス",
        "ref": "",
        "url": "",
        "url2": ""
      }
    },
    {
      "type": "Feature",
      "geometry": {
        "type": "Point",
        "coordinates": [
          140.3869868,
          38.4598856
        ]
      },
      "properties": {
        "内容": "バス停: 公立病院前 (山交バス)",
        "name": "公立病院前",
        "operator": "山交バス",
        "ref": "",
        "url": "",
        "url2": ""
      }
    },
    {
      "type": "Feature",
      "geometry": {
        "type": "Point",
        "coordinates": [
          140.3813378,
          38.4281587
        ]
      },
      "properties": {
        "内容": "バス停: さくらんぼ東根駅前 (山交バス)",
        "name": "さくらんぼ東根駅前",
        "operator": "山交バス",
        "ref": "",
        "url": "",
        "url2": ""
      }
    },
    {
      "type": "Feature",
      "geometry": {
        "type": "Point",
        "coordinates": [
          140.4348569,
          38.4160496
        ]
      },
      "properties": {
        "内容": "バス停: 東郷 (山交バス)",
        "name": "東郷",
        "operator": "山交バス",
        "ref": "",
        "url": "",
        "url2": ""
      }
    },
    {
      "type": "Feature",
      "geometry": {
        "type": "Point",
        "coordinates": [
          140.4349463,
          38.4161536
        ]
      },
      "properties": {
        "内容": "バス停: 東郷 (山交バス)",
        "name": "東郷",
        "operator": "山交バス",
        "ref": "",
        "url": "",
        "url2": ""
      }
    },
    {
      "type": "Feature",
      "geometry": {
        "type": "Point",
        "coordinates": [
          140.4661507,
          38.4165658
        ]
      },
      "properties": {
        "内容": "バス停: 原宿 (山交バス)",
        "name": "原宿",
        "operator": "山交バス",
        "ref": "",
        "url": "",
        "url2": ""
      }
    },
    {
      "type": "Feature",
      "geometry": {
        "type": "Point",
        "coordinates": [
          140.4663811,
          38.4166493
        ]
      },
      "properties": {
        "内容": "バス停: 原宿 (山交バス)",
        "name": "原宿",
        "operator": "山交バス",
        "ref": "",
        "url": "",
        "url2": ""
      }
    },
    {
      "type": "Feature",
      "geometry": {
        "type": "Point",
        "coordinates": [
          140.4872458,
          38.4140531
        ]
      },
      "properties": {
        "内容": "バス停: 休石 (山交バス)",
        "name": "休石",
        "operator": "山交バス",
        "ref": "",
        "url": "",
        "url2": ""
      }
    },
    {
      "type": "Feature",
      "geometry": {
        "type": "Point",
        "coordinates": [
          140.5076714,
          38.4083603
        ]
      },
      "properties": {
        "内容": "バス停: 大滝 (山交バス)",
        "name": "大滝",
        "operator": "山交バス",
        "ref": "",
        "url": "",
        "url2": ""
      }
    },
    {
      "type": "Feature",
      "geometry": {
        "type": "Point",
        "coordinates": [
          140.5087083,
          38.4081009
        ]
      },
      "properties": {
        "内容": "バス停: 大滝 (山交バス)",
        "name": "大滝",
        "operator": "山交バス",
        "ref": "",
        "url": "",
        "url2": ""
      }
    }
  ]
}