{
"type": "FeatureCollection",
"name": "geo_6_2",
"crs": { "type": "name", "properties": { "name": "urn:ogc:def:crs:OGC:1.3:CRS84" } },
"features": [
{ "type": "Feature", "properties": { "ID": 62206310013, "正式名称": "かわごえ内科クリニック", "機関区分": 2, "都道府県コード": 6, "市区町村コード": 201, "所在地": "山形県山形市松波", "緯度": 38.0, "経度": 140.0, "url": "https://www.iryou.teikyouseido.mhlw.go.jp/znk-web/juminkanja/S2430/initialize?prefCd=06&kikanCd=2206310013&kikanKbn=2", "url2": "https://kawagoe-clinic.com", "内容": "かわごえ内科クリニック【2:診療所】【診療科目:0】山形県山形市松波" }, "geometry": { "type": "Point", "coordinates": [ 140.0, 38.0 ] } },
{ "type": "Feature", "properties": { "ID": 62206310071, "正式名称": "山形大手町ＡＲＴクリニック川越医院", "機関区分": 2, "都道府県コード": 6, "市区町村コード": 201, "所在地": "山形県山形市大手町９ー２５", "緯度": 38.257, "経度": 140.334, "url": "https://www.iryou.teikyouseido.mhlw.go.jp/znk-web/juminkanja/S2430/initialize?prefCd=06&kikanCd=2206310071&kikanKbn=2", "url2": "https://KAWAGOEIIN.COM", "内容": "山形大手町ＡＲＴクリニック川越医院【2:診療所】【診療科目:0】山形県山形市大手町９ー２５" }, "geometry": { "type": "Point", "coordinates": [ 140.334, 38.257 ] } },
{ "type": "Feature", "properties": { "ID": 62206310101, "正式名称": "かわぞえ嶋北泌尿器科内科クリニック", "機関区分": 2, "都道府県コード": 6, "市区町村コード": 201, "所在地": "山形県山形市嶋北３－１０－１", "緯度": 38.0, "経度": 140.0, "url": "https://www.iryou.teikyouseido.mhlw.go.jp/znk-web/juminkanja/S2430/initialize?prefCd=06&kikanCd=2206310101&kikanKbn=2", "url2": "https://www.kawazoe-clinic.com", "内容": "かわぞえ嶋北泌尿器科内科クリニック【2:診療所】【診療科目:0】山形県山形市嶋北３－１０－１" }, "geometry": { "type": "Point", "coordinates": [ 140.0, 38.0 ] } },
{ "type": "Feature", "properties": { "ID": 62206310127, "正式名称": "嶋南つちや整形外科", "機関区分": 2, "都道府県コード": 6, "市区町村コード": 201, "所在地": "山形県山形市嶋南３－８－１", "緯度": 38.281068, "経度": 140.316604, "url": "https://www.iryou.teikyouseido.mhlw.go.jp/znk-web/juminkanja/S2430/initialize?prefCd=06&kikanCd=2206310127&kikanKbn=2", "url2": "https://shimaminamitsuchiya.com/", "内容": "嶋南つちや整形外科【2:診療所】【診療科目:0】山形県山形市嶋南３－８－１" }, "geometry": { "type": "Point", "coordinates": [ 140.316604, 38.281068 ] } },
{ "type": "Feature", "properties": { "ID": 62206310143, "正式名称": "医療法人社団　馬見ヶ崎こどもクリニック", "機関区分": 2, "都道府県コード": 6, "市区町村コード": 201, "所在地": "山形県山形市馬見ケ崎１－１８－６", "緯度": 38.28172, "経度": 140.333918, "url": "https://www.iryou.teikyouseido.mhlw.go.jp/znk-web/juminkanja/S2430/initialize?prefCd=06&kikanCd=2206310143&kikanKbn=2", "url2": "https://mami-kodomo.jp", "内容": "医療法人社団　馬見ヶ崎こどもクリニック【2:診療所】【診療科目:0】山形県山形市馬見ケ崎１－１８－６" }, "geometry": { "type": "Point", "coordinates": [ 140.333918, 38.28172 ] } },
{ "type": "Feature", "properties": { "ID": 62206310244, "正式名称": "メンタルクリニック城西", "機関区分": 2, "都道府県コード": 6, "市区町村コード": 201, "所在地": "山形県山形市城西町四丁目１８番２４号", "緯度": 38.260032, "経度": 140.322442, "url": "https://www.iryou.teikyouseido.mhlw.go.jp/znk-web/juminkanja/S2430/initialize?prefCd=06&kikanCd=2206310244&kikanKbn=2", "url2": "https://mental-shironishi.com", "内容": "メンタルクリニック城西【2:診療所】【診療科目:0】山形県山形市城西町四丁目１８番２４号" }, "geometry": { "type": "Point", "coordinates": [ 140.322442, 38.260032 ] } },
{ "type": "Feature", "properties": { "ID": 62206310260, "正式名称": "医療法人　眞恵会　のだ耳鼻咽喉科クリニック", "機関区分": 2, "都道府県コード": 6, "市区町村コード": 201, "所在地": "山形県山形市桧町三ノ七ノ三十", "緯度": 38.276815, "経度": 140.331243, "url": "https://www.iryou.teikyouseido.mhlw.go.jp/znk-web/juminkanja/S2430/initialize?prefCd=06&kikanCd=2206310260&kikanKbn=2", "url2": "http://www.nodaclinic.jp", "内容": "医療法人　眞恵会　のだ耳鼻咽喉科クリニック【2:診療所】【診療科目:0】山形県山形市桧町三ノ七ノ三十" }, "geometry": { "type": "Point", "coordinates": [ 140.331243, 38.276815 ] } },
{ "type": "Feature", "properties": { "ID": 62206310273, "正式名称": "みはらしの丘こどもクリニック", "機関区分": 2, "都道府県コード": 6, "市区町村コード": 201, "所在地": "山形県山形市みはらしの丘四丁目１０番１", "緯度": 38.184595, "経度": 140.286642, "url": "https://www.iryou.teikyouseido.mhlw.go.jp/znk-web/juminkanja/S2430/initialize?prefCd=06&kikanCd=2206310273&kikanKbn=2", "url2": "https://miharashikodomo.jp", "内容": "みはらしの丘こどもクリニック【2:診療所】【診療科目:0】山形県山形市みはらしの丘四丁目１０番１" }, "geometry": { "type": "Point", "coordinates": [ 140.286642, 38.184595 ] } },
{ "type": "Feature", "properties": { "ID": 62206310329, "正式名称": "いしい腎泌尿器科クリニック", "機関区分": 2, "都道府県コード": 6, "市区町村コード": 201, "所在地": "山形県山形市桜田西４ー１７ー４９", "緯度": 38.218849, "経度": 140.314934, "url": "https://www.iryou.teikyouseido.mhlw.go.jp/znk-web/juminkanja/S2430/initialize?prefCd=06&kikanCd=2206310329&kikanKbn=2", "url2": "https://ishii-jinhinyoukika.jp/", "内容": "いしい腎泌尿器科クリニック【2:診療所】【診療科目:0】山形県山形市桜田西４ー１７ー４９" }, "geometry": { "type": "Point", "coordinates": [ 140.314934, 38.218849 ] } },
{ "type": "Feature", "properties": { "ID": 62206310358, "正式名称": "城北すずき内科クリニック", "機関区分": 2, "都道府県コード": 6, "市区町村コード": 201, "所在地": "山形県山形市城北町二丁目１０番５号", "緯度": 38.260207, "経度": 140.326208, "url": "https://www.iryou.teikyouseido.mhlw.go.jp/znk-web/juminkanja/S2430/initialize?prefCd=06&kikanCd=2206310358&kikanKbn=2", "url2": "https://j-suzuki-clinic.com", "内容": "城北すずき内科クリニック【2:診療所】【診療科目:0】山形県山形市城北町二丁目１０番５号" }, "geometry": { "type": "Point", "coordinates": [ 140.326208, 38.260207 ] } },
{ "type": "Feature", "properties": { "ID": 62206310619, "正式名称": "東山形やまかわクリニック", "機関区分": 2, "都道府県コード": 6, "市区町村コード": 201, "所在地": "山形県山形市東山形２丁目３ー３４", "緯度": 38.24056, "経度": 140.3703, "url": "https://www.iryou.teikyouseido.mhlw.go.jp/znk-web/juminkanja/S2430/initialize?prefCd=06&kikanCd=2206310619&kikanKbn=2", "url2": "https://yamakawacl.com/", "内容": "東山形やまかわクリニック【2:診療所】【診療科目:0】山形県山形市東山形２丁目３ー３４" }, "geometry": { "type": "Point", "coordinates": [ 140.3703, 38.24056 ] } },
{ "type": "Feature", "properties": { "ID": 62206310749, "正式名称": "社会福祉法人恩賜財団済生会山形済生病院附属小白川診療所", "機関区分": 2, "都道府県コード": 6, "市区町村コード": 201, "所在地": "山形県山形市小白川町二丁目３番１号", "緯度": 38.249635, "経度": 140.350362, "url": "https://www.iryou.teikyouseido.mhlw.go.jp/znk-web/juminkanja/S2430/initialize?prefCd=06&kikanCd=2206310749&kikanKbn=2", "url2": "https://www.yamagata-saiseikai.org", "内容": "社会福祉法人恩賜財団済生会山形済生病院附属小白川診療所【2:診療所】【診療科目:0】山形県山形市小白川町二丁目３番１号" }, "geometry": { "type": "Point", "coordinates": [ 140.350362, 38.249635 ] } },
{ "type": "Feature", "properties": { "ID": 62206310778, "正式名称": "山形婦人科クリニック", "機関区分": 2, "都道府県コード": 6, "市区町村コード": 201, "所在地": "山形県山形市七日町２丁目７ー５　七日町ルルタス商業棟２階６号区画", "緯度": 38.252985, "経度": 140.339812, "url": "https://www.iryou.teikyouseido.mhlw.go.jp/znk-web/juminkanja/S2430/initialize?prefCd=06&kikanCd=2206310778&kikanKbn=2", "url2": "yamagata-fujinka.jp", "内容": "山形婦人科クリニック【2:診療所】【診療科目:0】山形県山形市七日町２丁目７ー５　七日町ルルタス商業棟２階６号区画" }, "geometry": { "type": "Point", "coordinates": [ 140.339812, 38.252985 ] } },
{ "type": "Feature", "properties": { "ID": 62206310781, "正式名称": "たけのこメンタルクリニック", "機関区分": 2, "都道府県コード": 6, "市区町村コード": 201, "所在地": "山形県山形市北町３丁目１１－４０", "緯度": 38.273366, "経度": 140.324715, "url": "https://www.iryou.teikyouseido.mhlw.go.jp/znk-web/juminkanja/S2430/initialize?prefCd=06&kikanCd=2206310781&kikanKbn=2", "url2": "https://takenoko-mental.jp/", "内容": "たけのこメンタルクリニック【2:診療所】【診療科目:0】山形県山形市北町３丁目１１－４０" }, "geometry": { "type": "Point", "coordinates": [ 140.324715, 38.273366 ] } },
{ "type": "Feature", "properties": { "ID": 62206310794, "正式名称": "杏リウマチクリニック", "機関区分": 2, "都道府県コード": 6, "市区町村コード": 201, "所在地": "山形県山形市桧町２−６−２７", "緯度": 38.277242, "経度": 140.332194, "url": "https://www.iryou.teikyouseido.mhlw.go.jp/znk-web/juminkanja/S2430/initialize?prefCd=06&kikanCd=2206310794&kikanKbn=2", "url2": "https://anne-ra-clinic.jp/", "内容": "杏リウマチクリニック【2:診療所】【診療科目:0】山形県山形市桧町２−６−２７" }, "geometry": { "type": "Point", "coordinates": [ 140.332194, 38.277242 ] } },
{ "type": "Feature", "properties": { "ID": 62206310811, "正式名称": "ノースＡＧＡクリニック山形院", "機関区分": 2, "都道府県コード": 6, "市区町村コード": 201, "所在地": "山形県山形市幸町５－１　５・１ビル２階", "緯度": 38.247473, "経度": 140.328311, "url": "https://www.iryou.teikyouseido.mhlw.go.jp/znk-web/juminkanja/S2430/initialize?prefCd=06&kikanCd=2206310811&kikanKbn=2", "url2": "https://aga-yamagata.com", "内容": "ノースＡＧＡクリニック山形院【2:診療所】【診療科目:0】山形県山形市幸町５－１　５・１ビル２階" }, "geometry": { "type": "Point", "coordinates": [ 140.328311, 38.247473 ] } },
{ "type": "Feature", "properties": { "ID": 62206310840, "正式名称": "さとう花の森呼吸器内科クリニック", "機関区分": 2, "都道府県コード": 6, "市区町村コード": 201, "所在地": "山形県山形市馬見ケ崎３ー８ー３５", "緯度": 38.280547, "経度": 140.327645, "url": "https://www.iryou.teikyouseido.mhlw.go.jp/znk-web/juminkanja/S2430/initialize?prefCd=06&kikanCd=2206310840&kikanKbn=2", "url2": "http://satohananomori-clinic.com", "内容": "さとう花の森呼吸器内科クリニック【2:診療所】【診療科目:0】山形県山形市馬見ケ崎３ー８ー３５" }, "geometry": { "type": "Point", "coordinates": [ 140.327645, 38.280547 ] } },
{ "type": "Feature", "properties": { "ID": 62206310866, "正式名称": "小姓町肝臓内科クリニック", "機関区分": 2, "都道府県コード": 6, "市区町村コード": 201, "所在地": "山形県山形市小姓町１丁目３４", "緯度": 38.246514, "経度": 140.339315, "url": "https://www.iryou.teikyouseido.mhlw.go.jp/znk-web/juminkanja/S2430/initialize?prefCd=06&kikanCd=2206310866&kikanKbn=2", "url2": "http://koshoumachi.com", "内容": "小姓町肝臓内科クリニック【2:診療所】【診療科目:0】山形県山形市小姓町１丁目３４" }, "geometry": { "type": "Point", "coordinates": [ 140.339315, 38.246514 ] } },
{ "type": "Feature", "properties": { "ID": 62206310879, "正式名称": "ＴＣＢ　東京中央美容外科・ＴＣＢ　スキンクリニック　山形院", "機関区分": 2, "都道府県コード": 6, "市区町村コード": 201, "所在地": "山形県山形市香澄町１丁目１５−２８　ホテルニュー最上屋２階", "緯度": 38.249649, "経度": 140.329428, "url": "https://www.iryou.teikyouseido.mhlw.go.jp/znk-web/juminkanja/S2430/initialize?prefCd=06&kikanCd=2206310879&kikanKbn=2", "url2": null, "内容": "ＴＣＢ　東京中央美容外科・ＴＣＢ　スキンクリニック　山形院【2:診療所】【診療科目:0】山形県山形市香澄町１丁目１５−２８　ホテルニュー最上屋２階" }, "geometry": { "type": "Point", "coordinates": [ 140.329428, 38.249649 ] } },
{ "type": "Feature", "properties": { "ID": 62206310925, "正式名称": "下条心臓と足の血管クリニック", "機関区分": 2, "都道府県コード": 6, "市区町村コード": 201, "所在地": "山形県山形市下条町５丁目１１番９号", "緯度": 38.2688393, "経度": 140.3250855, "url": "https://www.iryou.teikyouseido.mhlw.go.jp/znk-web/juminkanja/S2430/initialize?prefCd=06&kikanCd=2206310925&kikanKbn=2", "url2": "https://shimojoclinic.com", "内容": "下条心臓と足の血管クリニック【2:診療所】【診療科目:0】山形県山形市下条町５丁目１１番９号" }, "geometry": { "type": "Point", "coordinates": [ 140.3250855, 38.2688393 ] } },
{ "type": "Feature", "properties": { "ID": 62206310938, "正式名称": "嶋皮ふ科クリニック", "機関区分": 2, "都道府県コード": 6, "市区町村コード": 201, "所在地": "山形県山形市嶋北２丁目１２番４８号", "緯度": 38.285993, "経度": 140.320982, "url": "https://www.iryou.teikyouseido.mhlw.go.jp/znk-web/juminkanja/S2430/initialize?prefCd=06&kikanCd=2206310938&kikanKbn=2", "url2": null, "内容": "嶋皮ふ科クリニック【2:診療所】【診療科目:0】山形県山形市嶋北２丁目１２番４８号" }, "geometry": { "type": "Point", "coordinates": [ 140.320982, 38.285993 ] } },
{ "type": "Feature", "properties": { "ID": 62206310954, "正式名称": "あだち眼科嶋南クリニック", "機関区分": 2, "都道府県コード": 6, "市区町村コード": 201, "所在地": "山形県山形市嶋南３丁目５番１０号", "緯度": 38.2797647, "経度": 140.3158863, "url": "https://www.iryou.teikyouseido.mhlw.go.jp/znk-web/juminkanja/S2430/initialize?prefCd=06&kikanCd=2206310954&kikanKbn=2", "url2": "https://adachi-ganka.com", "内容": "あだち眼科嶋南クリニック【2:診療所】【診療科目:0】山形県山形市嶋南３丁目５番１０号" }, "geometry": { "type": "Point", "coordinates": [ 140.315886299999988, 38.2797647 ] } },
{ "type": "Feature", "properties": { "ID": 62206311010, "正式名称": "すわの木内科クリニック", "機関区分": 2, "都道府県コード": 6, "市区町村コード": 201, "所在地": "山形県山形市諏訪町二丁目１番７３号", "緯度": 38.244837, "経度": 140.338038, "url": "https://www.iryou.teikyouseido.mhlw.go.jp/znk-web/juminkanja/S2430/initialize?prefCd=06&kikanCd=2206311010&kikanKbn=2", "url2": "https://suwanoki-naika.clinic", "内容": "すわの木内科クリニック【2:診療所】【診療科目:0】山形県山形市諏訪町二丁目１番７３号" }, "geometry": { "type": "Point", "coordinates": [ 140.338038, 38.244837 ] } },
{ "type": "Feature", "properties": { "ID": 62206311108, "正式名称": "十日町ようへい内科クリニック", "機関区分": 2, "都道府県コード": 6, "市区町村コード": 201, "所在地": "山形県山形市十日町三丁目２−８クレス十日町１階", "緯度": 38.2449796, "経度": 140.3371198, "url": "https://www.iryou.teikyouseido.mhlw.go.jp/znk-web/juminkanja/S2430/initialize?prefCd=06&kikanCd=2206311108&kikanKbn=2", "url2": "https://yohei-clinic.com/", "内容": "十日町ようへい内科クリニック【2:診療所】【診療科目:0】山形県山形市十日町三丁目２−８クレス十日町１階" }, "geometry": { "type": "Point", "coordinates": [ 140.337119800000011, 38.2449796 ] } },
{ "type": "Feature", "properties": { "ID": 62206311166, "正式名称": "湘南美容クリニック山形院", "機関区分": 2, "都道府県コード": 6, "市区町村コード": 201, "所在地": "山形県山形市香澄町一丁目１番１号エスパル山形５階", "緯度": 38.248816, "経度": 140.327995, "url": "https://www.iryou.teikyouseido.mhlw.go.jp/znk-web/juminkanja/S2430/initialize?prefCd=06&kikanCd=2206311166&kikanKbn=2", "url2": "https://www.s-b-c.net/clinic/branch/yamagata/", "内容": "湘南美容クリニック山形院【2:診療所】【診療科目:0】山形県山形市香澄町一丁目１番１号エスパル山形５階" }, "geometry": { "type": "Point", "coordinates": [ 140.327995, 38.248816 ] } },
{ "type": "Feature", "properties": { "ID": 62206311270, "正式名称": "あかねヶ丘耳鼻咽喉科クリニック", "機関区分": 2, "都道府県コード": 6, "市区町村コード": 201, "所在地": "山形県山形市上町４－１４－２０", "緯度": 38.243378, "経度": 140.31226, "url": "https://www.iryou.teikyouseido.mhlw.go.jp/znk-web/juminkanja/S2430/initialize?prefCd=06&kikanCd=2206311270&kikanKbn=2", "url2": "https://akanegaoka-jibika.com/", "内容": "あかねヶ丘耳鼻咽喉科クリニック【2:診療所】【診療科目:0】山形県山形市上町４－１４－２０" }, "geometry": { "type": "Point", "coordinates": [ 140.31226, 38.243378 ] } },
{ "type": "Feature", "properties": { "ID": 62206311300, "正式名称": "うるしやまクリニック", "機関区分": 2, "都道府県コード": 6, "市区町村コード": 201, "所在地": "山形県山形市大字漆山７７２ー１", "緯度": 38.311084, "経度": 140.35246, "url": "https://www.iryou.teikyouseido.mhlw.go.jp/znk-web/juminkanja/S2430/initialize?prefCd=06&kikanCd=2206311300&kikanKbn=2", "url2": "https://urushiyama.net/", "内容": "うるしやまクリニック【2:診療所】【診療科目:0】山形県山形市大字漆山７７２ー１" }, "geometry": { "type": "Point", "coordinates": [ 140.35246, 38.311084 ] } },
{ "type": "Feature", "properties": { "ID": 62206311443, "正式名称": "やまがた十日町メンタルクリニック", "機関区分": 2, "都道府県コード": 6, "市区町村コード": 201, "所在地": "山形県山形市十日町二丁目１－１１リズムイノベーションビル２階２Ａ号室", "緯度": 38.246867, "経度": 140.33584, "url": "https://www.iryou.teikyouseido.mhlw.go.jp/znk-web/juminkanja/S2430/initialize?prefCd=06&kikanCd=2206311443&kikanKbn=2", "url2": "https://tokamachi-clinic.jp/", "内容": "やまがた十日町メンタルクリニック【2:診療所】【診療科目:0】山形県山形市十日町二丁目１－１１リズムイノベーションビル２階２Ａ号室" }, "geometry": { "type": "Point", "coordinates": [ 140.33584, 38.246867 ] } },
{ "type": "Feature", "properties": { "ID": 62206311498, "正式名称": "さいとうバース＆レディースクリニック", "機関区分": 2, "都道府県コード": 6, "市区町村コード": 201, "所在地": "山形県山形市馬見ケ崎一丁目１５ー３", "緯度": 38.281885, "経度": 140.333106, "url": "https://www.iryou.teikyouseido.mhlw.go.jp/znk-web/juminkanja/S2430/initialize?prefCd=06&kikanCd=2206311498&kikanKbn=2", "url2": "https://saito-bi-clinic.com", "内容": "さいとうバース＆レディースクリニック【2:診療所】【診療科目:0】山形県山形市馬見ケ崎一丁目１５ー３" }, "geometry": { "type": "Point", "coordinates": [ 140.333106, 38.281885 ] } },
{ "type": "Feature", "properties": { "ID": 62206311502, "正式名称": "あかねヶ丘皮ふ科クリニック", "機関区分": 2, "都道府県コード": 6, "市区町村コード": 201, "所在地": "山形県山形市久保田２丁目１５－１８", "緯度": 38.247739, "経度": 140.314422, "url": "https://www.iryou.teikyouseido.mhlw.go.jp/znk-web/juminkanja/S2430/initialize?prefCd=06&kikanCd=2206311502&kikanKbn=2", "url2": "https://akanegaoka-hifuka.com", "内容": "あかねヶ丘皮ふ科クリニック【2:診療所】【診療科目:0】山形県山形市久保田２丁目１５－１８" }, "geometry": { "type": "Point", "coordinates": [ 140.314422, 38.247739 ] } },
{ "type": "Feature", "properties": { "ID": 62206311632, "正式名称": "なごみの里診療所", "機関区分": 2, "都道府県コード": 6, "市区町村コード": 201, "所在地": "山形県山形市吉原三丁目１０番１７号", "緯度": 38.229849, "経度": 140.306692, "url": "https://www.iryou.teikyouseido.mhlw.go.jp/znk-web/juminkanja/S2430/initialize?prefCd=06&kikanCd=2206311632&kikanKbn=2", "url2": "https://www.jifukai.org", "内容": "なごみの里診療所【2:診療所】【診療科目:0】山形県山形市吉原三丁目１０番１７号" }, "geometry": { "type": "Point", "coordinates": [ 140.306692, 38.229849 ] } },
{ "type": "Feature", "properties": { "ID": 62206311788, "正式名称": "大泉胃腸科内科クリニック", "機関区分": 2, "都道府県コード": 6, "市区町村コード": 201, "所在地": "山形県山形市城西町５－３０－４", "緯度": 38.262408, "経度": 140.314728, "url": "https://www.iryou.teikyouseido.mhlw.go.jp/znk-web/juminkanja/S2430/initialize?prefCd=06&kikanCd=2206311788&kikanKbn=2", "url2": "https://oizumi-giclinic.jp/", "内容": "大泉胃腸科内科クリニック【2:診療所】【診療科目:0】山形県山形市城西町５－３０－４" }, "geometry": { "type": "Point", "coordinates": [ 140.314728, 38.262408 ] } },
{ "type": "Feature", "properties": { "ID": 62206510187, "正式名称": "医療法人音山医院", "機関区分": 2, "都道府県コード": 6, "市区町村コード": 201, "所在地": "山形県山形市三日町１－２－７", "緯度": 38.241846, "経度": 140.334783, "url": "https://www.iryou.teikyouseido.mhlw.go.jp/znk-web/juminkanja/S2430/initialize?prefCd=06&kikanCd=2206510187&kikanKbn=2", "url2": null, "内容": "医療法人音山医院【2:診療所】【診療科目:0】山形県山形市三日町１－２－７" }, "geometry": { "type": "Point", "coordinates": [ 140.334783, 38.241846 ] } },
{ "type": "Feature", "properties": { "ID": 62206510204, "正式名称": "大沼産婦人科医院", "機関区分": 2, "都道府県コード": 6, "市区町村コード": 201, "所在地": "山形県山形市十日町１－３－２６", "緯度": 38.247745, "経度": 140.335711, "url": "https://www.iryou.teikyouseido.mhlw.go.jp/znk-web/juminkanja/S2430/initialize?prefCd=06&kikanCd=2206510204&kikanKbn=2", "url2": null, "内容": "大沼産婦人科医院【2:診療所】【診療科目:0】山形県山形市十日町１－３－２６" }, "geometry": { "type": "Point", "coordinates": [ 140.335711, 38.247745 ] } },
{ "type": "Feature", "properties": { "ID": 62206510347, "正式名称": "小松医院", "機関区分": 2, "都道府県コード": 6, "市区町村コード": 201, "所在地": "山形県山形市長町１丁目４－１", "緯度": 38.284197, "経度": 140.339604, "url": "https://www.iryou.teikyouseido.mhlw.go.jp/znk-web/juminkanja/S2430/initialize?prefCd=06&kikanCd=2206510347&kikanKbn=2", "url2": null, "内容": "小松医院【2:診療所】【診療科目:0】山形県山形市長町１丁目４－１" }, "geometry": { "type": "Point", "coordinates": [ 140.339604, 38.284197 ] } },
{ "type": "Feature", "properties": { "ID": 62206510448, "正式名称": "堺内科胃腸科医院", "機関区分": 2, "都道府県コード": 6, "市区町村コード": 201, "所在地": "山形県山形市小白川町２−１−６５", "緯度": 38.249228, "経度": 140.349076, "url": "https://www.iryou.teikyouseido.mhlw.go.jp/znk-web/juminkanja/S2430/initialize?prefCd=06&kikanCd=2206510448&kikanKbn=2", "url2": null, "内容": "堺内科胃腸科医院【2:診療所】【診療科目:0】山形県山形市小白川町２−１−６５" }, "geometry": { "type": "Point", "coordinates": [ 140.349076, 38.249228 ] } },
{ "type": "Feature", "properties": { "ID": 62206510477, "正式名称": "佐々木医院", "機関区分": 2, "都道府県コード": 6, "市区町村コード": 201, "所在地": "山形県山形市肴町３ー３４", "緯度": 38.26161, "経度": 140.331449, "url": "https://www.iryou.teikyouseido.mhlw.go.jp/znk-web/juminkanja/S2430/initialize?prefCd=06&kikanCd=2206510477&kikanKbn=2", "url2": null, "内容": "佐々木医院【2:診療所】【診療科目:0】山形県山形市肴町３ー３４" }, "geometry": { "type": "Point", "coordinates": [ 140.331449, 38.26161 ] } },
{ "type": "Feature", "properties": { "ID": 62206510510, "正式名称": "斯波医院", "機関区分": 2, "都道府県コード": 6, "市区町村コード": 201, "所在地": "山形県山形市宮町５－４－２８", "緯度": 38.262452, "経度": 140.340426, "url": "https://www.iryou.teikyouseido.mhlw.go.jp/znk-web/juminkanja/S2430/initialize?prefCd=06&kikanCd=2206510510&kikanKbn=2", "url2": null, "内容": "斯波医院【2:診療所】【診療科目:0】山形県山形市宮町５－４－２８" }, "geometry": { "type": "Point", "coordinates": [ 140.340426, 38.262452 ] } },
{ "type": "Feature", "properties": { "ID": 62206510640, "正式名称": "医療法人高橋外科内科医院", "機関区分": 2, "都道府県コード": 6, "市区町村コード": 201, "所在地": "山形県山形市大字大森１０７５番地の２", "緯度": 38.31252, "経度": 140.385816, "url": "https://www.iryou.teikyouseido.mhlw.go.jp/znk-web/juminkanja/S2430/initialize?prefCd=06&kikanCd=2206510640&kikanKbn=2", "url2": null, "内容": "医療法人高橋外科内科医院【2:診療所】【診療科目:0】山形県山形市大字大森１０７５番地の２" }, "geometry": { "type": "Point", "coordinates": [ 140.385816, 38.31252 ] } },
{ "type": "Feature", "properties": { "ID": 62206510695, "正式名称": "医療法人長嶋医院", "機関区分": 2, "都道府県コード": 6, "市区町村コード": 201, "所在地": "山形県山形市小姓町", "緯度": 38.247051, "経度": 140.339994, "url": "https://www.iryou.teikyouseido.mhlw.go.jp/znk-web/juminkanja/S2430/initialize?prefCd=06&kikanCd=2206510695&kikanKbn=2", "url2": "https://r.goope.jp/rnagashi", "内容": "医療法人長嶋医院【2:診療所】【診療科目:0】山形県山形市小姓町" }, "geometry": { "type": "Point", "coordinates": [ 140.339994, 38.247051 ] } },
{ "type": "Feature", "properties": { "ID": 62206510712, "正式名称": "内藤医院", "機関区分": 2, "都道府県コード": 6, "市区町村コード": 201, "所在地": "山形県山形市鉄砲町１−４−２０", "緯度": 38.239812, "経度": 140.332272, "url": "https://www.iryou.teikyouseido.mhlw.go.jp/znk-web/juminkanja/S2430/initialize?prefCd=06&kikanCd=2206510712&kikanKbn=2", "url2": null, "内容": "内藤医院【2:診療所】【診療科目:0】山形県山形市鉄砲町１−４−２０" }, "geometry": { "type": "Point", "coordinates": [ 140.332272, 38.239812 ] } },
{ "type": "Feature", "properties": { "ID": 62206511201, "正式名称": "高橋胃腸科内科医院古館診療所", "機関区分": 2, "都道府県コード": 6, "市区町村コード": 201, "所在地": "山形県山形市古館字替所１５６０－２", "緯度": 38.262936, "経度": 140.260783, "url": "https://www.iryou.teikyouseido.mhlw.go.jp/znk-web/juminkanja/S2430/initialize?prefCd=06&kikanCd=2206511201&kikanKbn=2", "url2": null, "内容": "高橋胃腸科内科医院古館診療所【2:診療所】【診療科目:0】山形県山形市古館字替所１５６０－２" }, "geometry": { "type": "Point", "coordinates": [ 140.260783, 38.262936 ] } },
{ "type": "Feature", "properties": { "ID": 62206511243, "正式名称": "山形県職員診療所", "機関区分": 2, "都道府県コード": 6, "市区町村コード": 201, "所在地": "山形県山形市松波２－８－１", "緯度": 38.240436, "経度": 140.363633, "url": "https://www.iryou.teikyouseido.mhlw.go.jp/znk-web/juminkanja/S2430/initialize?prefCd=06&kikanCd=2206511243&kikanKbn=2", "url2": null, "内容": "山形県職員診療所【2:診療所】【診療科目:0】山形県山形市松波２－８－１" }, "geometry": { "type": "Point", "coordinates": [ 140.363633, 38.240436 ] } },
{ "type": "Feature", "properties": { "ID": 62206511256, "正式名称": "橘医院", "機関区分": 2, "都道府県コード": 6, "市区町村コード": 201, "所在地": "山形県山形市西田４－９－１６", "緯度": 38.267071, "経度": 140.31817, "url": "https://www.iryou.teikyouseido.mhlw.go.jp/znk-web/juminkanja/S2430/initialize?prefCd=06&kikanCd=2206511256&kikanKbn=2", "url2": "http://www.med-tachibana.or.jp", "内容": "橘医院【2:診療所】【診療科目:0】山形県山形市西田４－９－１６" }, "geometry": { "type": "Point", "coordinates": [ 140.31817, 38.267071 ] } },
{ "type": "Feature", "properties": { "ID": 62206511298, "正式名称": "長谷川医院", "機関区分": 2, "都道府県コード": 6, "市区町村コード": 201, "所在地": "山形県山形市印役町２−１−２", "緯度": 38.261508, "経度": 140.351625, "url": "https://www.iryou.teikyouseido.mhlw.go.jp/znk-web/juminkanja/S2430/initialize?prefCd=06&kikanCd=2206511298&kikanKbn=2", "url2": null, "内容": "長谷川医院【2:診療所】【診療科目:0】山形県山形市印役町２−１−２" }, "geometry": { "type": "Point", "coordinates": [ 140.351625, 38.261508 ] } },
{ "type": "Feature", "properties": { "ID": 62206511315, "正式名称": "佐藤眼科医院", "機関区分": 2, "都道府県コード": 6, "市区町村コード": 201, "所在地": "山形県山形市美畑町１１－１１", "緯度": 38.235599, "経度": 140.326115, "url": "https://www.iryou.teikyouseido.mhlw.go.jp/znk-web/juminkanja/S2430/initialize?prefCd=06&kikanCd=2206511315&kikanKbn=2", "url2": "http://www11.plala.or.jp/TAIDOKAI/", "内容": "佐藤眼科医院【2:診療所】【診療科目:0】山形県山形市美畑町１１－１１" }, "geometry": { "type": "Point", "coordinates": [ 140.326115, 38.235599 ] } },
{ "type": "Feature", "properties": { "ID": 62206511399, "正式名称": "田中皮膚科医院", "機関区分": 2, "都道府県コード": 6, "市区町村コード": 201, "所在地": "山形県山形市春日町２−２６", "緯度": 38.251889, "経度": 140.319945, "url": "https://www.iryou.teikyouseido.mhlw.go.jp/znk-web/juminkanja/S2430/initialize?prefCd=06&kikanCd=2206511399&kikanKbn=2", "url2": null, "内容": "田中皮膚科医院【2:診療所】【診療科目:0】山形県山形市春日町２−２６" }, "geometry": { "type": "Point", "coordinates": [ 140.319945, 38.251889 ] } },
{ "type": "Feature", "properties": { "ID": 62206511663, "正式名称": "明石医院", "機関区分": 2, "都道府県コード": 6, "市区町村コード": 201, "所在地": "山形県山形市旅篭町１丁目９番２２番", "緯度": 38.25655, "経度": 140.336177, "url": "https://www.iryou.teikyouseido.mhlw.go.jp/znk-web/juminkanja/S2430/initialize?prefCd=06&kikanCd=2206511663&kikanKbn=2", "url2": "http://www.akashi-hifuka.jp/", "内容": "明石医院【2:診療所】【診療科目:0】山形県山形市旅篭町１丁目９番２２番" }, "geometry": { "type": "Point", "coordinates": [ 140.336177, 38.25655 ] } },
{ "type": "Feature", "properties": { "ID": 62206511676, "正式名称": "つげ医院", "機関区分": 2, "都道府県コード": 6, "市区町村コード": 201, "所在地": "山形県山形市香澄町一町目１１－１５", "緯度": 38.249367, "経度": 140.330864, "url": "https://www.iryou.teikyouseido.mhlw.go.jp/znk-web/juminkanja/S2430/initialize?prefCd=06&kikanCd=2206511676&kikanKbn=2", "url2": "http://www.myclinic.ne.jp/brahms_4/", "内容": "つげ医院【2:診療所】【診療科目:0】山形県山形市香澄町一町目１１－１５" }, "geometry": { "type": "Point", "coordinates": [ 140.330864, 38.249367 ] } },
{ "type": "Feature", "properties": { "ID": 62206511719, "正式名称": "高橋クリニック", "機関区分": 2, "都道府県コード": 6, "市区町村コード": 201, "所在地": "山形県山形市上町三丁目６－４１", "緯度": 38.241955, "経度": 140.315693, "url": "https://www.iryou.teikyouseido.mhlw.go.jp/znk-web/juminkanja/S2430/initialize?prefCd=06&kikanCd=2206511719&kikanKbn=2", "url2": "https://www.takahashicl.com", "内容": "高橋クリニック【2:診療所】【診療科目:0】山形県山形市上町三丁目６－４１" }, "geometry": { "type": "Point", "coordinates": [ 140.315693, 38.241955 ] } },
{ "type": "Feature", "properties": { "ID": 62206511810, "正式名称": "武田整形外科クリニック", "機関区分": 2, "都道府県コード": 6, "市区町村コード": 201, "所在地": "山形県山形市山家町２－６－６", "緯度": 38.264677, "経度": 140.361311, "url": "https://www.iryou.teikyouseido.mhlw.go.jp/znk-web/juminkanja/S2430/initialize?prefCd=06&kikanCd=2206511810&kikanKbn=2", "url2": null, "内容": "武田整形外科クリニック【2:診療所】【診療科目:0】山形県山形市山家町２－６－６" }, "geometry": { "type": "Point", "coordinates": [ 140.361311, 38.264677 ] } },
{ "type": "Feature", "properties": { "ID": 62206511823, "正式名称": "大島医院", "機関区分": 2, "都道府県コード": 6, "市区町村コード": 201, "所在地": "山形県山形市桜田西４－１－１４", "緯度": 38.218525, "経度": 140.319155, "url": "https://www.iryou.teikyouseido.mhlw.go.jp/znk-web/juminkanja/S2430/initialize?prefCd=06&kikanCd=2206511823&kikanKbn=2", "url2": "http://www.yuuaikai-yamagata.or.jp", "内容": "大島医院【2:診療所】【診療科目:0】山形県山形市桜田西４－１－１４" }, "geometry": { "type": "Point", "coordinates": [ 140.319155, 38.218525 ] } },
{ "type": "Feature", "properties": { "ID": 62206511881, "正式名称": "医療法人　青山医院", "機関区分": 2, "都道府県コード": 6, "市区町村コード": 207, "所在地": "山形県上山市八日町４－２１", "緯度": 38.154537, "経度": 140.278423, "url": "https://www.iryou.teikyouseido.mhlw.go.jp/znk-web/juminkanja/S2430/initialize?prefCd=06&kikanCd=2206511881&kikanKbn=2", "url2": null, "内容": "医療法人　青山医院【2:診療所】【診療科目:0】山形県上山市八日町４－２１" }, "geometry": { "type": "Point", "coordinates": [ 140.278423, 38.154537 ] } },
{ "type": "Feature", "properties": { "ID": 62206511995, "正式名称": "長岡医院", "機関区分": 2, "都道府県コード": 6, "市区町村コード": 207, "所在地": "山形県上山市沢丁９－１３", "緯度": 38.155606, "経度": 140.273984, "url": "https://www.iryou.teikyouseido.mhlw.go.jp/znk-web/juminkanja/S2430/initialize?prefCd=06&kikanCd=2206511995&kikanKbn=2", "url2": "http://www.nagaokaiin.com", "内容": "長岡医院【2:診療所】【診療科目:0】山形県上山市沢丁９－１３" }, "geometry": { "type": "Point", "coordinates": [ 140.273984, 38.155606 ] } },
{ "type": "Feature", "properties": { "ID": 62206512048, "正式名称": "高野せきね外科眼科クリニック", "機関区分": 2, "都道府県コード": 6, "市区町村コード": 207, "所在地": "山形県上山市八日町１－１", "緯度": 38.153517, "経度": 140.278101, "url": "https://www.iryou.teikyouseido.mhlw.go.jp/znk-web/juminkanja/S2430/initialize?prefCd=06&kikanCd=2206512048&kikanKbn=2", "url2": "http://www.takano-sekine.com/", "内容": "高野せきね外科眼科クリニック【2:診療所】【診療科目:0】山形県上山市八日町１－１" }, "geometry": { "type": "Point", "coordinates": [ 140.278101, 38.153517 ] } },
{ "type": "Feature", "properties": { "ID": 62206512064, "正式名称": "原田眼科医院", "機関区分": 2, "都道府県コード": 6, "市区町村コード": 207, "所在地": "山形県上山市十日町", "緯度": 38.158283, "経度": 140.278842, "url": "https://www.iryou.teikyouseido.mhlw.go.jp/znk-web/juminkanja/S2430/initialize?prefCd=06&kikanCd=2206512064&kikanKbn=2", "url2": null, "内容": "原田眼科医院【2:診療所】【診療科目:0】山形県上山市十日町" }, "geometry": { "type": "Point", "coordinates": [ 140.278842, 38.158283 ] } },
{ "type": "Feature", "properties": { "ID": 62206512178, "正式名称": "宮脇医院", "機関区分": 2, "都道府県コード": 6, "市区町村コード": 210, "所在地": "山形県天童市東本町３丁目４－１３", "緯度": 38.358154, "経度": 140.379302, "url": "https://www.iryou.teikyouseido.mhlw.go.jp/znk-web/juminkanja/S2430/initialize?prefCd=06&kikanCd=2206512178&kikanKbn=2", "url2": "http://www.miyawaki-med.jp/", "内容": "宮脇医院【2:診療所】【診療科目:0】山形県天童市東本町３丁目４－１３" }, "geometry": { "type": "Point", "coordinates": [ 140.379302, 38.358154 ] } },
{ "type": "Feature", "properties": { "ID": 62206512194, "正式名称": "真田眼科医院", "機関区分": 2, "都道府県コード": 6, "市区町村コード": 210, "所在地": "山形県天童市三日町２−６−１", "緯度": 38.355637, "経度": 140.37067, "url": "https://www.iryou.teikyouseido.mhlw.go.jp/znk-web/juminkanja/S2430/initialize?prefCd=06&kikanCd=2206512194&kikanKbn=2", "url2": null, "内容": "真田眼科医院【2:診療所】【診療科目:0】山形県天童市三日町２−６−１" }, "geometry": { "type": "Point", "coordinates": [ 140.37067, 38.355637 ] } },
{ "type": "Feature", "properties": { "ID": 62206512237, "正式名称": "干布後藤医院", "機関区分": 2, "都道府県コード": 6, "市区町村コード": 210, "所在地": "山形県天童市干布４０３－２", "緯度": 38.32786, "経度": 140.397193, "url": "https://www.iryou.teikyouseido.mhlw.go.jp/znk-web/juminkanja/S2430/initialize?prefCd=06&kikanCd=2206512237&kikanKbn=2", "url2": null, "内容": "干布後藤医院【2:診療所】【診療科目:0】山形県天童市干布４０３－２" }, "geometry": { "type": "Point", "coordinates": [ 140.397193, 38.32786 ] } },
{ "type": "Feature", "properties": { "ID": 62206512266, "正式名称": "藤山医院", "機関区分": 2, "都道府県コード": 6, "市区町村コード": 210, "所在地": "山形県天童市荒谷９１", "緯度": 38.320044, "経度": 140.383839, "url": "https://www.iryou.teikyouseido.mhlw.go.jp/znk-web/juminkanja/S2430/initialize?prefCd=06&kikanCd=2206512266&kikanKbn=2", "url2": null, "内容": "藤山医院【2:診療所】【診療科目:0】山形県天童市荒谷９１" }, "geometry": { "type": "Point", "coordinates": [ 140.383839, 38.320044 ] } },
{ "type": "Feature", "properties": { "ID": 62206512295, "正式名称": "三條外科胃腸科医院", "機関区分": 2, "都道府県コード": 6, "市区町村コード": 210, "所在地": "山形県天童市五日町一丁目三番七号", "緯度": 38.353107, "経度": 140.370912, "url": "https://www.iryou.teikyouseido.mhlw.go.jp/znk-web/juminkanja/S2430/initialize?prefCd=06&kikanCd=2206512295&kikanKbn=2", "url2": "http://www.sanjoiin.com/", "内容": "三條外科胃腸科医院【2:診療所】【診療科目:0】山形県天童市五日町一丁目三番七号" }, "geometry": { "type": "Point", "coordinates": [ 140.370912, 38.353107 ] } },
{ "type": "Feature", "properties": { "ID": 62206512309, "正式名称": "鞍掛胃腸科内科医院", "機関区分": 2, "都道府県コード": 6, "市区町村コード": 210, "所在地": "山形県天童市東本町", "緯度": 38.360743, "経度": 140.374889, "url": "https://www.iryou.teikyouseido.mhlw.go.jp/znk-web/juminkanja/S2430/initialize?prefCd=06&kikanCd=2206512309&kikanKbn=2", "url2": null, "内容": "鞍掛胃腸科内科医院【2:診療所】【診療科目:0】山形県天童市東本町" }, "geometry": { "type": "Point", "coordinates": [ 140.374889, 38.360743 ] } },
{ "type": "Feature", "properties": { "ID": 62206512312, "正式名称": "高橋整形外科", "機関区分": 2, "都道府県コード": 6, "市区町村コード": 210, "所在地": "山形県天童市久野本３－１９－２６", "緯度": 38.372686, "経度": 140.377719, "url": "https://www.iryou.teikyouseido.mhlw.go.jp/znk-web/juminkanja/S2430/initialize?prefCd=06&kikanCd=2206512312&kikanKbn=2", "url2": null, "内容": "高橋整形外科【2:診療所】【診療科目:0】山形県天童市久野本３－１９－２６" }, "geometry": { "type": "Point", "coordinates": [ 140.377719, 38.372686 ] } },
{ "type": "Feature", "properties": { "ID": 62206512341, "正式名称": "菅原内科胃腸科医院", "機関区分": 2, "都道府県コード": 6, "市区町村コード": 210, "所在地": "山形県天童市東長岡", "緯度": 38.331334, "経度": 140.362176, "url": "https://www.iryou.teikyouseido.mhlw.go.jp/znk-web/juminkanja/S2430/initialize?prefCd=06&kikanCd=2206512341&kikanKbn=2", "url2": null, "内容": "菅原内科胃腸科医院【2:診療所】【診療科目:0】山形県天童市東長岡" }, "geometry": { "type": "Point", "coordinates": [ 140.362176, 38.331334 ] } },
{ "type": "Feature", "properties": { "ID": 62206512471, "正式名称": "安孫子内科医院", "機関区分": 2, "都道府県コード": 6, "市区町村コード": 201, "所在地": "山形県山形市風間１１４５", "緯度": 38.29981, "経度": 140.369471, "url": "https://www.iryou.teikyouseido.mhlw.go.jp/znk-web/juminkanja/S2430/initialize?prefCd=06&kikanCd=2206512471&kikanKbn=2", "url2": "abiko-naika.com", "内容": "安孫子内科医院【2:診療所】【診療科目:0】山形県山形市風間１１４５" }, "geometry": { "type": "Point", "coordinates": [ 140.369471, 38.29981 ] } },
{ "type": "Feature", "properties": { "ID": 62206512497, "正式名称": "矢尾板医院", "機関区分": 2, "都道府県コード": 6, "市区町村コード": 201, "所在地": "山形県山形市十日町１－２－２９", "緯度": 38.246462, "経度": 140.335005, "url": "https://www.iryou.teikyouseido.mhlw.go.jp/znk-web/juminkanja/S2430/initialize?prefCd=06&kikanCd=2206512497&kikanKbn=2", "url2": "https://yaoita-clinic.jp/", "内容": "矢尾板医院【2:診療所】【診療科目:0】山形県山形市十日町１－２－２９" }, "geometry": { "type": "Point", "coordinates": [ 140.335005, 38.246462 ] } },
{ "type": "Feature", "properties": { "ID": 62206512501, "正式名称": "大道寺内科医院", "機関区分": 2, "都道府県コード": 6, "市区町村コード": 201, "所在地": "山形県山形市上町３－１１ー４", "緯度": 38.241409, "経度": 140.319937, "url": "https://www.iryou.teikyouseido.mhlw.go.jp/znk-web/juminkanja/S2430/initialize?prefCd=06&kikanCd=2206512501&kikanKbn=2", "url2": null, "内容": "大道寺内科医院【2:診療所】【診療科目:0】山形県山形市上町３－１１ー４" }, "geometry": { "type": "Point", "coordinates": [ 140.319937, 38.241409 ] } },
{ "type": "Feature", "properties": { "ID": 62206512543, "正式名称": "鈴木外科胃腸科医院", "機関区分": 2, "都道府県コード": 6, "市区町村コード": 201, "所在地": "山形県山形市七日町４－４－７", "緯度": 38.251962, "経度": 140.343857, "url": "https://www.iryou.teikyouseido.mhlw.go.jp/znk-web/juminkanja/S2430/initialize?prefCd=06&kikanCd=2206512543&kikanKbn=2", "url2": "https://www.suzukigekaichoukaiin.com", "内容": "鈴木外科胃腸科医院【2:診療所】【診療科目:0】山形県山形市七日町４－４－７" }, "geometry": { "type": "Point", "coordinates": [ 140.343857, 38.251962 ] } },
{ "type": "Feature", "properties": { "ID": 62206512598, "正式名称": "長岡医院", "機関区分": 2, "都道府県コード": 6, "市区町村コード": 201, "所在地": "山形県山形市七日町４－５－２０", "緯度": 38.252917, "経度": 140.344913, "url": "https://www.iryou.teikyouseido.mhlw.go.jp/znk-web/juminkanja/S2430/initialize?prefCd=06&kikanCd=2206512598&kikanKbn=2", "url2": null, "内容": "長岡医院【2:診療所】【診療科目:0】山形県山形市七日町４－５－２０" }, "geometry": { "type": "Point", "coordinates": [ 140.344913, 38.252917 ] } },
{ "type": "Feature", "properties": { "ID": 62206512628, "正式名称": "社会医療法人松柏会至誠堂総合病院附属中山診療所", "機関区分": 2, "都道府県コード": 6, "市区町村コード": 302, "所在地": "山形県東村山郡中山町長崎３０３０－１", "緯度": 38.328761, "経度": 140.280943, "url": "https://www.iryou.teikyouseido.mhlw.go.jp/znk-web/juminkanja/S2430/initialize?prefCd=06&kikanCd=2206512628&kikanKbn=2", "url2": "http://www.shiseido-hp.jp", "内容": "社会医療法人松柏会至誠堂総合病院附属中山診療所【2:診療所】【診療科目:0】山形県東村山郡中山町長崎３０３０－１" }, "geometry": { "type": "Point", "coordinates": [ 140.280943, 38.328761 ] } },
{ "type": "Feature", "properties": { "ID": 62206512657, "正式名称": "藤倉医院", "機関区分": 2, "都道府県コード": 6, "市区町村コード": 207, "所在地": "山形県上山市矢来４－１１－４６", "緯度": 38.148615, "経度": 140.279173, "url": "https://www.iryou.teikyouseido.mhlw.go.jp/znk-web/juminkanja/S2430/initialize?prefCd=06&kikanCd=2206512657&kikanKbn=2", "url2": null, "内容": "藤倉医院【2:診療所】【診療科目:0】山形県上山市矢来４－１１－４６" }, "geometry": { "type": "Point", "coordinates": [ 140.279173, 38.148615 ] } },
{ "type": "Feature", "properties": { "ID": 62206512745, "正式名称": "小松眼科医院", "機関区分": 2, "都道府県コード": 6, "市区町村コード": 201, "所在地": "山形県山形市元木２ー１３ー５", "緯度": 38.22395, "経度": 140.325221, "url": "https://www.iryou.teikyouseido.mhlw.go.jp/znk-web/juminkanja/S2430/initialize?prefCd=06&kikanCd=2206512745&kikanKbn=2", "url2": null, "内容": "小松眼科医院【2:診療所】【診療科目:0】山形県山形市元木２ー１３ー５" }, "geometry": { "type": "Point", "coordinates": [ 140.325221, 38.22395 ] } },
{ "type": "Feature", "properties": { "ID": 62206512758, "正式名称": "内科・胃腸科　高橋医院", "機関区分": 2, "都道府県コード": 6, "市区町村コード": 210, "所在地": "山形県天童市東本町一丁目１－３２", "緯度": 38.359643, "経度": 140.374514, "url": "https://www.iryou.teikyouseido.mhlw.go.jp/znk-web/juminkanja/S2430/initialize?prefCd=06&kikanCd=2206512758&kikanKbn=2", "url2": null, "内容": "内科・胃腸科　高橋医院【2:診療所】【診療科目:0】山形県天童市東本町一丁目１－３２" }, "geometry": { "type": "Point", "coordinates": [ 140.374514, 38.359643 ] } },
{ "type": "Feature", "properties": { "ID": 62206512761, "正式名称": "服部内科胃腸科医院", "機関区分": 2, "都道府県コード": 6, "市区町村コード": 302, "所在地": "山形県東村山郡中山町長崎４４１０－１", "緯度": 38.337818, "経度": 140.266102, "url": "https://www.iryou.teikyouseido.mhlw.go.jp/znk-web/juminkanja/S2430/initialize?prefCd=06&kikanCd=2206512761&kikanKbn=2", "url2": null, "内容": "服部内科胃腸科医院【2:診療所】【診療科目:0】山形県東村山郡中山町長崎４４１０－１" }, "geometry": { "type": "Point", "coordinates": [ 140.266102, 38.337818 ] } },
{ "type": "Feature", "properties": { "ID": 62206512817, "正式名称": "高橋胃腸科内科医院飯塚診療所", "機関区分": 2, "都道府県コード": 6, "市区町村コード": 201, "所在地": "山形県山形市飯塚町中道北４４８−３", "緯度": 38.257896, "経度": 140.29003, "url": "https://www.iryou.teikyouseido.mhlw.go.jp/znk-web/juminkanja/S2430/initialize?prefCd=06&kikanCd=2206512817&kikanKbn=2", "url2": "http://www.mediwork.co.jp/takahashiiin/", "内容": "高橋胃腸科内科医院飯塚診療所【2:診療所】【診療科目:0】山形県山形市飯塚町中道北４４８−３" }, "geometry": { "type": "Point", "coordinates": [ 140.29003, 38.257896 ] } },
{ "type": "Feature", "properties": { "ID": 62206512950, "正式名称": "菅野馨眼科", "機関区分": 2, "都道府県コード": 6, "市区町村コード": 210, "所在地": "山形県天童市本町２－１－１", "緯度": 38.359695, "経度": 140.371689, "url": "https://www.iryou.teikyouseido.mhlw.go.jp/znk-web/juminkanja/S2430/initialize?prefCd=06&kikanCd=2206512950&kikanKbn=2", "url2": "http://www.suganokaoruganka.jp", "内容": "菅野馨眼科【2:診療所】【診療科目:0】山形県天童市本町２－１－１" }, "geometry": { "type": "Point", "coordinates": [ 140.371689, 38.359695 ] } },
{ "type": "Feature", "properties": { "ID": 62206512989, "正式名称": "大野目クリニック", "機関区分": 2, "都道府県コード": 6, "市区町村コード": 201, "所在地": "山形県山形市大野目３－６－２２", "緯度": 38.283184, "経度": 140.359636, "url": "https://www.iryou.teikyouseido.mhlw.go.jp/znk-web/juminkanja/S2430/initialize?prefCd=06&kikanCd=2206512989&kikanKbn=2", "url2": null, "内容": "大野目クリニック【2:診療所】【診療科目:0】山形県山形市大野目３－６－２２" }, "geometry": { "type": "Point", "coordinates": [ 140.359636, 38.283184 ] } },
{ "type": "Feature", "properties": { "ID": 62206513032, "正式名称": "もんま医院", "機関区分": 2, "都道府県コード": 6, "市区町村コード": 201, "所在地": "山形県山形市小立", "緯度": 38.229736, "経度": 140.341477, "url": "https://www.iryou.teikyouseido.mhlw.go.jp/znk-web/juminkanja/S2430/initialize?prefCd=06&kikanCd=2206513032&kikanKbn=2", "url2": null, "内容": "もんま医院【2:診療所】【診療科目:0】山形県山形市小立" }, "geometry": { "type": "Point", "coordinates": [ 140.341477, 38.229736 ] } },
{ "type": "Feature", "properties": { "ID": 62206513087, "正式名称": "土屋眼科医院", "機関区分": 2, "都道府県コード": 6, "市区町村コード": 201, "所在地": "山形県山形市七日町３−５−７", "緯度": 38.255039, "経度": 140.341315, "url": "https://www.iryou.teikyouseido.mhlw.go.jp/znk-web/juminkanja/S2430/initialize?prefCd=06&kikanCd=2206513087&kikanKbn=2", "url2": "https://www.tsuchiya-ganka.com", "内容": "土屋眼科医院【2:診療所】【診療科目:0】山形県山形市七日町３−５−７" }, "geometry": { "type": "Point", "coordinates": [ 140.341315, 38.255039 ] } },
{ "type": "Feature", "properties": { "ID": 62206513090, "正式名称": "勝島小児科医院", "機関区分": 2, "都道府県コード": 6, "市区町村コード": 201, "所在地": "山形県山形市南館４丁目４－１２", "緯度": 38.235043, "経度": 140.310186, "url": "https://www.iryou.teikyouseido.mhlw.go.jp/znk-web/juminkanja/S2430/initialize?prefCd=06&kikanCd=2206513090&kikanKbn=2", "url2": "http://www.katsushima.com/", "内容": "勝島小児科医院【2:診療所】【診療科目:0】山形県山形市南館４丁目４－１２" }, "geometry": { "type": "Point", "coordinates": [ 140.310186, 38.235043 ] } },
{ "type": "Feature", "properties": { "ID": 62206513104, "正式名称": "伊東医院", "機関区分": 2, "都道府県コード": 6, "市区町村コード": 301, "所在地": "山形県東村山郡山辺町山辺３１０－１", "緯度": 38.294972, "経度": 140.268933, "url": "https://www.iryou.teikyouseido.mhlw.go.jp/znk-web/juminkanja/S2430/initialize?prefCd=06&kikanCd=2206513104&kikanKbn=2", "url2": null, "内容": "伊東医院【2:診療所】【診療科目:0】山形県東村山郡山辺町山辺３１０－１" }, "geometry": { "type": "Point", "coordinates": [ 140.268933, 38.294972 ] } },
{ "type": "Feature", "properties": { "ID": 62206513133, "正式名称": "ＰＦＣ　ＪＡＰＡＮ　ＣＬＩＮＩＣ　山形", "機関区分": 2, "都道府県コード": 6, "市区町村コード": 201, "所在地": "山形県山形市南四番町３ー６", "緯度": 38.23446, "経度": 140.326015, "url": "https://www.iryou.teikyouseido.mhlw.go.jp/znk-web/juminkanja/S2430/initialize?prefCd=06&kikanCd=2206513133&kikanKbn=2", "url2": null, "内容": "ＰＦＣ　ＪＡＰＡＮ　ＣＬＩＮＩＣ　山形【2:診療所】【診療科目:0】山形県山形市南四番町３ー６" }, "geometry": { "type": "Point", "coordinates": [ 140.326015, 38.23446 ] } },
{ "type": "Feature", "properties": { "ID": 62206513191, "正式名称": "医療法人鈴木クリニック", "機関区分": 2, "都道府県コード": 6, "市区町村コード": 201, "所在地": "山形県山形市桧町４−６−１６", "緯度": 38.276267, "経度": 140.325769, "url": "https://www.iryou.teikyouseido.mhlw.go.jp/znk-web/juminkanja/S2430/initialize?prefCd=06&kikanCd=2206513191&kikanKbn=2", "url2": "https://www.suzuki-cl8011.com/", "内容": "医療法人鈴木クリニック【2:診療所】【診療科目:0】山形県山形市桧町４−６−１６" }, "geometry": { "type": "Point", "coordinates": [ 140.325769, 38.276267 ] } },
{ "type": "Feature", "properties": { "ID": 62206513221, "正式名称": "さとう医院", "機関区分": 2, "都道府県コード": 6, "市区町村コード": 210, "所在地": "山形県天童市駅西２−５−２０", "緯度": 38.358643, "経度": 140.367564, "url": "https://www.iryou.teikyouseido.mhlw.go.jp/znk-web/juminkanja/S2430/initialize?prefCd=06&kikanCd=2206513221&kikanKbn=2", "url2": null, "内容": "さとう医院【2:診療所】【診療科目:0】山形県天童市駅西２−５−２０" }, "geometry": { "type": "Point", "coordinates": [ 140.367564, 38.358643 ] } },
{ "type": "Feature", "properties": { "ID": 62206513247, "正式名称": "平野クリニック", "機関区分": 2, "都道府県コード": 6, "市区町村コード": 210, "所在地": "山形県天童市老野森１－１５－８", "緯度": 38.3628923, "経度": 140.3806275, "url": "https://www.iryou.teikyouseido.mhlw.go.jp/znk-web/juminkanja/S2430/initialize?prefCd=06&kikanCd=2206513247&kikanKbn=2", "url2": null, "内容": "平野クリニック【2:診療所】【診療科目:0】山形県天童市老野森１－１５－８" }, "geometry": { "type": "Point", "coordinates": [ 140.3806275, 38.3628923 ] } },
{ "type": "Feature", "properties": { "ID": 62206513250, "正式名称": "大内皮ふ科外科クリニック", "機関区分": 2, "都道府県コード": 6, "市区町村コード": 201, "所在地": "山形県山形市宮町２－６－１３", "緯度": 38.267071, "経度": 140.335866, "url": "https://www.iryou.teikyouseido.mhlw.go.jp/znk-web/juminkanja/S2430/initialize?prefCd=06&kikanCd=2206513250&kikanKbn=2", "url2": null, "内容": "大内皮ふ科外科クリニック【2:診療所】【診療科目:0】山形県山形市宮町２－６－１３" }, "geometry": { "type": "Point", "coordinates": [ 140.335866, 38.267071 ] } },
{ "type": "Feature", "properties": { "ID": 62206513276, "正式名称": "医療法人社団目黒クリニック循環器科内科", "機関区分": 2, "都道府県コード": 6, "市区町村コード": 210, "所在地": "山形県天童市糠塚１－４－１", "緯度": 38.365887, "経度": 140.378322, "url": "https://www.iryou.teikyouseido.mhlw.go.jp/znk-web/juminkanja/S2430/initialize?prefCd=06&kikanCd=2206513276&kikanKbn=2", "url2": null, "内容": "医療法人社団目黒クリニック循環器科内科【2:診療所】【診療科目:0】山形県天童市糠塚１－４－１" }, "geometry": { "type": "Point", "coordinates": [ 140.378322, 38.365887 ] } },
{ "type": "Feature", "properties": { "ID": 62206513292, "正式名称": "上山ファミリークリニック", "機関区分": 2, "都道府県コード": 6, "市区町村コード": 207, "所在地": "山形県上山市河崎１－２－３９", "緯度": 38.149499, "経度": 140.270228, "url": "https://www.iryou.teikyouseido.mhlw.go.jp/znk-web/juminkanja/S2430/initialize?prefCd=06&kikanCd=2206513292&kikanKbn=2", "url2": "https://www.kaminoyamafamily.jp", "内容": "上山ファミリークリニック【2:診療所】【診療科目:0】山形県上山市河崎１－２－３９" }, "geometry": { "type": "Point", "coordinates": [ 140.270228, 38.149499 ] } },
{ "type": "Feature", "properties": { "ID": 62206513306, "正式名称": "医療法人和田内科クリニック", "機関区分": 2, "都道府県コード": 6, "市区町村コード": 201, "所在地": "山形県山形市桜田東２－１０－３７", "緯度": 38.220064, "経度": 140.32224, "url": "https://www.iryou.teikyouseido.mhlw.go.jp/znk-web/juminkanja/S2430/initialize?prefCd=06&kikanCd=2206513306&kikanKbn=2", "url2": "wadanaika-clinic.com", "内容": "医療法人和田内科クリニック【2:診療所】【診療科目:0】山形県山形市桜田東２－１０－３７" }, "geometry": { "type": "Point", "coordinates": [ 140.32224, 38.220064 ] } },
{ "type": "Feature", "properties": { "ID": 62206513322, "正式名称": "ともおか整形外科", "機関区分": 2, "都道府県コード": 6, "市区町村コード": 201, "所在地": "山形県山形市元木２‐８－８", "緯度": 38.223958, "経度": 140.320896, "url": "https://www.iryou.teikyouseido.mhlw.go.jp/znk-web/juminkanja/S2430/initialize?prefCd=06&kikanCd=2206513322&kikanKbn=2", "url2": null, "内容": "ともおか整形外科【2:診療所】【診療科目:0】山形県山形市元木２‐８－８" }, "geometry": { "type": "Point", "coordinates": [ 140.320896, 38.223958 ] } },
{ "type": "Feature", "properties": { "ID": 62206513335, "正式名称": "東海林皮ふ科医院", "機関区分": 2, "都道府県コード": 6, "市区町村コード": 201, "所在地": "山形県山形市桧町２−５−１３", "緯度": 38.274865, "経度": 140.331746, "url": "https://www.iryou.teikyouseido.mhlw.go.jp/znk-web/juminkanja/S2430/initialize?prefCd=06&kikanCd=2206513335&kikanKbn=2", "url2": null, "内容": "東海林皮ふ科医院【2:診療所】【診療科目:0】山形県山形市桧町２−５−１３" }, "geometry": { "type": "Point", "coordinates": [ 140.331746, 38.274865 ] } },
{ "type": "Feature", "properties": { "ID": 62206513351, "正式名称": "ゆうき整形外科", "機関区分": 2, "都道府県コード": 6, "市区町村コード": 201, "所在地": "山形県山形市南原町１－２５－２０", "緯度": 38.236366, "経度": 140.347526, "url": "https://www.iryou.teikyouseido.mhlw.go.jp/znk-web/juminkanja/S2430/initialize?prefCd=06&kikanCd=2206513351&kikanKbn=2", "url2": null, "内容": "ゆうき整形外科【2:診療所】【診療科目:0】山形県山形市南原町１－２５－２０" }, "geometry": { "type": "Point", "coordinates": [ 140.347526, 38.236366 ] } },
{ "type": "Feature", "properties": { "ID": 62206513364, "正式名称": "医療法人社団羽根田産婦人科クリニック", "機関区分": 2, "都道府県コード": 6, "市区町村コード": 201, "所在地": "山形県山形市寿町１９－１", "緯度": 38.233491, "経度": 140.337089, "url": "https://www.iryou.teikyouseido.mhlw.go.jp/znk-web/juminkanja/S2430/initialize?prefCd=06&kikanCd=2206513364&kikanKbn=2", "url2": null, "内容": "医療法人社団羽根田産婦人科クリニック【2:診療所】【診療科目:0】山形県山形市寿町１９－１" }, "geometry": { "type": "Point", "coordinates": [ 140.337089, 38.233491 ] } },
{ "type": "Feature", "properties": { "ID": 62206513377, "正式名称": "芳川小児科医院", "機関区分": 2, "都道府県コード": 6, "市区町村コード": 201, "所在地": "山形県山形市元木　２－６－１３", "緯度": 38.224428, "経度": 140.324207, "url": "https://www.iryou.teikyouseido.mhlw.go.jp/znk-web/juminkanja/S2430/initialize?prefCd=06&kikanCd=2206513377&kikanKbn=2", "url2": null, "内容": "芳川小児科医院【2:診療所】【診療科目:0】山形県山形市元木　２－６－１３" }, "geometry": { "type": "Point", "coordinates": [ 140.324207, 38.224428 ] } },
{ "type": "Feature", "properties": { "ID": 62206513410, "正式名称": "大野目耳鼻科", "機関区分": 2, "都道府県コード": 6, "市区町村コード": 201, "所在地": "山形県山形市大野目２－２－３７", "緯度": 38.279859, "経度": 140.357775, "url": "https://www.iryou.teikyouseido.mhlw.go.jp/znk-web/juminkanja/S2430/initialize?prefCd=06&kikanCd=2206513410&kikanKbn=2", "url2": null, "内容": "大野目耳鼻科【2:診療所】【診療科目:0】山形県山形市大野目２－２－３７" }, "geometry": { "type": "Point", "coordinates": [ 140.357775, 38.279859 ] } },
{ "type": "Feature", "properties": { "ID": 62206513423, "正式名称": "殿岡内科医院", "機関区分": 2, "都道府県コード": 6, "市区町村コード": 201, "所在地": "山形県山形市中桜田３－２－１７", "緯度": 38.216168, "経度": 140.334651, "url": "https://www.iryou.teikyouseido.mhlw.go.jp/znk-web/juminkanja/S2430/initialize?prefCd=06&kikanCd=2206513423&kikanKbn=2", "url2": null, "内容": "殿岡内科医院【2:診療所】【診療科目:0】山形県山形市中桜田３－２－１７" }, "geometry": { "type": "Point", "coordinates": [ 140.334651, 38.216168 ] } },
{ "type": "Feature", "properties": { "ID": 62206513449, "正式名称": "ときめき形成外科", "機関区分": 2, "都道府県コード": 6, "市区町村コード": 201, "所在地": "山形県山形市大野目２－２－３３", "緯度": 38.280028, "経度": 140.357202, "url": "https://www.iryou.teikyouseido.mhlw.go.jp/znk-web/juminkanja/S2430/initialize?prefCd=06&kikanCd=2206513449&kikanKbn=2", "url2": null, "内容": "ときめき形成外科【2:診療所】【診療科目:0】山形県山形市大野目２－２－３３" }, "geometry": { "type": "Point", "coordinates": [ 140.357202, 38.280028 ] } },
{ "type": "Feature", "properties": { "ID": 62206513465, "正式名称": "医療法人社団伸愛会中井こども医院", "機関区分": 2, "都道府県コード": 6, "市区町村コード": 201, "所在地": "山形県山形市花楯一丁目１６番１１号", "緯度": 38.270671, "経度": 140.352803, "url": "https://www.iryou.teikyouseido.mhlw.go.jp/znk-web/juminkanja/S2430/initialize?prefCd=06&kikanCd=2206513465&kikanKbn=2", "url2": "http://whttps://nakaikodomo.com", "内容": "医療法人社団伸愛会中井こども医院【2:診療所】【診療科目:0】山形県山形市花楯一丁目１６番１１号" }, "geometry": { "type": "Point", "coordinates": [ 140.352803, 38.270671 ] } },
{ "type": "Feature", "properties": { "ID": 62206513494, "正式名称": "早坂内科循環器科医院", "機関区分": 2, "都道府県コード": 6, "市区町村コード": 201, "所在地": "山形県山形市あかねケ丘２－１０－２", "緯度": 38.245042, "経度": 140.312099, "url": "https://www.iryou.teikyouseido.mhlw.go.jp/znk-web/juminkanja/S2430/initialize?prefCd=06&kikanCd=2206513494&kikanKbn=2", "url2": null, "内容": "早坂内科循環器科医院【2:診療所】【診療科目:0】山形県山形市あかねケ丘２－１０－２" }, "geometry": { "type": "Point", "coordinates": [ 140.312099, 38.245042 ] } },
{ "type": "Feature", "properties": { "ID": 62206513524, "正式名称": "奥山こども医院", "機関区分": 2, "都道府県コード": 6, "市区町村コード": 210, "所在地": "山形県天童市北久野本１－１２－２７", "緯度": 38.376116, "経度": 140.377902, "url": "https://www.iryou.teikyouseido.mhlw.go.jp/znk-web/juminkanja/S2430/initialize?prefCd=06&kikanCd=2206513524&kikanKbn=2", "url2": null, "内容": "奥山こども医院【2:診療所】【診療科目:0】山形県天童市北久野本１－１２－２７" }, "geometry": { "type": "Point", "coordinates": [ 140.377902, 38.376116 ] } },
{ "type": "Feature", "properties": { "ID": 62206513537, "正式名称": "小松内科医院", "機関区分": 2, "都道府県コード": 6, "市区町村コード": 201, "所在地": "山形県山形市元木２−１３−８", "緯度": 38.223817, "経度": 140.32546, "url": "https://www.iryou.teikyouseido.mhlw.go.jp/znk-web/juminkanja/S2430/initialize?prefCd=06&kikanCd=2206513537&kikanKbn=2", "url2": null, "内容": "小松内科医院【2:診療所】【診療科目:0】山形県山形市元木２−１３−８" }, "geometry": { "type": "Point", "coordinates": [ 140.32546, 38.223817 ] } },
{ "type": "Feature", "properties": { "ID": 62206513579, "正式名称": "しろにし診療所", "機関区分": 2, "都道府県コード": 6, "市区町村コード": 201, "所在地": "山形県山形市城西町４丁目２７－２５", "緯度": 38.261446, "経度": 140.318351, "url": "https://www.iryou.teikyouseido.mhlw.go.jp/znk-web/juminkanja/S2430/initialize?prefCd=06&kikanCd=2206513579&kikanKbn=2", "url2": "http://y-mcoop.com/shironishi/", "内容": "しろにし診療所【2:診療所】【診療科目:0】山形県山形市城西町４丁目２７－２５" }, "geometry": { "type": "Point", "coordinates": [ 140.318351, 38.261446 ] } },
{ "type": "Feature", "properties": { "ID": 62206513582, "正式名称": "ひのき町小松眼科", "機関区分": 2, "都道府県コード": 6, "市区町村コード": 201, "所在地": "山形県山形市桧町２－６－４", "緯度": 38.276756, "経度": 140.331855, "url": "https://www.iryou.teikyouseido.mhlw.go.jp/znk-web/juminkanja/S2430/initialize?prefCd=06&kikanCd=2206513582&kikanKbn=2", "url2": null, "内容": "ひのき町小松眼科【2:診療所】【診療科目:0】山形県山形市桧町２－６－４" }, "geometry": { "type": "Point", "coordinates": [ 140.331855, 38.276756 ] } },
{ "type": "Feature", "properties": { "ID": 62206513609, "正式名称": "あかねケ丘整形外科医院", "機関区分": 2, "都道府県コード": 6, "市区町村コード": 201, "所在地": "山形県山形市あかねケ丘２－１０－３", "緯度": 38.244931, "経度": 140.312057, "url": "https://www.iryou.teikyouseido.mhlw.go.jp/znk-web/juminkanja/S2430/initialize?prefCd=06&kikanCd=2206513609&kikanKbn=2", "url2": "www.akanegaoka.com", "内容": "あかねケ丘整形外科医院【2:診療所】【診療科目:0】山形県山形市あかねケ丘２－１０－３" }, "geometry": { "type": "Point", "coordinates": [ 140.312057, 38.244931 ] } },
{ "type": "Feature", "properties": { "ID": 62206513638, "正式名称": "なわの内科医院", "機関区分": 2, "都道府県コード": 6, "市区町村コード": 201, "所在地": "山形県山形市七日町３－５－１", "緯度": 38.254583, "経度": 140.341035, "url": "https://www.iryou.teikyouseido.mhlw.go.jp/znk-web/juminkanja/S2430/initialize?prefCd=06&kikanCd=2206513638&kikanKbn=2", "url2": null, "内容": "なわの内科医院【2:診療所】【診療科目:0】山形県山形市七日町３－５－１" }, "geometry": { "type": "Point", "coordinates": [ 140.341035, 38.254583 ] } },
{ "type": "Feature", "properties": { "ID": 62206513641, "正式名称": "深瀬内科医院", "機関区分": 2, "都道府県コード": 6, "市区町村コード": 201, "所在地": "山形県山形市落合町１９５ー３", "緯度": 38.285633, "経度": 140.348214, "url": "https://www.iryou.teikyouseido.mhlw.go.jp/znk-web/juminkanja/S2430/initialize?prefCd=06&kikanCd=2206513641&kikanKbn=2", "url2": null, "内容": "深瀬内科医院【2:診療所】【診療科目:0】山形県山形市落合町１９５ー３" }, "geometry": { "type": "Point", "coordinates": [ 140.348214, 38.285633 ] } },
{ "type": "Feature", "properties": { "ID": 62206513654, "正式名称": "三條クリニック", "機関区分": 2, "都道府県コード": 6, "市区町村コード": 201, "所在地": "山形県山形市寿町１４−３", "緯度": 38.234624, "経度": 140.336978, "url": "https://www.iryou.teikyouseido.mhlw.go.jp/znk-web/juminkanja/S2430/initialize?prefCd=06&kikanCd=2206513654&kikanKbn=2", "url2": null, "内容": "三條クリニック【2:診療所】【診療科目:0】山形県山形市寿町１４−３" }, "geometry": { "type": "Point", "coordinates": [ 140.336978, 38.234624 ] } },
{ "type": "Feature", "properties": { "ID": 62206513667, "正式名称": "伊沢内科胃腸科医院", "機関区分": 2, "都道府県コード": 6, "市区町村コード": 201, "所在地": "山形県山形市下東山４３１９番地１", "緯度": 38.303024, "経度": 140.388977, "url": "https://www.iryou.teikyouseido.mhlw.go.jp/znk-web/juminkanja/S2430/initialize?prefCd=06&kikanCd=2206513667&kikanKbn=2", "url2": null, "内容": "伊沢内科胃腸科医院【2:診療所】【診療科目:0】山形県山形市下東山４３１９番地１" }, "geometry": { "type": "Point", "coordinates": [ 140.388977, 38.303024 ] } },
{ "type": "Feature", "properties": { "ID": 62206513670, "正式名称": "和敬会クリニック", "機関区分": 2, "都道府県コード": 6, "市区町村コード": 301, "所在地": "山形県東村山郡山辺町山辺２６５", "緯度": 38.294289, "経度": 140.268463, "url": "https://www.iryou.teikyouseido.mhlw.go.jp/znk-web/juminkanja/S2430/initialize?prefCd=06&kikanCd=2206513670&kikanKbn=2", "url2": null, "内容": "和敬会クリニック【2:診療所】【診療科目:0】山形県東村山郡山辺町山辺２６５" }, "geometry": { "type": "Point", "coordinates": [ 140.268463, 38.294289 ] } },
{ "type": "Feature", "properties": { "ID": 62206513713, "正式名称": "緑町関口クリニック", "機関区分": 2, "都道府県コード": 6, "市区町村コード": 201, "所在地": "山形県山形市緑町", "緯度": 38.257397, "経度": 140.343946, "url": "https://www.iryou.teikyouseido.mhlw.go.jp/znk-web/juminkanja/S2430/initialize?prefCd=06&kikanCd=2206513713&kikanKbn=2", "url2": null, "内容": "緑町関口クリニック【2:診療所】【診療科目:0】山形県山形市緑町" }, "geometry": { "type": "Point", "coordinates": [ 140.343946, 38.257397 ] } },
{ "type": "Feature", "properties": { "ID": 62206513739, "正式名称": "医療法人ことぶき会山口クリニック", "機関区分": 2, "都道府県コード": 6, "市区町村コード": 207, "所在地": "山形県上山市四ツ谷１−６−３５", "緯度": 38.166222, "経度": 140.282408, "url": "https://www.iryou.teikyouseido.mhlw.go.jp/znk-web/juminkanja/S2430/initialize?prefCd=06&kikanCd=2206513739&kikanKbn=2", "url2": null, "内容": "医療法人ことぶき会山口クリニック【2:診療所】【診療科目:0】山形県上山市四ツ谷１−６−３５" }, "geometry": { "type": "Point", "coordinates": [ 140.282408, 38.166222 ] } },
{ "type": "Feature", "properties": { "ID": 62206513768, "正式名称": "篠原神経・心療内科クリニック", "機関区分": 2, "都道府県コード": 6, "市区町村コード": 201, "所在地": "山形県山形市元木３丁目２－５", "緯度": 38.22378, "経度": 140.31946, "url": "https://www.iryou.teikyouseido.mhlw.go.jp/znk-web/juminkanja/S2430/initialize?prefCd=06&kikanCd=2206513768&kikanKbn=2", "url2": "http://www.myclinic.ne.jp/shinohar/pc/index.html", "内容": "篠原神経・心療内科クリニック【2:診療所】【診療科目:0】山形県山形市元木３丁目２－５" }, "geometry": { "type": "Point", "coordinates": [ 140.31946, 38.22378 ] } },
{ "type": "Feature", "properties": { "ID": 62206513771, "正式名称": "奥山内科胃腸科クリニック", "機関区分": 2, "都道府県コード": 6, "市区町村コード": 201, "所在地": "山形県山形市深町３−１−２０", "緯度": 38.231588, "経度": 140.317591, "url": "https://www.iryou.teikyouseido.mhlw.go.jp/znk-web/juminkanja/S2430/initialize?prefCd=06&kikanCd=2206513771&kikanKbn=2", "url2": null, "内容": "奥山内科胃腸科クリニック【2:診療所】【診療科目:0】山形県山形市深町３−１−２０" }, "geometry": { "type": "Point", "coordinates": [ 140.317591, 38.231588 ] } },
{ "type": "Feature", "properties": { "ID": 62206513784, "正式名称": "板坂胃腸科内科クリニック", "機関区分": 2, "都道府県コード": 6, "市区町村コード": 201, "所在地": "山形県山形市江俣４−６−２３", "緯度": 38.277186, "経度": 140.318695, "url": "https://www.iryou.teikyouseido.mhlw.go.jp/znk-web/juminkanja/S2430/initialize?prefCd=06&kikanCd=2206513784&kikanKbn=2", "url2": null, "内容": "板坂胃腸科内科クリニック【2:診療所】【診療科目:0】山形県山形市江俣４−６−２３" }, "geometry": { "type": "Point", "coordinates": [ 140.318695, 38.277186 ] } },
{ "type": "Feature", "properties": { "ID": 62206513814, "正式名称": "武田耳鼻咽喉科", "機関区分": 2, "都道府県コード": 6, "市区町村コード": 210, "所在地": "山形県天童市老野森", "緯度": 38.365934, "経度": 140.376986, "url": "https://www.iryou.teikyouseido.mhlw.go.jp/znk-web/juminkanja/S2430/initialize?prefCd=06&kikanCd=2206513814&kikanKbn=2", "url2": null, "内容": "武田耳鼻咽喉科【2:診療所】【診療科目:0】山形県天童市老野森" }, "geometry": { "type": "Point", "coordinates": [ 140.376986, 38.365934 ] } },
{ "type": "Feature", "properties": { "ID": 62206513827, "正式名称": "阿部クリニック", "機関区分": 2, "都道府県コード": 6, "市区町村コード": 201, "所在地": "山形県山形市桜田西４ー３ー４", "緯度": 38.218059, "経度": 140.318974, "url": "https://www.iryou.teikyouseido.mhlw.go.jp/znk-web/juminkanja/S2430/initialize?prefCd=06&kikanCd=2206513827&kikanKbn=2", "url2": "http://y-abeclinic.sakura.ne.jp/", "内容": "阿部クリニック【2:診療所】【診療科目:0】山形県山形市桜田西４ー３ー４" }, "geometry": { "type": "Point", "coordinates": [ 140.318974, 38.218059 ] } },
{ "type": "Feature", "properties": { "ID": 62206513830, "正式名称": "若杉内科医院", "機関区分": 2, "都道府県コード": 6, "市区町村コード": 201, "所在地": "山形県山形市荒楯町１ー７ー１９", "緯度": 38.232602, "経度": 140.336842, "url": "https://www.iryou.teikyouseido.mhlw.go.jp/znk-web/juminkanja/S2430/initialize?prefCd=06&kikanCd=2206513830&kikanKbn=2", "url2": null, "内容": "若杉内科医院【2:診療所】【診療科目:0】山形県山形市荒楯町１ー７ー１９" }, "geometry": { "type": "Point", "coordinates": [ 140.336842, 38.232602 ] } },
{ "type": "Feature", "properties": { "ID": 62206513843, "正式名称": "洋々会秋葉医院", "機関区分": 2, "都道府県コード": 6, "市区町村コード": 302, "所在地": "山形県東村山郡中山町長崎３０３－８", "緯度": 38.333614, "経度": 140.274574, "url": "https://www.iryou.teikyouseido.mhlw.go.jp/znk-web/juminkanja/S2430/initialize?prefCd=06&kikanCd=2206513843&kikanKbn=2", "url2": null, "内容": "洋々会秋葉医院【2:診療所】【診療科目:0】山形県東村山郡中山町長崎３０３－８" }, "geometry": { "type": "Point", "coordinates": [ 140.274574, 38.333614 ] } },
{ "type": "Feature", "properties": { "ID": 62206513885, "正式名称": "小田消化器科内科クリニック", "機関区分": 2, "都道府県コード": 6, "市区町村コード": 201, "所在地": "山形県山形市片谷地１２１−１２", "緯度": 38.209506, "経度": 140.306901, "url": "https://www.iryou.teikyouseido.mhlw.go.jp/znk-web/juminkanja/S2430/initialize?prefCd=06&kikanCd=2206513885&kikanKbn=2", "url2": null, "内容": "小田消化器科内科クリニック【2:診療所】【診療科目:0】山形県山形市片谷地１２１−１２" }, "geometry": { "type": "Point", "coordinates": [ 140.306901, 38.209506 ] } },
{ "type": "Feature", "properties": { "ID": 62206513915, "正式名称": "特別養護老人ホームとかみ共生苑医務室", "機関区分": 2, "都道府県コード": 6, "市区町村コード": 201, "所在地": "山形県山形市富神前６番地", "緯度": 38.23738, "経度": 140.263273, "url": "https://www.iryou.teikyouseido.mhlw.go.jp/znk-web/juminkanja/S2430/initialize?prefCd=06&kikanCd=2206513915&kikanKbn=2", "url2": null, "内容": "特別養護老人ホームとかみ共生苑医務室【2:診療所】【診療科目:0】山形県山形市富神前６番地" }, "geometry": { "type": "Point", "coordinates": [ 140.263273, 38.23738 ] } },
{ "type": "Feature", "properties": { "ID": 62206513928, "正式名称": "医療法人佐藤清医院　佐藤清医院", "機関区分": 2, "都道府県コード": 6, "市区町村コード": 201, "所在地": "山形県山形市五十鈴１−６−５６", "緯度": 38.270734, "経度": 140.353458, "url": "https://www.iryou.teikyouseido.mhlw.go.jp/znk-web/juminkanja/S2430/initialize?prefCd=06&kikanCd=2206513928&kikanKbn=2", "url2": null, "内容": "医療法人佐藤清医院　佐藤清医院【2:診療所】【診療科目:0】山形県山形市五十鈴１−６−５６" }, "geometry": { "type": "Point", "coordinates": [ 140.353458, 38.270734 ] } },
{ "type": "Feature", "properties": { "ID": 62206513957, "正式名称": "渋谷医院", "機関区分": 2, "都道府県コード": 6, "市区町村コード": 207, "所在地": "山形県上山市十日町７番３号", "緯度": 38.157745, "経度": 140.278084, "url": "https://www.iryou.teikyouseido.mhlw.go.jp/znk-web/juminkanja/S2430/initialize?prefCd=06&kikanCd=2206513957&kikanKbn=2", "url2": null, "内容": "渋谷医院【2:診療所】【診療科目:0】山形県上山市十日町７番３号" }, "geometry": { "type": "Point", "coordinates": [ 140.278084, 38.157745 ] } },
{ "type": "Feature", "properties": { "ID": 62206513973, "正式名称": "北村医院", "機関区分": 2, "都道府県コード": 6, "市区町村コード": 207, "所在地": "山形県上山市矢来３丁目７番３２の１４号", "緯度": 38.149945, "経度": 140.272571, "url": "https://www.iryou.teikyouseido.mhlw.go.jp/znk-web/juminkanja/S2430/initialize?prefCd=06&kikanCd=2206513973&kikanKbn=2", "url2": null, "内容": "北村医院【2:診療所】【診療科目:0】山形県上山市矢来３丁目７番３２の１４号" }, "geometry": { "type": "Point", "coordinates": [ 140.272571, 38.149945 ] } },
{ "type": "Feature", "properties": { "ID": 62206514000, "正式名称": "二瓶内科クリニック", "機関区分": 2, "都道府県コード": 6, "市区町村コード": 201, "所在地": "山形県山形市宮町", "緯度": 38.264304, "経度": 140.336721, "url": "https://www.iryou.teikyouseido.mhlw.go.jp/znk-web/juminkanja/S2430/initialize?prefCd=06&kikanCd=2206514000&kikanKbn=2", "url2": "http://www.nihei-clinic.com/", "内容": "二瓶内科クリニック【2:診療所】【診療科目:0】山形県山形市宮町" }, "geometry": { "type": "Point", "coordinates": [ 140.336721, 38.264304 ] } },
{ "type": "Feature", "properties": { "ID": 62206514013, "正式名称": "クリニックメルヘン", "機関区分": 2, "都道府県コード": 6, "市区町村コード": 301, "所在地": "山形県東村山郡山辺町大寺１１５２－４", "緯度": 38.307134, "経度": 140.265107, "url": "https://www.iryou.teikyouseido.mhlw.go.jp/znk-web/juminkanja/S2430/initialize?prefCd=06&kikanCd=2206514013&kikanKbn=2", "url2": "http://www.yuuaikai-yamagata.or.jp", "内容": "クリニックメルヘン【2:診療所】【診療科目:0】山形県東村山郡山辺町大寺１１５２－４" }, "geometry": { "type": "Point", "coordinates": [ 140.265107, 38.307134 ] } },
{ "type": "Feature", "properties": { "ID": 62206514026, "正式名称": "あさひ町榊原耳鼻咽喉科医院", "機関区分": 2, "都道府県コード": 6, "市区町村コード": 201, "所在地": "山形県山形市あさひ町", "緯度": 38.242232, "経度": 140.360631, "url": "https://www.iryou.teikyouseido.mhlw.go.jp/znk-web/juminkanja/S2430/initialize?prefCd=06&kikanCd=2206514026&kikanKbn=2", "url2": "http://sakakibara.clinic", "内容": "あさひ町榊原耳鼻咽喉科医院【2:診療所】【診療科目:0】山形県山形市あさひ町" }, "geometry": { "type": "Point", "coordinates": [ 140.360631, 38.242232 ] } },
{ "type": "Feature", "properties": { "ID": 62206514039, "正式名称": "ねもとクリニック", "機関区分": 2, "都道府県コード": 6, "市区町村コード": 201, "所在地": "山形県山形市小白川町４－８－１３", "緯度": 38.24641, "経度": 140.355812, "url": "https://www.iryou.teikyouseido.mhlw.go.jp/znk-web/juminkanja/S2430/initialize?prefCd=06&kikanCd=2206514039&kikanKbn=2", "url2": "https://nemoto-clinic.net/", "内容": "ねもとクリニック【2:診療所】【診療科目:0】山形県山形市小白川町４－８－１３" }, "geometry": { "type": "Point", "coordinates": [ 140.355812, 38.24641 ] } },
{ "type": "Feature", "properties": { "ID": 62206514042, "正式名称": "南原耳鼻咽喉科医院", "機関区分": 2, "都道府県コード": 6, "市区町村コード": 201, "所在地": "山形県山形市南原町三丁目１９－２６", "緯度": 38.233133, "経度": 140.341305, "url": "https://www.iryou.teikyouseido.mhlw.go.jp/znk-web/juminkanja/S2430/initialize?prefCd=06&kikanCd=2206514042&kikanKbn=2", "url2": null, "内容": "南原耳鼻咽喉科医院【2:診療所】【診療科目:0】山形県山形市南原町三丁目１９－２６" }, "geometry": { "type": "Point", "coordinates": [ 140.341305, 38.233133 ] } },
{ "type": "Feature", "properties": { "ID": 62206514068, "正式名称": "中村医院", "機関区分": 2, "都道府県コード": 6, "市区町村コード": 201, "所在地": "山形県山形市あかねヶ丘１−１−１", "緯度": 38.251775, "経度": 140.313882, "url": "https://www.iryou.teikyouseido.mhlw.go.jp/znk-web/juminkanja/S2430/initialize?prefCd=06&kikanCd=2206514068&kikanKbn=2", "url2": null, "内容": "中村医院【2:診療所】【診療科目:0】山形県山形市あかねヶ丘１−１−１" }, "geometry": { "type": "Point", "coordinates": [ 140.313882, 38.251775 ] } },
{ "type": "Feature", "properties": { "ID": 62206514071, "正式名称": "さいとう内科胃腸科クリニック", "機関区分": 2, "都道府県コード": 6, "市区町村コード": 210, "所在地": "山形県天童市南町２−１０−５", "緯度": 38.342864, "経度": 140.371378, "url": "https://www.iryou.teikyouseido.mhlw.go.jp/znk-web/juminkanja/S2430/initialize?prefCd=06&kikanCd=2206514071&kikanKbn=2", "url2": "https://saitonaika-cl.com", "内容": "さいとう内科胃腸科クリニック【2:診療所】【診療科目:0】山形県天童市南町２−１０−５" }, "geometry": { "type": "Point", "coordinates": [ 140.371378, 38.342864 ] } },
{ "type": "Feature", "properties": { "ID": 62206514101, "正式名称": "いそだ医院", "機関区分": 2, "都道府県コード": 6, "市区町村コード": 201, "所在地": "山形県山形市漆山２５７３－１", "緯度": 38.311469, "経度": 140.342862, "url": "https://www.iryou.teikyouseido.mhlw.go.jp/znk-web/juminkanja/S2430/initialize?prefCd=06&kikanCd=2206514101&kikanKbn=2", "url2": null, "内容": "いそだ医院【2:診療所】【診療科目:0】山形県山形市漆山２５７３－１" }, "geometry": { "type": "Point", "coordinates": [ 140.342862, 38.311469 ] } },
{ "type": "Feature", "properties": { "ID": 62206514114, "正式名称": "瑞穂医院", "機関区分": 2, "都道府県コード": 6, "市区町村コード": 210, "所在地": "山形県天童市大字高擶字東浦９４１−２", "緯度": 38.334242, "経度": 140.346116, "url": "https://www.iryou.teikyouseido.mhlw.go.jp/znk-web/juminkanja/S2430/initialize?prefCd=06&kikanCd=2206514114&kikanKbn=2", "url2": "http://www.mizuho-cl.com", "内容": "瑞穂医院【2:診療所】【診療科目:0】山形県天童市大字高擶字東浦９４１−２" }, "geometry": { "type": "Point", "coordinates": [ 140.346116, 38.334242 ] } },
{ "type": "Feature", "properties": { "ID": 62206520018, "正式名称": "あびこ耳鼻咽喉科クリニック", "機関区分": 2, "都道府県コード": 6, "市区町村コード": 206, "所在地": "山形県寒河江市南町２－１－１２", "緯度": 38.374181, "経度": 140.277656, "url": "https://www.iryou.teikyouseido.mhlw.go.jp/znk-web/juminkanja/S2430/initialize?prefCd=06&kikanCd=2206520018&kikanKbn=2", "url2": null, "内容": "あびこ耳鼻咽喉科クリニック【2:診療所】【診療科目:0】山形県寒河江市南町２－１－１２" }, "geometry": { "type": "Point", "coordinates": [ 140.277656, 38.374181 ] } },
{ "type": "Feature", "properties": { "ID": 62206520021, "正式名称": "あきば医院", "機関区分": 2, "都道府県コード": 6, "市区町村コード": 206, "所在地": "山形県寒河江市末広町２－３３", "緯度": 38.369973, "経度": 140.279301, "url": "https://www.iryou.teikyouseido.mhlw.go.jp/znk-web/juminkanja/S2430/initialize?prefCd=06&kikanCd=2206520021&kikanKbn=2", "url2": "http://www.akiba-iin.com", "内容": "あきば医院【2:診療所】【診療科目:0】山形県寒河江市末広町２－３３" }, "geometry": { "type": "Point", "coordinates": [ 140.279301, 38.369973 ] } },
{ "type": "Feature", "properties": { "ID": 62206520076, "正式名称": "菊地胃腸科内科医院", "機関区分": 2, "都道府県コード": 6, "市区町村コード": 206, "所在地": "山形県寒河江市中央１－１４－１１", "緯度": 38.382113, "経度": 140.278419, "url": "https://www.iryou.teikyouseido.mhlw.go.jp/znk-web/juminkanja/S2430/initialize?prefCd=06&kikanCd=2206520076&kikanKbn=2", "url2": "kikuchiclinic.net", "内容": "菊地胃腸科内科医院【2:診療所】【診療科目:0】山形県寒河江市中央１－１４－１１" }, "geometry": { "type": "Point", "coordinates": [ 140.278419, 38.382113 ] } },
{ "type": "Feature", "properties": { "ID": 62206520089, "正式名称": "熊坂整形外科医院", "機関区分": 2, "都道府県コード": 6, "市区町村コード": 206, "所在地": "山形県寒河江市栄町７－１１", "緯度": 38.368423, "経度": 140.277084, "url": "https://www.iryou.teikyouseido.mhlw.go.jp/znk-web/juminkanja/S2430/initialize?prefCd=06&kikanCd=2206520089&kikanKbn=2", "url2": null, "内容": "熊坂整形外科医院【2:診療所】【診療科目:0】山形県寒河江市栄町７－１１" }, "geometry": { "type": "Point", "coordinates": [ 140.277084, 38.368423 ] } },
{ "type": "Feature", "properties": { "ID": 62206520106, "正式名称": "医療法人小松医院", "機関区分": 2, "都道府県コード": 6, "市区町村コード": 206, "所在地": "山形県寒河江市本町２－１１－４３", "緯度": 38.378303, "経度": 140.277025, "url": "https://www.iryou.teikyouseido.mhlw.go.jp/znk-web/juminkanja/S2430/initialize?prefCd=06&kikanCd=2206520106&kikanKbn=2", "url2": null, "内容": "医療法人小松医院【2:診療所】【診療科目:0】山形県寒河江市本町２－１１－４３" }, "geometry": { "type": "Point", "coordinates": [ 140.277025, 38.378303 ] } },
{ "type": "Feature", "properties": { "ID": 62206520135, "正式名称": "寒河江武田内科往診クリニック", "機関区分": 2, "都道府県コード": 6, "市区町村コード": 206, "所在地": "山形県寒河江市中央１丁目１４番３６", "緯度": 38.381655, "経度": 140.278309, "url": "https://www.iryou.teikyouseido.mhlw.go.jp/znk-web/juminkanja/S2430/initialize?prefCd=06&kikanCd=2206520135&kikanKbn=2", "url2": null, "内容": "寒河江武田内科往診クリニック【2:診療所】【診療科目:0】山形県寒河江市中央１丁目１４番３６" }, "geometry": { "type": "Point", "coordinates": [ 140.278309, 38.381655 ] } },
{ "type": "Feature", "properties": { "ID": 62206520177, "正式名称": "豊岡整形外科", "機関区分": 2, "都道府県コード": 6, "市区町村コード": 206, "所在地": "山形県寒河江市中央１丁目１３番３１号", "緯度": 38.38238, "経度": 140.277108, "url": "https://www.iryou.teikyouseido.mhlw.go.jp/znk-web/juminkanja/S2430/initialize?prefCd=06&kikanCd=2206520177&kikanKbn=2", "url2": null, "内容": "豊岡整形外科【2:診療所】【診療科目:0】山形県寒河江市中央１丁目１３番３１号" }, "geometry": { "type": "Point", "coordinates": [ 140.277108, 38.38238 ] } },
{ "type": "Feature", "properties": { "ID": 62206520236, "正式名称": "渡辺外科胃腸科医院", "機関区分": 2, "都道府県コード": 6, "市区町村コード": 206, "所在地": "山形県寒河江市大字寒河江字小和田２５−１", "緯度": 38.375719, "経度": 140.268515, "url": "https://www.iryou.teikyouseido.mhlw.go.jp/znk-web/juminkanja/S2430/initialize?prefCd=06&kikanCd=2206520236&kikanKbn=2", "url2": null, "内容": "渡辺外科胃腸科医院【2:診療所】【診療科目:0】山形県寒河江市大字寒河江字小和田２５−１" }, "geometry": { "type": "Point", "coordinates": [ 140.268515, 38.375719 ] } },
{ "type": "Feature", "properties": { "ID": 62206520252, "正式名称": "横山耳鼻咽喉科医院", "機関区分": 2, "都道府県コード": 6, "市区町村コード": 206, "所在地": "山形県寒河江市元町１−２−１", "緯度": 38.372256, "経度": 140.274017, "url": "https://www.iryou.teikyouseido.mhlw.go.jp/znk-web/juminkanja/S2430/initialize?prefCd=06&kikanCd=2206520252&kikanKbn=2", "url2": null, "内容": "横山耳鼻咽喉科医院【2:診療所】【診療科目:0】山形県寒河江市元町１−２−１" }, "geometry": { "type": "Point", "coordinates": [ 140.274017, 38.372256 ] } },
{ "type": "Feature", "properties": { "ID": 62206520265, "正式名称": "医療法人土田内科医院", "機関区分": 2, "都道府県コード": 6, "市区町村コード": 206, "所在地": "山形県寒河江市元町２－４ー３", "緯度": 38.369206, "経度": 140.272828, "url": "https://www.iryou.teikyouseido.mhlw.go.jp/znk-web/juminkanja/S2430/initialize?prefCd=06&kikanCd=2206520265&kikanKbn=2", "url2": "https://www.tsuchidaclinic.com", "内容": "医療法人土田内科医院【2:診療所】【診療科目:0】山形県寒河江市元町２－４ー３" }, "geometry": { "type": "Point", "coordinates": [ 140.272828, 38.369206 ] } },
{ "type": "Feature", "properties": { "ID": 62206520353, "正式名称": "細谷醫院", "機関区分": 2, "都道府県コード": 6, "市区町村コード": 321, "所在地": "山形県西村山郡河北町谷地ひな市１－３－５", "緯度": 38.429254, "経度": 140.31635, "url": "https://www.iryou.teikyouseido.mhlw.go.jp/znk-web/juminkanja/S2430/initialize?prefCd=06&kikanCd=2206520353&kikanKbn=2", "url2": "http://bunanomori.info", "内容": "細谷醫院【2:診療所】【診療科目:0】山形県西村山郡河北町谷地ひな市１－３－５" }, "geometry": { "type": "Point", "coordinates": [ 140.31635, 38.429254 ] } },
{ "type": "Feature", "properties": { "ID": 62206520382, "正式名称": "和田医院", "機関区分": 2, "都道府県コード": 6, "市区町村コード": 321, "所在地": "山形県西村山郡河北町谷地甲２３９", "緯度": 38.429925, "経度": 140.307684, "url": "https://www.iryou.teikyouseido.mhlw.go.jp/znk-web/juminkanja/S2430/initialize?prefCd=06&kikanCd=2206520382&kikanKbn=2", "url2": null, "内容": "和田医院【2:診療所】【診療科目:0】山形県西村山郡河北町谷地甲２３９" }, "geometry": { "type": "Point", "coordinates": [ 140.307684, 38.429925 ] } },
{ "type": "Feature", "properties": { "ID": 62206520496, "正式名称": "西川町立大井沢診療所", "機関区分": 2, "都道府県コード": 6, "市区町村コード": 322, "所在地": "山形県西村山郡西川町大井沢８２２－１", "緯度": 38.385783, "経度": 139.992358, "url": "https://www.iryou.teikyouseido.mhlw.go.jp/znk-web/juminkanja/S2430/initialize?prefCd=06&kikanCd=2206520496&kikanKbn=2", "url2": null, "内容": "西川町立大井沢診療所【2:診療所】【診療科目:0】山形県西村山郡西川町大井沢８２２－１" }, "geometry": { "type": "Point", "coordinates": [ 139.992358, 38.385783 ] } },
{ "type": "Feature", "properties": { "ID": 62206520672, "正式名称": "鈴木内科医院", "機関区分": 2, "都道府県コード": 6, "市区町村コード": 321, "所在地": "山形県西村山郡河北町谷地中央２－６－６", "緯度": 38.420086, "経度": 140.314806, "url": "https://www.iryou.teikyouseido.mhlw.go.jp/znk-web/juminkanja/S2430/initialize?prefCd=06&kikanCd=2206520672&kikanKbn=2", "url2": null, "内容": "鈴木内科医院【2:診療所】【診療科目:0】山形県西村山郡河北町谷地中央２－６－６" }, "geometry": { "type": "Point", "coordinates": [ 140.314806, 38.420086 ] } },
{ "type": "Feature", "properties": { "ID": 62206520702, "正式名称": "斎藤医院", "機関区分": 2, "都道府県コード": 6, "市区町村コード": 321, "所在地": "山形県西村山郡河北町西里７５０−３", "緯度": 38.41756, "経度": 140.287039, "url": "https://www.iryou.teikyouseido.mhlw.go.jp/znk-web/juminkanja/S2430/initialize?prefCd=06&kikanCd=2206520702&kikanKbn=2", "url2": null, "内容": "斎藤医院【2:診療所】【診療科目:0】山形県西村山郡河北町西里７５０−３" }, "geometry": { "type": "Point", "coordinates": [ 140.287039, 38.41756 ] } },
{ "type": "Feature", "properties": { "ID": 62206520728, "正式名称": "山﨑医院", "機関区分": 2, "都道府県コード": 6, "市区町村コード": 206, "所在地": "山形県寒河江市丸内１−５−３０", "緯度": 38.374925, "経度": 140.281097, "url": "https://www.iryou.teikyouseido.mhlw.go.jp/znk-web/juminkanja/S2430/initialize?prefCd=06&kikanCd=2206520728&kikanKbn=2", "url2": null, "内容": "山﨑医院【2:診療所】【診療科目:0】山形県寒河江市丸内１−５−３０" }, "geometry": { "type": "Point", "coordinates": [ 140.281097, 38.374925 ] } },
{ "type": "Feature", "properties": { "ID": 62206520731, "正式名称": "白田医院", "機関区分": 2, "都道府県コード": 6, "市区町村コード": 324, "所在地": "山形県西村山郡大江町左沢１１８７", "緯度": 38.384536, "経度": 140.204779, "url": "https://www.iryou.teikyouseido.mhlw.go.jp/znk-web/juminkanja/S2430/initialize?prefCd=06&kikanCd=2206520731&kikanKbn=2", "url2": null, "内容": "白田医院【2:診療所】【診療科目:0】山形県西村山郡大江町左沢１１８７" }, "geometry": { "type": "Point", "coordinates": [ 140.204779, 38.384536 ] } },
{ "type": "Feature", "properties": { "ID": 62206520773, "正式名称": "浅野耳鼻咽喉科医院", "機関区分": 2, "都道府県コード": 6, "市区町村コード": 321, "所在地": "山形県西村山郡河北町谷地所岡３－２－９", "緯度": 38.432265, "経度": 140.31157, "url": "https://www.iryou.teikyouseido.mhlw.go.jp/znk-web/juminkanja/S2430/initialize?prefCd=06&kikanCd=2206520773&kikanKbn=2", "url2": "https://asano-orl.com", "内容": "浅野耳鼻咽喉科医院【2:診療所】【診療科目:0】山形県西村山郡河北町谷地所岡３－２－９" }, "geometry": { "type": "Point", "coordinates": [ 140.31157, 38.432265 ] } },
{ "type": "Feature", "properties": { "ID": 62206520786, "正式名称": "鈴木眼科", "機関区分": 2, "都道府県コード": 6, "市区町村コード": 206, "所在地": "山形県寒河江市中央１－１３－３５", "緯度": 38.381969, "経度": 140.277111, "url": "https://www.iryou.teikyouseido.mhlw.go.jp/znk-web/juminkanja/S2430/initialize?prefCd=06&kikanCd=2206520786&kikanKbn=2", "url2": "http://www.snma.or.jp/~suzukiganka/", "内容": "鈴木眼科【2:診療所】【診療科目:0】山形県寒河江市中央１－１３－３５" }, "geometry": { "type": "Point", "coordinates": [ 140.277111, 38.381969 ] } },
{ "type": "Feature", "properties": { "ID": 62206520799, "正式名称": "青木医院", "機関区分": 2, "都道府県コード": 6, "市区町村コード": 321, "所在地": "山形県西村山郡河北町西里５３９－７", "緯度": 38.415846, "経度": 140.286006, "url": "https://www.iryou.teikyouseido.mhlw.go.jp/znk-web/juminkanja/S2430/initialize?prefCd=06&kikanCd=2206520799&kikanKbn=2", "url2": null, "内容": "青木医院【2:診療所】【診療科目:0】山形県西村山郡河北町西里５３９－７" }, "geometry": { "type": "Point", "coordinates": [ 140.286006, 38.415846 ] } },
{ "type": "Feature", "properties": { "ID": 62206520803, "正式名称": "折居内科医院", "機関区分": 2, "都道府県コード": 6, "市区町村コード": 206, "所在地": "山形県寒河江市落衣前２－１", "緯度": 38.369992, "経度": 140.261927, "url": "https://www.iryou.teikyouseido.mhlw.go.jp/znk-web/juminkanja/S2430/initialize?prefCd=06&kikanCd=2206520803&kikanKbn=2", "url2": "http://www.snma.or.jp/~orii/", "内容": "折居内科医院【2:診療所】【診療科目:0】山形県寒河江市落衣前２－１" }, "geometry": { "type": "Point", "coordinates": [ 140.261927, 38.369992 ] } },
{ "type": "Feature", "properties": { "ID": 62206520816, "正式名称": "平野医院", "機関区分": 2, "都道府県コード": 6, "市区町村コード": 206, "所在地": "山形県寒河江市小沼町", "緯度": 38.37092, "経度": 140.283489, "url": "https://www.iryou.teikyouseido.mhlw.go.jp/znk-web/juminkanja/S2430/initialize?prefCd=06&kikanCd=2206520816&kikanKbn=2", "url2": null, "内容": "平野医院【2:診療所】【診療科目:0】山形県寒河江市小沼町" }, "geometry": { "type": "Point", "coordinates": [ 140.283489, 38.37092 ] } },
{ "type": "Feature", "properties": { "ID": 62206520829, "正式名称": "多田医院", "機関区分": 2, "都道府県コード": 6, "市区町村コード": 323, "所在地": "山形県西村山郡朝日町宮宿２３０５－２", "緯度": 38.299335, "経度": 140.148805, "url": "https://www.iryou.teikyouseido.mhlw.go.jp/znk-web/juminkanja/S2430/initialize?prefCd=06&kikanCd=2206520829&kikanKbn=2", "url2": null, "内容": "多田医院【2:診療所】【診療科目:0】山形県西村山郡朝日町宮宿２３０５－２" }, "geometry": { "type": "Point", "coordinates": [ 140.148805, 38.299335 ] } },
{ "type": "Feature", "properties": { "ID": 62206520832, "正式名称": "医療法人社団緑星会国井クリニック", "機関区分": 2, "都道府県コード": 6, "市区町村コード": 206, "所在地": "山形県寒河江市大字中郷１４５０−１", "緯度": 38.372058, "経度": 140.221465, "url": "https://www.iryou.teikyouseido.mhlw.go.jp/znk-web/juminkanja/S2430/initialize?prefCd=06&kikanCd=2206520832&kikanKbn=2", "url2": "http://www.kunii-c.jp", "内容": "医療法人社団緑星会国井クリニック【2:診療所】【診療科目:0】山形県寒河江市大字中郷１４５０−１" }, "geometry": { "type": "Point", "coordinates": [ 140.221465, 38.372058 ] } },
{ "type": "Feature", "properties": { "ID": 62206520845, "正式名称": "大原医院", "機関区分": 2, "都道府県コード": 6, "市区町村コード": 206, "所在地": "山形県寒河江市西根字下堰５０９", "緯度": 38.392118, "経度": 140.279191, "url": "https://www.iryou.teikyouseido.mhlw.go.jp/znk-web/juminkanja/S2430/initialize?prefCd=06&kikanCd=2206520845&kikanKbn=2", "url2": "http://sagae-ooharaclinic.org", "内容": "大原医院【2:診療所】【診療科目:0】山形県寒河江市西根字下堰５０９" }, "geometry": { "type": "Point", "coordinates": [ 140.279191, 38.392118 ] } },
{ "type": "Feature", "properties": { "ID": 62206520858, "正式名称": "三浦医院", "機関区分": 2, "都道府県コード": 6, "市区町村コード": 206, "所在地": "山形県寒河江市柴橋７１８－１", "緯度": 38.380235, "経度": 140.247105, "url": "https://www.iryou.teikyouseido.mhlw.go.jp/znk-web/juminkanja/S2430/initialize?prefCd=06&kikanCd=2206520858&kikanKbn=2", "url2": null, "内容": "三浦医院【2:診療所】【診療科目:0】山形県寒河江市柴橋７１８－１" }, "geometry": { "type": "Point", "coordinates": [ 140.247105, 38.380235 ] } },
{ "type": "Feature", "properties": { "ID": 62206520890, "正式名称": "にとう小児科医院", "機関区分": 2, "都道府県コード": 6, "市区町村コード": 206, "所在地": "山形県寒河江市元町３－８－９", "緯度": 38.369984, "経度": 140.267754, "url": "https://www.iryou.teikyouseido.mhlw.go.jp/znk-web/juminkanja/S2430/initialize?prefCd=06&kikanCd=2206520890&kikanKbn=2", "url2": null, "内容": "にとう小児科医院【2:診療所】【診療科目:0】山形県寒河江市元町３－８－９" }, "geometry": { "type": "Point", "coordinates": [ 140.267754, 38.369984 ] } },
{ "type": "Feature", "properties": { "ID": 62206520904, "正式名称": "工藤内科医院", "機関区分": 2, "都道府県コード": 6, "市区町村コード": 321, "所在地": "山形県西村山郡河北町溝延字西浦１２－１", "緯度": 38.39604, "経度": 140.306419, "url": "https://www.iryou.teikyouseido.mhlw.go.jp/znk-web/juminkanja/S2430/initialize?prefCd=06&kikanCd=2206520904&kikanKbn=2", "url2": "http://www.myclinic.ne.jp/kukutoto/pc/", "内容": "工藤内科医院【2:診療所】【診療科目:0】山形県西村山郡河北町溝延字西浦１２－１" }, "geometry": { "type": "Point", "coordinates": [ 140.306419, 38.39604 ] } },
{ "type": "Feature", "properties": { "ID": 62206520917, "正式名称": "さとうクリニック", "機関区分": 2, "都道府県コード": 6, "市区町村コード": 206, "所在地": "山形県寒河江市大字日田字五反", "緯度": 38.372893, "経度": 140.295534, "url": "https://www.iryou.teikyouseido.mhlw.go.jp/znk-web/juminkanja/S2430/initialize?prefCd=06&kikanCd=2206520917&kikanKbn=2", "url2": "http://www.citydo.com/sp/0237-83-3300", "内容": "さとうクリニック【2:診療所】【診療科目:0】山形県寒河江市大字日田字五反" }, "geometry": { "type": "Point", "coordinates": [ 140.295534, 38.372893 ] } },
{ "type": "Feature", "properties": { "ID": 62206520946, "正式名称": "谷地整形外科クリニック", "機関区分": 2, "都道府県コード": 6, "市区町村コード": 321, "所在地": "山形県西村山郡河北町谷地中央４−６−６", "緯度": 38.416583, "経度": 140.311462, "url": "https://www.iryou.teikyouseido.mhlw.go.jp/znk-web/juminkanja/S2430/initialize?prefCd=06&kikanCd=2206520946&kikanKbn=2", "url2": null, "内容": "谷地整形外科クリニック【2:診療所】【診療科目:0】山形県西村山郡河北町谷地中央４−６−６" }, "geometry": { "type": "Point", "coordinates": [ 140.311462, 38.416583 ] } },
{ "type": "Feature", "properties": { "ID": 62206520959, "正式名称": "医療法人社団修明会小林医院", "機関区分": 2, "都道府県コード": 6, "市区町村コード": 321, "所在地": "山形県西村山郡河北町谷地中央３－９－９", "緯度": 38.416325, "経度": 140.312562, "url": "https://www.iryou.teikyouseido.mhlw.go.jp/znk-web/juminkanja/S2430/initialize?prefCd=06&kikanCd=2206520959&kikanKbn=2", "url2": null, "内容": "医療法人社団修明会小林医院【2:診療所】【診療科目:0】山形県西村山郡河北町谷地中央３－９－９" }, "geometry": { "type": "Point", "coordinates": [ 140.312562, 38.416325 ] } },
{ "type": "Feature", "properties": { "ID": 62206520962, "正式名称": "板坂医院", "機関区分": 2, "都道府県コード": 6, "市区町村コード": 321, "所在地": "山形県西村山郡河北町谷地甲２１７", "緯度": 38.424452, "経度": 140.311176, "url": "https://www.iryou.teikyouseido.mhlw.go.jp/znk-web/juminkanja/S2430/initialize?prefCd=06&kikanCd=2206520962&kikanKbn=2", "url2": null, "内容": "板坂医院【2:診療所】【診療科目:0】山形県西村山郡河北町谷地甲２１７" }, "geometry": { "type": "Point", "coordinates": [ 140.311176, 38.424452 ] } },
{ "type": "Feature", "properties": { "ID": 62206520988, "正式名称": "西川町立小山診療所", "機関区分": 2, "都道府県コード": 6, "市区町村コード": 322, "所在地": "山形県西村山郡西川町入間１６３７－２", "緯度": 38.411579, "経度": 140.056919, "url": "https://www.iryou.teikyouseido.mhlw.go.jp/znk-web/juminkanja/S2430/initialize?prefCd=06&kikanCd=2206520988&kikanKbn=2", "url2": null, "内容": "西川町立小山診療所【2:診療所】【診療科目:0】山形県西村山郡西川町入間１６３７－２" }, "geometry": { "type": "Point", "coordinates": [ 140.056919, 38.411579 ] } },
{ "type": "Feature", "properties": { "ID": 62206530053, "正式名称": "小室医院", "機関区分": 2, "都道府県コード": 6, "市区町村コード": 208, "所在地": "山形県村山市本飯田５８４番地", "緯度": 38.532992, "経度": 140.396926, "url": "https://www.iryou.teikyouseido.mhlw.go.jp/znk-web/juminkanja/S2430/initialize?prefCd=06&kikanCd=2206530053&kikanKbn=2", "url2": null, "内容": "小室医院【2:診療所】【診療科目:0】山形県村山市本飯田５８４番地" }, "geometry": { "type": "Point", "coordinates": [ 140.396926, 38.532992 ] } },
{ "type": "Feature", "properties": { "ID": 62206530095, "正式名称": "高橋内科・神経科医院", "機関区分": 2, "都道府県コード": 6, "市区町村コード": 208, "所在地": "山形県村山市楯岡荒町一丁目７−６", "緯度": 38.478783, "経度": 140.393149, "url": "https://www.iryou.teikyouseido.mhlw.go.jp/znk-web/juminkanja/S2430/initialize?prefCd=06&kikanCd=2206530095&kikanKbn=2", "url2": null, "内容": "高橋内科・神経科医院【2:診療所】【診療科目:0】山形県村山市楯岡荒町一丁目７−６" }, "geometry": { "type": "Point", "coordinates": [ 140.393149, 38.478783 ] } },
{ "type": "Feature", "properties": { "ID": 62206530183, "正式名称": "八鍬医院", "機関区分": 2, "都道府県コード": 6, "市区町村コード": 208, "所在地": "山形県村山市楯岡新高田", "緯度": 38.48488, "経度": 140.38761, "url": "https://www.iryou.teikyouseido.mhlw.go.jp/znk-web/juminkanja/S2430/initialize?prefCd=06&kikanCd=2206530183&kikanKbn=2", "url2": "http://www.yakuwa.or.jp", "内容": "八鍬医院【2:診療所】【診療科目:0】山形県村山市楯岡新高田" }, "geometry": { "type": "Point", "coordinates": [ 140.38761, 38.48488 ] } },
{ "type": "Feature", "properties": { "ID": 62206530200, "正式名称": "菅クリニック", "機関区分": 2, "都道府県コード": 6, "市区町村コード": 211, "所在地": "山形県東根市三日町４丁目１番３０号", "緯度": 38.443453, "経度": 140.395576, "url": "https://www.iryou.teikyouseido.mhlw.go.jp/znk-web/juminkanja/S2430/initialize?prefCd=06&kikanCd=2206530200&kikanKbn=2", "url2": "https://www.kanclinic1.com", "内容": "菅クリニック【2:診療所】【診療科目:0】山形県東根市三日町４丁目１番３０号" }, "geometry": { "type": "Point", "coordinates": [ 140.395576, 38.443453 ] } },
{ "type": "Feature", "properties": { "ID": 62206530213, "正式名称": "大沼医院", "機関区分": 2, "都道府県コード": 6, "市区町村コード": 211, "所在地": "山形県東根市神町中央１ー１１ー１８", "緯度": 38.409576, "経度": 140.380634, "url": "https://www.iryou.teikyouseido.mhlw.go.jp/znk-web/juminkanja/S2430/initialize?prefCd=06&kikanCd=2206530213&kikanKbn=2", "url2": "http://www.oonuma-iin.com/", "内容": "大沼医院【2:診療所】【診療科目:0】山形県東根市神町中央１ー１１ー１８" }, "geometry": { "type": "Point", "coordinates": [ 140.380634, 38.409576 ] } },
{ "type": "Feature", "properties": { "ID": 62206530297, "正式名称": "藤田医院", "機関区分": 2, "都道府県コード": 6, "市区町村コード": 211, "所在地": "山形県東根市六田１−１−３５", "緯度": 38.436984, "経度": 140.382679, "url": "https://www.iryou.teikyouseido.mhlw.go.jp/znk-web/juminkanja/S2430/initialize?prefCd=06&kikanCd=2206530297&kikanKbn=2", "url2": "http://www.citydo.com/sp/0237-42-0256", "内容": "藤田医院【2:診療所】【診療科目:0】山形県東根市六田１−１−３５" }, "geometry": { "type": "Point", "coordinates": [ 140.382679, 38.436984 ] } },
{ "type": "Feature", "properties": { "ID": 62206530314, "正式名称": "三浦医院", "機関区分": 2, "都道府県コード": 6, "市区町村コード": 211, "所在地": "山形県東根市本丸南１－８－２", "緯度": 38.44092, "経度": 140.400489, "url": "https://www.iryou.teikyouseido.mhlw.go.jp/znk-web/juminkanja/S2430/initialize?prefCd=06&kikanCd=2206530314&kikanKbn=2", "url2": null, "内容": "三浦医院【2:診療所】【診療科目:0】山形県東根市本丸南１－８－２" }, "geometry": { "type": "Point", "coordinates": [ 140.400489, 38.44092 ] } },
{ "type": "Feature", "properties": { "ID": 62206530529, "正式名称": "尾花沢市中央診療所", "機関区分": 2, "都道府県コード": 6, "市区町村コード": 212, "所在地": "山形県尾花沢市新町３－２－２０", "緯度": 38.603863, "経度": 140.413551, "url": "https://www.iryou.teikyouseido.mhlw.go.jp/znk-web/juminkanja/S2430/initialize?prefCd=06&kikanCd=2206530529&kikanKbn=2", "url2": "http://www.city.obanazawa.yamagata.jp/96.html", "内容": "尾花沢市中央診療所【2:診療所】【診療科目:0】山形県尾花沢市新町３－２－２０" }, "geometry": { "type": "Point", "coordinates": [ 140.413551, 38.603863 ] } },
{ "type": "Feature", "properties": { "ID": 62206530545, "正式名称": "吾妻クリニック", "機関区分": 2, "都道府県コード": 6, "市区町村コード": 341, "所在地": "山形県北村山郡大石田町大石田甲９３－４", "緯度": 38.590503, "経度": 140.372027, "url": "https://www.iryou.teikyouseido.mhlw.go.jp/znk-web/juminkanja/S2430/initialize?prefCd=06&kikanCd=2206530545&kikanKbn=2", "url2": null, "内容": "吾妻クリニック【2:診療所】【診療科目:0】山形県北村山郡大石田町大石田甲９３－４" }, "geometry": { "type": "Point", "coordinates": [ 140.372027, 38.590503 ] } },
{ "type": "Feature", "properties": { "ID": 62206530561, "正式名称": "後藤医院", "機関区分": 2, "都道府県コード": 6, "市区町村コード": 341, "所在地": "山形県北村山郡大石田町大字大石田乙９４", "緯度": 38.589456, "経度": 140.370522, "url": "https://www.iryou.teikyouseido.mhlw.go.jp/znk-web/juminkanja/S2430/initialize?prefCd=06&kikanCd=2206530561&kikanKbn=2", "url2": null, "内容": "後藤医院【2:診療所】【診療科目:0】山形県北村山郡大石田町大字大石田乙９４" }, "geometry": { "type": "Point", "coordinates": [ 140.370522, 38.589456 ] } },
{ "type": "Feature", "properties": { "ID": 62206530574, "正式名称": "医療法人福笑会清治医院", "機関区分": 2, "都道府県コード": 6, "市区町村コード": 212, "所在地": "山形県尾花沢市上町６−３−１５", "緯度": 38.602824, "経度": 140.40043, "url": "https://www.iryou.teikyouseido.mhlw.go.jp/znk-web/juminkanja/S2430/initialize?prefCd=06&kikanCd=2206530574&kikanKbn=2", "url2": null, "内容": "医療法人福笑会清治医院【2:診療所】【診療科目:0】山形県尾花沢市上町６−３−１５" }, "geometry": { "type": "Point", "coordinates": [ 140.40043, 38.602824 ] } },
{ "type": "Feature", "properties": { "ID": 62206530590, "正式名称": "鈴木内科医院", "機関区分": 2, "都道府県コード": 6, "市区町村コード": 208, "所在地": "山形県村山市楯岡新町３−２４−３", "緯度": 38.474239, "経度": 140.391863, "url": "https://www.iryou.teikyouseido.mhlw.go.jp/znk-web/juminkanja/S2430/initialize?prefCd=06&kikanCd=2206530590&kikanKbn=2", "url2": null, "内容": "鈴木内科医院【2:診療所】【診療科目:0】山形県村山市楯岡新町３−２４−３" }, "geometry": { "type": "Point", "coordinates": [ 140.391863, 38.474239 ] } },
{ "type": "Feature", "properties": { "ID": 62206530617, "正式名称": "はんだクリニック", "機関区分": 2, "都道府県コード": 6, "市区町村コード": 208, "所在地": "山形県村山市楯岡新町２－７－１７", "緯度": 38.475667, "経度": 140.390871, "url": "https://www.iryou.teikyouseido.mhlw.go.jp/znk-web/juminkanja/S2430/initialize?prefCd=06&kikanCd=2206530617&kikanKbn=2", "url2": "http://www.handa-c.jp", "内容": "はんだクリニック【2:診療所】【診療科目:0】山形県村山市楯岡新町２－７－１７" }, "geometry": { "type": "Point", "coordinates": [ 140.390871, 38.475667 ] } },
{ "type": "Feature", "properties": { "ID": 62206530633, "正式名称": "三浦皮膚科医院", "機関区分": 2, "都道府県コード": 6, "市区町村コード": 208, "所在地": "山形県村山市駅西", "緯度": 38.476579, "経度": 140.384378, "url": "https://www.iryou.teikyouseido.mhlw.go.jp/znk-web/juminkanja/S2430/initialize?prefCd=06&kikanCd=2206530633&kikanKbn=2", "url2": null, "内容": "三浦皮膚科医院【2:診療所】【診療科目:0】山形県村山市駅西" }, "geometry": { "type": "Point", "coordinates": [ 140.384378, 38.476579 ] } },
{ "type": "Feature", "properties": { "ID": 62206530675, "正式名称": "伊藤クリニック", "機関区分": 2, "都道府県コード": 6, "市区町村コード": 212, "所在地": "山形県尾花沢市若葉町", "緯度": 38.60015, "経度": 140.406785, "url": "https://www.iryou.teikyouseido.mhlw.go.jp/znk-web/juminkanja/S2430/initialize?prefCd=06&kikanCd=2206530675&kikanKbn=2", "url2": null, "内容": "伊藤クリニック【2:診療所】【診療科目:0】山形県尾花沢市若葉町" }, "geometry": { "type": "Point", "coordinates": [ 140.406785, 38.60015 ] } },
{ "type": "Feature", "properties": { "ID": 62206530688, "正式名称": "いとう内科クリニック", "機関区分": 2, "都道府県コード": 6, "市区町村コード": 211, "所在地": "山形県東根市神町北１－３－４１", "緯度": 38.415727, "経度": 140.38047, "url": "https://www.iryou.teikyouseido.mhlw.go.jp/znk-web/juminkanja/S2430/initialize?prefCd=06&kikanCd=2206530688&kikanKbn=2", "url2": "http://ito-clinic.main.jp", "内容": "いとう内科クリニック【2:診療所】【診療科目:0】山形県東根市神町北１－３－４１" }, "geometry": { "type": "Point", "coordinates": [ 140.38047, 38.415727 ] } },
{ "type": "Feature", "properties": { "ID": 62206530763, "正式名称": "後藤眼科医院", "機関区分": 2, "都道府県コード": 6, "市区町村コード": 211, "所在地": "山形県東根市大森", "緯度": 38.430024, "経度": 140.388849, "url": "https://www.iryou.teikyouseido.mhlw.go.jp/znk-web/juminkanja/S2430/initialize?prefCd=06&kikanCd=2206530763&kikanKbn=2", "url2": "http://www8.plala.or.jp/gotou-ganka/index.html", "内容": "後藤眼科医院【2:診療所】【診療科目:0】山形県東根市大森" }, "geometry": { "type": "Point", "coordinates": [ 140.388849, 38.430024 ] } },
{ "type": "Feature", "properties": { "ID": 62206530835, "正式名称": "宮崎外科胃腸科クリニック", "機関区分": 2, "都道府県コード": 6, "市区町村コード": 211, "所在地": "山形県東根市宮崎１－３－３０", "緯度": 38.445331, "経度": 140.387565, "url": "https://www.iryou.teikyouseido.mhlw.go.jp/znk-web/juminkanja/S2430/initialize?prefCd=06&kikanCd=2206530835&kikanKbn=2", "url2": "https://www.miyazakigeka-ichokaclinic.jp/", "内容": "宮崎外科胃腸科クリニック【2:診療所】【診療科目:0】山形県東根市宮崎１－３－３０" }, "geometry": { "type": "Point", "coordinates": [ 140.387565, 38.445331 ] } },
{ "type": "Feature", "properties": { "ID": 62206530848, "正式名称": "村山市休日診療所", "機関区分": 2, "都道府県コード": 6, "市区町村コード": 208, "所在地": "山形県村山市中央１−３−６　保健センター内", "緯度": 38.483783, "経度": 140.381249, "url": "https://www.iryou.teikyouseido.mhlw.go.jp/znk-web/juminkanja/S2430/initialize?prefCd=06&kikanCd=2206530848&kikanKbn=2", "url2": "http://www.city.murayama.lg.jp", "内容": "村山市休日診療所【2:診療所】【診療科目:0】山形県村山市中央１−３−６　保健センター内" }, "geometry": { "type": "Point", "coordinates": [ 140.381249, 38.483783 ] } },
{ "type": "Feature", "properties": { "ID": 62206530877, "正式名称": "朝日町立北部診療所", "機関区分": 2, "都道府県コード": 6, "市区町村コード": 323, "所在地": "山形県西村山郡朝日町大谷１６３１番地", "緯度": 38.344606, "経度": 140.166266, "url": "https://www.iryou.teikyouseido.mhlw.go.jp/znk-web/juminkanja/S2430/initialize?prefCd=06&kikanCd=2206530877&kikanKbn=2", "url2": null, "内容": "朝日町立北部診療所【2:診療所】【診療科目:0】山形県西村山郡朝日町大谷１６３１番地" }, "geometry": { "type": "Point", "coordinates": [ 140.166266, 38.344606 ] } },
{ "type": "Feature", "properties": { "ID": 62206530880, "正式名称": "池澤内科クリニック", "機関区分": 2, "都道府県コード": 6, "市区町村コード": 201, "所在地": "山形県山形市松山１－１－１０５", "緯度": 38.234338, "経度": 140.344369, "url": "https://www.iryou.teikyouseido.mhlw.go.jp/znk-web/juminkanja/S2430/initialize?prefCd=06&kikanCd=2206530880&kikanKbn=2", "url2": null, "内容": "池澤内科クリニック【2:診療所】【診療科目:0】山形県山形市松山１－１－１０５" }, "geometry": { "type": "Point", "coordinates": [ 140.344369, 38.234338 ] } },
{ "type": "Feature", "properties": { "ID": 62206530907, "正式名称": "小野内科胃腸科クリニック", "機関区分": 2, "都道府県コード": 6, "市区町村コード": 208, "所在地": "山形県村山市楯岡五日町１４－２５", "緯度": 38.479936, "経度": 140.387285, "url": "https://www.iryou.teikyouseido.mhlw.go.jp/znk-web/juminkanja/S2430/initialize?prefCd=06&kikanCd=2206530907&kikanKbn=2", "url2": "www.ono-clinic.org.", "内容": "小野内科胃腸科クリニック【2:診療所】【診療科目:0】山形県村山市楯岡五日町１４－２５" }, "geometry": { "type": "Point", "coordinates": [ 140.387285, 38.479936 ] } },
{ "type": "Feature", "properties": { "ID": 62206530910, "正式名称": "安達クリニック", "機関区分": 2, "都道府県コード": 6, "市区町村コード": 211, "所在地": "山形県東根市泉郷６２５－１", "緯度": 38.422817, "経度": 140.415201, "url": "https://www.iryou.teikyouseido.mhlw.go.jp/znk-web/juminkanja/S2430/initialize?prefCd=06&kikanCd=2206530910&kikanKbn=2", "url2": null, "内容": "安達クリニック【2:診療所】【診療科目:0】山形県東根市泉郷６２５－１" }, "geometry": { "type": "Point", "coordinates": [ 140.415201, 38.422817 ] } },
{ "type": "Feature", "properties": { "ID": 62206530936, "正式名称": "田中利治皮フ科", "機関区分": 2, "都道府県コード": 6, "市区町村コード": 201, "所在地": "山形県山形市篭田１−１４−３０", "緯度": 38.240196, "経度": 140.319993, "url": "https://www.iryou.teikyouseido.mhlw.go.jp/znk-web/juminkanja/S2430/initialize?prefCd=06&kikanCd=2206530936&kikanKbn=2", "url2": null, "内容": "田中利治皮フ科【2:診療所】【診療科目:0】山形県山形市篭田１−１４−３０" }, "geometry": { "type": "Point", "coordinates": [ 140.319993, 38.240196 ] } },
{ "type": "Feature", "properties": { "ID": 62206530949, "正式名称": "医療法人社団横山クリニック", "機関区分": 2, "都道府県コード": 6, "市区町村コード": 201, "所在地": "山形県山形市荒楯町二丁目２０−２１", "緯度": 38.231758, "経度": 140.337011, "url": "https://www.iryou.teikyouseido.mhlw.go.jp/znk-web/juminkanja/S2430/initialize?prefCd=06&kikanCd=2206530949&kikanKbn=2", "url2": "https://yokoyama-clinic.mobi", "内容": "医療法人社団横山クリニック【2:診療所】【診療科目:0】山形県山形市荒楯町二丁目２０−２１" }, "geometry": { "type": "Point", "coordinates": [ 140.337011, 38.231758 ] } },
{ "type": "Feature", "properties": { "ID": 62206530981, "正式名称": "すみや眼科クリニック", "機関区分": 2, "都道府県コード": 6, "市区町村コード": 321, "所在地": "山形県西村山郡河北町谷地中央４－５－１", "緯度": 38.418172, "経度": 140.31179, "url": "https://www.iryou.teikyouseido.mhlw.go.jp/znk-web/juminkanja/S2430/initialize?prefCd=06&kikanCd=2206530981&kikanKbn=2", "url2": null, "内容": "すみや眼科クリニック【2:診療所】【診療科目:0】山形県西村山郡河北町谷地中央４－５－１" }, "geometry": { "type": "Point", "coordinates": [ 140.31179, 38.418172 ] } },
{ "type": "Feature", "properties": { "ID": 62206530994, "正式名称": "わたなべ耳鼻咽喉科クリニック", "機関区分": 2, "都道府県コード": 6, "市区町村コード": 201, "所在地": "山形県山形市城西町４－５－１９", "緯度": 38.260052, "経度": 140.323181, "url": "https://www.iryou.teikyouseido.mhlw.go.jp/znk-web/juminkanja/S2430/initialize?prefCd=06&kikanCd=2206530994&kikanKbn=2", "url2": "https://watanabe-jibika.jp", "内容": "わたなべ耳鼻咽喉科クリニック【2:診療所】【診療科目:0】山形県山形市城西町４－５－１９" }, "geometry": { "type": "Point", "coordinates": [ 140.323181, 38.260052 ] } },
{ "type": "Feature", "properties": { "ID": 62206531005, "正式名称": "社会医療法人松柏会至誠堂とかみクリニック", "機関区分": 2, "都道府県コード": 6, "市区町村コード": 201, "所在地": "山形県山形市富神前４８－５", "緯度": 38.237988, "経度": 140.262596, "url": "https://www.iryou.teikyouseido.mhlw.go.jp/znk-web/juminkanja/S2430/initialize?prefCd=06&kikanCd=2206531005&kikanKbn=2", "url2": null, "内容": "社会医療法人松柏会至誠堂とかみクリニック【2:診療所】【診療科目:0】山形県山形市富神前４８－５" }, "geometry": { "type": "Point", "coordinates": [ 140.262596, 38.237988 ] } },
{ "type": "Feature", "properties": { "ID": 62206531021, "正式名称": "吉井内科胃腸科クリニック", "機関区分": 2, "都道府県コード": 6, "市区町村コード": 207, "所在地": "山形県上山市金生東", "緯度": 38.144669, "経度": 140.285387, "url": "https://www.iryou.teikyouseido.mhlw.go.jp/znk-web/juminkanja/S2430/initialize?prefCd=06&kikanCd=2206531021&kikanKbn=2", "url2": null, "内容": "吉井内科胃腸科クリニック【2:診療所】【診療科目:0】山形県上山市金生東" }, "geometry": { "type": "Point", "coordinates": [ 140.285387, 38.144669 ] } },
{ "type": "Feature", "properties": { "ID": 62206531063, "正式名称": "つばさ皮膚科", "機関区分": 2, "都道府県コード": 6, "市区町村コード": 211, "所在地": "山形県東根市中央３－２－２１", "緯度": 38.434868, "経度": 140.389598, "url": "https://www.iryou.teikyouseido.mhlw.go.jp/znk-web/juminkanja/S2430/initialize?prefCd=06&kikanCd=2206531063&kikanKbn=2", "url2": "https://www.tsubasa-hifuka.com", "内容": "つばさ皮膚科【2:診療所】【診療科目:0】山形県東根市中央３－２－２１" }, "geometry": { "type": "Point", "coordinates": [ 140.389598, 38.434868 ] } },
{ "type": "Feature", "properties": { "ID": 62206531076, "正式名称": "山本内科医院", "機関区分": 2, "都道府県コード": 6, "市区町村コード": 211, "所在地": "山形県東根市中央４－５－２４", "緯度": 38.435071, "経度": 140.392398, "url": "https://www.iryou.teikyouseido.mhlw.go.jp/znk-web/juminkanja/S2430/initialize?prefCd=06&kikanCd=2206531076&kikanKbn=2", "url2": "http://www.yamamoto-naika.net/", "内容": "山本内科医院【2:診療所】【診療科目:0】山形県東根市中央４－５－２４" }, "geometry": { "type": "Point", "coordinates": [ 140.392398, 38.435071 ] } },
{ "type": "Feature", "properties": { "ID": 62206531089, "正式名称": "ひがしたに小児科", "機関区分": 2, "都道府県コード": 6, "市区町村コード": 210, "所在地": "山形県天童市南町三丁目１番２４号", "緯度": 38.343913, "経度": 140.368623, "url": "https://www.iryou.teikyouseido.mhlw.go.jp/znk-web/juminkanja/S2430/initialize?prefCd=06&kikanCd=2206531089&kikanKbn=2", "url2": "https://higashitani-ped.com", "内容": "ひがしたに小児科【2:診療所】【診療科目:0】山形県天童市南町三丁目１番２４号" }, "geometry": { "type": "Point", "coordinates": [ 140.368623, 38.343913 ] } },
{ "type": "Feature", "properties": { "ID": 62206531092, "正式名称": "西バイパスひとみ整形外科", "機関区分": 2, "都道府県コード": 6, "市区町村コード": 201, "所在地": "山形県山形市砂塚１２−８", "緯度": 38.259218, "経度": 140.310379, "url": "https://www.iryou.teikyouseido.mhlw.go.jp/znk-web/juminkanja/S2430/initialize?prefCd=06&kikanCd=2206531092&kikanKbn=2", "url2": null, "内容": "西バイパスひとみ整形外科【2:診療所】【診療科目:0】山形県山形市砂塚１２−８" }, "geometry": { "type": "Point", "coordinates": [ 140.310379, 38.259218 ] } },
{ "type": "Feature", "properties": { "ID": 62206531106, "正式名称": "横田耳鼻咽喉科医院", "機関区分": 2, "都道府県コード": 6, "市区町村コード": 201, "所在地": "山形県山形市桜田東２−１０−４０", "緯度": 38.220486, "経度": 140.322285, "url": "https://www.iryou.teikyouseido.mhlw.go.jp/znk-web/juminkanja/S2430/initialize?prefCd=06&kikanCd=2206531106&kikanKbn=2", "url2": "https://jibika-sakuradahigashi.com/", "内容": "横田耳鼻咽喉科医院【2:診療所】【診療科目:0】山形県山形市桜田東２−１０−４０" }, "geometry": { "type": "Point", "coordinates": [ 140.322285, 38.220486 ] } },
{ "type": "Feature", "properties": { "ID": 62206531180, "正式名称": "柴田内科循環器科クリニック", "機関区分": 2, "都道府県コード": 6, "市区町村コード": 211, "所在地": "山形県東根市一本木２−４−２５", "緯度": 38.422652, "経度": 140.386258, "url": "https://www.iryou.teikyouseido.mhlw.go.jp/znk-web/juminkanja/S2430/initialize?prefCd=06&kikanCd=2206531180&kikanKbn=2", "url2": "https://shibata-cl.jp", "内容": "柴田内科循環器科クリニック【2:診療所】【診療科目:0】山形県東根市一本木２−４−２５" }, "geometry": { "type": "Point", "coordinates": [ 140.386258, 38.422652 ] } },
{ "type": "Feature", "properties": { "ID": 62206531193, "正式名称": "こころのクリニック山形", "機関区分": 2, "都道府県コード": 6, "市区町村コード": 201, "所在地": "山形県山形市江俣４丁目１８－２６", "緯度": 38.278053, "経度": 140.317637, "url": "https://www.iryou.teikyouseido.mhlw.go.jp/znk-web/juminkanja/S2430/initialize?prefCd=06&kikanCd=2206531193&kikanKbn=2", "url2": "http://rakusei-kai.or.jp/kokorono/?branch=kokoronoclinicyamagata", "内容": "こころのクリニック山形【2:診療所】【診療科目:0】山形県山形市江俣４丁目１８－２６" }, "geometry": { "type": "Point", "coordinates": [ 140.317637, 38.278053 ] } },
{ "type": "Feature", "properties": { "ID": 62206531207, "正式名称": "医療法人城西医院", "機関区分": 2, "都道府県コード": 6, "市区町村コード": 201, "所在地": "山形県山形市春日町１３−２７", "緯度": 38.254444, "経度": 140.319401, "url": "https://www.iryou.teikyouseido.mhlw.go.jp/znk-web/juminkanja/S2430/initialize?prefCd=06&kikanCd=2206531207&kikanKbn=2", "url2": "http://www.shironishi-iin.jp", "内容": "医療法人城西医院【2:診療所】【診療科目:0】山形県山形市春日町１３−２７" }, "geometry": { "type": "Point", "coordinates": [ 140.319401, 38.254444 ] } },
{ "type": "Feature", "properties": { "ID": 62206531210, "正式名称": "おかべクリニック", "機関区分": 2, "都道府県コード": 6, "市区町村コード": 201, "所在地": "山形県山形市長谷堂４４６４", "緯度": 38.216073, "経度": 140.277472, "url": "https://www.iryou.teikyouseido.mhlw.go.jp/znk-web/juminkanja/S2430/initialize?prefCd=06&kikanCd=2206531210&kikanKbn=2", "url2": null, "内容": "おかべクリニック【2:診療所】【診療科目:0】山形県山形市長谷堂４４６４" }, "geometry": { "type": "Point", "coordinates": [ 140.277472, 38.216073 ] } },
{ "type": "Feature", "properties": { "ID": 62206531249, "正式名称": "芳賀胃腸科内科クリニック", "機関区分": 2, "都道府県コード": 6, "市区町村コード": 201, "所在地": "山形県山形市あこや町２丁目１５－１", "緯度": 38.242754, "経度": 140.352873, "url": "https://www.iryou.teikyouseido.mhlw.go.jp/znk-web/juminkanja/S2430/initialize?prefCd=06&kikanCd=2206531249&kikanKbn=2", "url2": "http://haga-ichouka.com/", "内容": "芳賀胃腸科内科クリニック【2:診療所】【診療科目:0】山形県山形市あこや町２丁目１５－１" }, "geometry": { "type": "Point", "coordinates": [ 140.352873, 38.242754 ] } },
{ "type": "Feature", "properties": { "ID": 62206531265, "正式名称": "小関内科胃腸科医院", "機関区分": 2, "都道府県コード": 6, "市区町村コード": 206, "所在地": "山形県寒河江市本町２丁目５番２０号", "緯度": 38.375325, "経度": 140.2774, "url": "https://www.iryou.teikyouseido.mhlw.go.jp/znk-web/juminkanja/S2430/initialize?prefCd=06&kikanCd=2206531265&kikanKbn=2", "url2": null, "内容": "小関内科胃腸科医院【2:診療所】【診療科目:0】山形県寒河江市本町２丁目５番２０号" }, "geometry": { "type": "Point", "coordinates": [ 140.2774, 38.375325 ] } },
{ "type": "Feature", "properties": { "ID": 62206531278, "正式名称": "小松胃腸科内科クリニック", "機関区分": 2, "都道府県コード": 6, "市区町村コード": 201, "所在地": "山形県山形市吉原二丁目四番十九号", "緯度": 38.230402, "経度": 140.309297, "url": "https://www.iryou.teikyouseido.mhlw.go.jp/znk-web/juminkanja/S2430/initialize?prefCd=06&kikanCd=2206531278&kikanKbn=2", "url2": null, "内容": "小松胃腸科内科クリニック【2:診療所】【診療科目:0】山形県山形市吉原二丁目四番十九号" }, "geometry": { "type": "Point", "coordinates": [ 140.309297, 38.230402 ] } },
{ "type": "Feature", "properties": { "ID": 62206531281, "正式名称": "井川整形外科クリニック", "機関区分": 2, "都道府県コード": 6, "市区町村コード": 211, "所在地": "山形県東根市さくらんぼ駅前２−１７−２３", "緯度": 38.428432, "経度": 140.384582, "url": "https://www.iryou.teikyouseido.mhlw.go.jp/znk-web/juminkanja/S2430/initialize?prefCd=06&kikanCd=2206531281&kikanKbn=2", "url2": null, "内容": "井川整形外科クリニック【2:診療所】【診療科目:0】山形県東根市さくらんぼ駅前２−１７−２３" }, "geometry": { "type": "Point", "coordinates": [ 140.384582, 38.428432 ] } },
{ "type": "Feature", "properties": { "ID": 62206531294, "正式名称": "小川クリニック", "機関区分": 2, "都道府県コード": 6, "市区町村コード": 201, "所在地": "山形県山形市落合町", "緯度": 38.28638, "経度": 140.350375, "url": "https://www.iryou.teikyouseido.mhlw.go.jp/znk-web/juminkanja/S2430/initialize?prefCd=06&kikanCd=2206531294&kikanKbn=2", "url2": "http://www.ogawa-clinic.net", "内容": "小川クリニック【2:診療所】【診療科目:0】山形県山形市落合町" }, "geometry": { "type": "Point", "coordinates": [ 140.350375, 38.28638 ] } },
{ "type": "Feature", "properties": { "ID": 62206531311, "正式名称": "医療法人社団ほんまこどもクリニック", "機関区分": 2, "都道府県コード": 6, "市区町村コード": 201, "所在地": "山形県山形市若宮１ー１１ー３３", "緯度": 38.228193, "経度": 140.308897, "url": "https://www.iryou.teikyouseido.mhlw.go.jp/znk-web/juminkanja/S2430/initialize?prefCd=06&kikanCd=2206531311&kikanKbn=2", "url2": "http://honma-kodomo.clinic", "内容": "医療法人社団ほんまこどもクリニック【2:診療所】【診療科目:0】山形県山形市若宮１ー１１ー３３" }, "geometry": { "type": "Point", "coordinates": [ 140.308897, 38.228193 ] } },
{ "type": "Feature", "properties": { "ID": 62206531366, "正式名称": "こまつ整形外科クリニック", "機関区分": 2, "都道府県コード": 6, "市区町村コード": 201, "所在地": "山形県山形市富の中四丁目四番二十一号", "緯度": 38.232021, "経度": 140.307025, "url": "https://www.iryou.teikyouseido.mhlw.go.jp/znk-web/juminkanja/S2430/initialize?prefCd=06&kikanCd=2206531366&kikanKbn=2", "url2": null, "内容": "こまつ整形外科クリニック【2:診療所】【診療科目:0】山形県山形市富の中四丁目四番二十一号" }, "geometry": { "type": "Point", "coordinates": [ 140.307025, 38.232021 ] } },
{ "type": "Feature", "properties": { "ID": 62206531395, "正式名称": "あかねヶ丘　あきば小児科医院", "機関区分": 2, "都道府県コード": 6, "市区町村コード": 201, "所在地": "山形県山形市あかねヶ丘二丁目１０番５４号", "緯度": 38.244936, "経度": 140.31181, "url": "https://www.iryou.teikyouseido.mhlw.go.jp/znk-web/juminkanja/S2430/initialize?prefCd=06&kikanCd=2206531395&kikanKbn=2", "url2": null, "内容": "あかねヶ丘　あきば小児科医院【2:診療所】【診療科目:0】山形県山形市あかねヶ丘二丁目１０番５４号" }, "geometry": { "type": "Point", "coordinates": [ 140.31181, 38.244936 ] } },
{ "type": "Feature", "properties": { "ID": 62206531409, "正式名称": "ごとう医院", "機関区分": 2, "都道府県コード": 6, "市区町村コード": 201, "所在地": "山形県山形市東青田三丁目１１番１０号", "緯度": 38.220678, "経度": 140.339084, "url": "https://www.iryou.teikyouseido.mhlw.go.jp/znk-web/juminkanja/S2430/initialize?prefCd=06&kikanCd=2206531409&kikanKbn=2", "url2": null, "内容": "ごとう医院【2:診療所】【診療科目:0】山形県山形市東青田三丁目１１番１０号" }, "geometry": { "type": "Point", "coordinates": [ 140.339084, 38.220678 ] } },
{ "type": "Feature", "properties": { "ID": 62206531412, "正式名称": "いがらし内科循環器科クリニック", "機関区分": 2, "都道府県コード": 6, "市区町村コード": 201, "所在地": "山形県山形市銅町２ー２４－５", "緯度": 38.273895, "経度": 140.340037, "url": "https://www.iryou.teikyouseido.mhlw.go.jp/znk-web/juminkanja/S2430/initialize?prefCd=06&kikanCd=2206531412&kikanKbn=2", "url2": null, "内容": "いがらし内科循環器科クリニック【2:診療所】【診療科目:0】山形県山形市銅町２ー２４－５" }, "geometry": { "type": "Point", "coordinates": [ 140.340037, 38.273895 ] } },
{ "type": "Feature", "properties": { "ID": 62206531425, "正式名称": "やまかわ整形外科", "機関区分": 2, "都道府県コード": 6, "市区町村コード": 201, "所在地": "山形県山形市瀬波１－６－１０", "緯度": 38.278622, "経度": 140.307696, "url": "https://www.iryou.teikyouseido.mhlw.go.jp/znk-web/juminkanja/S2430/initialize?prefCd=06&kikanCd=2206531425&kikanKbn=2", "url2": null, "内容": "やまかわ整形外科【2:診療所】【診療科目:0】山形県山形市瀬波１－６－１０" }, "geometry": { "type": "Point", "coordinates": [ 140.307696, 38.278622 ] } },
{ "type": "Feature", "properties": { "ID": 62206531438, "正式名称": "おおやま皮膚科", "機関区分": 2, "都道府県コード": 6, "市区町村コード": 210, "所在地": "山形県天童市南町３－１－１８", "緯度": 38.344119, "経度": 140.368731, "url": "https://www.iryou.teikyouseido.mhlw.go.jp/znk-web/juminkanja/S2430/initialize?prefCd=06&kikanCd=2206531438&kikanKbn=2", "url2": null, "内容": "おおやま皮膚科【2:診療所】【診療科目:0】山形県天童市南町３－１－１８" }, "geometry": { "type": "Point", "coordinates": [ 140.368731, 38.344119 ] } },
{ "type": "Feature", "properties": { "ID": 62206531441, "正式名称": "奥山内科循環器科クリニック", "機関区分": 2, "都道府県コード": 6, "市区町村コード": 208, "所在地": "山形県村山市駅西１９－１５", "緯度": 38.476378, "経度": 140.3838, "url": "https://www.iryou.teikyouseido.mhlw.go.jp/znk-web/juminkanja/S2430/initialize?prefCd=06&kikanCd=2206531441&kikanKbn=2", "url2": null, "内容": "奥山内科循環器科クリニック【2:診療所】【診療科目:0】山形県村山市駅西１９－１５" }, "geometry": { "type": "Point", "coordinates": [ 140.3838, 38.476378 ] } },
{ "type": "Feature", "properties": { "ID": 62206531454, "正式名称": "石郷岡クリニック", "機関区分": 2, "都道府県コード": 6, "市区町村コード": 201, "所在地": "山形県山形市双葉町１−４−６", "緯度": 38.248324, "経度": 140.322952, "url": "https://www.iryou.teikyouseido.mhlw.go.jp/znk-web/juminkanja/S2430/initialize?prefCd=06&kikanCd=2206531454&kikanKbn=2", "url2": "https://www.ishigooka-clinic.com/", "内容": "石郷岡クリニック【2:診療所】【診療科目:0】山形県山形市双葉町１−４−６" }, "geometry": { "type": "Point", "coordinates": [ 140.322952, 38.248324 ] } },
{ "type": "Feature", "properties": { "ID": 62206531467, "正式名称": "相馬脳神経クリニック", "機関区分": 2, "都道府県コード": 6, "市区町村コード": 201, "所在地": "山形県山形市松波１－１１－３５", "緯度": 38.238061, "経度": 140.357909, "url": "https://www.iryou.teikyouseido.mhlw.go.jp/znk-web/juminkanja/S2430/initialize?prefCd=06&kikanCd=2206531467&kikanKbn=2", "url2": "https://www.soma-nc.com", "内容": "相馬脳神経クリニック【2:診療所】【診療科目:0】山形県山形市松波１－１１－３５" }, "geometry": { "type": "Point", "coordinates": [ 140.357909, 38.238061 ] } },
{ "type": "Feature", "properties": { "ID": 62206531470, "正式名称": "大野胃腸科内科医院", "機関区分": 2, "都道府県コード": 6, "市区町村コード": 210, "所在地": "山形県天童市大字久野本１０５６番地の３", "緯度": 38.380455, "経度": 140.384868, "url": "https://www.iryou.teikyouseido.mhlw.go.jp/znk-web/juminkanja/S2430/initialize?prefCd=06&kikanCd=2206531470&kikanKbn=2", "url2": "http://oini.namaste.jp/", "内容": "大野胃腸科内科医院【2:診療所】【診療科目:0】山形県天童市大字久野本１０５６番地の３" }, "geometry": { "type": "Point", "coordinates": [ 140.384868, 38.380455 ] } },
{ "type": "Feature", "properties": { "ID": 62206531483, "正式名称": "武田内科胃腸科医院", "機関区分": 2, "都道府県コード": 6, "市区町村コード": 201, "所在地": "山形県山形市鈴川町３－１５－６１", "緯度": 38.27006, "経度": 140.356383, "url": "https://www.iryou.teikyouseido.mhlw.go.jp/znk-web/juminkanja/S2430/initialize?prefCd=06&kikanCd=2206531483&kikanKbn=2", "url2": "http://www42.atwiki.jp/takedanaikaichokaiin/pages/1.html", "内容": "武田内科胃腸科医院【2:診療所】【診療科目:0】山形県山形市鈴川町３－１５－６１" }, "geometry": { "type": "Point", "coordinates": [ 140.356383, 38.27006 ] } },
{ "type": "Feature", "properties": { "ID": 62206531500, "正式名称": "みさわクリニック", "機関区分": 2, "都道府県コード": 6, "市区町村コード": 201, "所在地": "山形県山形市城南町３－５ー２８", "緯度": 38.2523, "経度": 140.323128, "url": "https://www.iryou.teikyouseido.mhlw.go.jp/znk-web/juminkanja/S2430/initialize?prefCd=06&kikanCd=2206531500&kikanKbn=2", "url2": "http://www16.plala.or.jp/misawa-c/", "内容": "みさわクリニック【2:診療所】【診療科目:0】山形県山形市城南町３－５ー２８" }, "geometry": { "type": "Point", "coordinates": [ 140.323128, 38.2523 ] } },
{ "type": "Feature", "properties": { "ID": 62206531526, "正式名称": "小幡皮膚科医院", "機関区分": 2, "都道府県コード": 6, "市区町村コード": 210, "所在地": "山形県天童市駅西３－９－１", "緯度": 38.35854, "経度": 140.365112, "url": "https://www.iryou.teikyouseido.mhlw.go.jp/znk-web/juminkanja/S2430/initialize?prefCd=06&kikanCd=2206531526&kikanKbn=2", "url2": "https://obata-hifuka.com/", "内容": "小幡皮膚科医院【2:診療所】【診療科目:0】山形県天童市駅西３－９－１" }, "geometry": { "type": "Point", "coordinates": [ 140.365112, 38.35854 ] } },
{ "type": "Feature", "properties": { "ID": 62206531539, "正式名称": "くわぞえ整形外科クリニック", "機関区分": 2, "都道府県コード": 6, "市区町村コード": 201, "所在地": "山形県山形市花楯２－７－６", "緯度": 38.272662, "経度": 140.347864, "url": "https://www.iryou.teikyouseido.mhlw.go.jp/znk-web/juminkanja/S2430/initialize?prefCd=06&kikanCd=2206531539&kikanKbn=2", "url2": null, "内容": "くわぞえ整形外科クリニック【2:診療所】【診療科目:0】山形県山形市花楯２－７－６" }, "geometry": { "type": "Point", "coordinates": [ 140.347864, 38.272662 ] } },
{ "type": "Feature", "properties": { "ID": 62206531568, "正式名称": "クリニックあこがれ", "機関区分": 2, "都道府県コード": 6, "市区町村コード": 210, "所在地": "山形県天童市荒谷１９７３－８８４", "緯度": 38.327035, "経度": 140.387691, "url": "https://www.iryou.teikyouseido.mhlw.go.jp/znk-web/juminkanja/S2430/initialize?prefCd=06&kikanCd=2206531568&kikanKbn=2", "url2": "http://www.yuuaikai-yamagata.or.jp", "内容": "クリニックあこがれ【2:診療所】【診療科目:0】山形県天童市荒谷１９７３－８８４" }, "geometry": { "type": "Point", "coordinates": [ 140.387691, 38.327035 ] } },
{ "type": "Feature", "properties": { "ID": 62206531601, "正式名称": "医療法人社団正英会林内科・レディースクリニック", "機関区分": 2, "都道府県コード": 6, "市区町村コード": 201, "所在地": "山形県山形市成沢西二丁目１番２１号", "緯度": 38.211976, "経度": 140.313714, "url": "https://www.iryou.teikyouseido.mhlw.go.jp/znk-web/juminkanja/S2430/initialize?prefCd=06&kikanCd=2206531601&kikanKbn=2", "url2": "https://www.hayashinaika-ladiesclinic.com/", "内容": "医療法人社団正英会林内科・レディースクリニック【2:診療所】【診療科目:0】山形県山形市成沢西二丁目１番２１号" }, "geometry": { "type": "Point", "coordinates": [ 140.313714, 38.211976 ] } },
{ "type": "Feature", "properties": { "ID": 62206531627, "正式名称": "やさく医院", "機関区分": 2, "都道府県コード": 6, "市区町村コード": 201, "所在地": "山形県山形市成沢西５−６−２２", "緯度": 38.208304, "経度": 140.31983, "url": "https://www.iryou.teikyouseido.mhlw.go.jp/znk-web/juminkanja/S2430/initialize?prefCd=06&kikanCd=2206531627&kikanKbn=2", "url2": "https://yasaku-iin.jp", "内容": "やさく医院【2:診療所】【診療科目:0】山形県山形市成沢西５−６−２２" }, "geometry": { "type": "Point", "coordinates": [ 140.31983, 38.208304 ] } },
{ "type": "Feature", "properties": { "ID": 62206531630, "正式名称": "芳賀心療内科クリニック", "機関区分": 2, "都道府県コード": 6, "市区町村コード": 210, "所在地": "山形県天童市田鶴町４－２－５３", "緯度": 38.356809, "経度": 140.365512, "url": "https://www.iryou.teikyouseido.mhlw.go.jp/znk-web/juminkanja/S2430/initialize?prefCd=06&kikanCd=2206531630&kikanKbn=2", "url2": "https://haga-mental.com", "内容": "芳賀心療内科クリニック【2:診療所】【診療科目:0】山形県天童市田鶴町４－２－５３" }, "geometry": { "type": "Point", "coordinates": [ 140.365512, 38.356809 ] } },
{ "type": "Feature", "properties": { "ID": 62206531643, "正式名称": "山口ハートクリニック", "機関区分": 2, "都道府県コード": 6, "市区町村コード": 201, "所在地": "山形県山形市花楯２丁目５０－３", "緯度": 38.276117, "経度": 140.351458, "url": "https://www.iryou.teikyouseido.mhlw.go.jp/znk-web/juminkanja/S2430/initialize?prefCd=06&kikanCd=2206531643&kikanKbn=2", "url2": "http://yamaguchi-heart.com", "内容": "山口ハートクリニック【2:診療所】【診療科目:0】山形県山形市花楯２丁目５０－３" }, "geometry": { "type": "Point", "coordinates": [ 140.351458, 38.276117 ] } },
{ "type": "Feature", "properties": { "ID": 62206531656, "正式名称": "新田クリニック", "機関区分": 2, "都道府県コード": 6, "市区町村コード": 207, "所在地": "山形県上山市金生", "緯度": 38.151262, "経度": 140.285445, "url": "https://www.iryou.teikyouseido.mhlw.go.jp/znk-web/juminkanja/S2430/initialize?prefCd=06&kikanCd=2206531656&kikanKbn=2", "url2": "http://www.kenseikai-nitta.jp/", "内容": "新田クリニック【2:診療所】【診療科目:0】山形県上山市金生" }, "geometry": { "type": "Point", "coordinates": [ 140.285445, 38.151262 ] } },
{ "type": "Feature", "properties": { "ID": 62206531669, "正式名称": "橋本こどもクリニック", "機関区分": 2, "都道府県コード": 6, "市区町村コード": 201, "所在地": "山形県山形市瀬波１－１－３６", "緯度": 38.279542, "経度": 140.311515, "url": "https://www.iryou.teikyouseido.mhlw.go.jp/znk-web/juminkanja/S2430/initialize?prefCd=06&kikanCd=2206531669&kikanKbn=2", "url2": "http://www15.plala.or.jp/hashimoto-kodomo/", "内容": "橋本こどもクリニック【2:診療所】【診療科目:0】山形県山形市瀬波１－１－３６" }, "geometry": { "type": "Point", "coordinates": [ 140.311515, 38.279542 ] } },
{ "type": "Feature", "properties": { "ID": 62206531672, "正式名称": "吉川皮ふ科クリニック", "機関区分": 2, "都道府県コード": 6, "市区町村コード": 201, "所在地": "山形県山形市富の中４－１－１２", "緯度": 38.232274, "経度": 140.30825, "url": "https://www.iryou.teikyouseido.mhlw.go.jp/znk-web/juminkanja/S2430/initialize?prefCd=06&kikanCd=2206531672&kikanKbn=2", "url2": null, "内容": "吉川皮ふ科クリニック【2:診療所】【診療科目:0】山形県山形市富の中４－１－１２" }, "geometry": { "type": "Point", "coordinates": [ 140.30825, 38.232274 ] } },
{ "type": "Feature", "properties": { "ID": 62206531685, "正式名称": "沢村クリニック", "機関区分": 2, "都道府県コード": 6, "市区町村コード": 201, "所在地": "山形県山形市東原町４－１６－７", "緯度": 38.243399, "経度": 140.346354, "url": "https://www.iryou.teikyouseido.mhlw.go.jp/znk-web/juminkanja/S2430/initialize?prefCd=06&kikanCd=2206531685&kikanKbn=2", "url2": null, "内容": "沢村クリニック【2:診療所】【診療科目:0】山形県山形市東原町４－１６－７" }, "geometry": { "type": "Point", "coordinates": [ 140.346354, 38.243399 ] } },
{ "type": "Feature", "properties": { "ID": 62206531698, "正式名称": "平林耳鼻科皮膚科医院", "機関区分": 2, "都道府県コード": 6, "市区町村コード": 201, "所在地": "山形県山形市成沢西２－９－３", "緯度": 38.209676, "経度": 140.314819, "url": "https://www.iryou.teikyouseido.mhlw.go.jp/znk-web/juminkanja/S2430/initialize?prefCd=06&kikanCd=2206531698&kikanKbn=2", "url2": null, "内容": "平林耳鼻科皮膚科医院【2:診療所】【診療科目:0】山形県山形市成沢西２－９－３" }, "geometry": { "type": "Point", "coordinates": [ 140.314819, 38.209676 ] } },
{ "type": "Feature", "properties": { "ID": 62206531702, "正式名称": "医療法人伊藤泌尿器科クリニック", "機関区分": 2, "都道府県コード": 6, "市区町村コード": 201, "所在地": "山形県山形市五十鈴", "緯度": 38.271795, "経度": 140.351256, "url": "https://www.iryou.teikyouseido.mhlw.go.jp/znk-web/juminkanja/S2430/initialize?prefCd=06&kikanCd=2206531702&kikanKbn=2", "url2": "https://www.ito-urologyc.com", "内容": "医療法人伊藤泌尿器科クリニック【2:診療所】【診療科目:0】山形県山形市五十鈴" }, "geometry": { "type": "Point", "coordinates": [ 140.351256, 38.271795 ] } },
{ "type": "Feature", "properties": { "ID": 62206531715, "正式名称": "まつき整形外科クリニック", "機関区分": 2, "都道府県コード": 6, "市区町村コード": 208, "所在地": "山形県村山市楯岡新町３－３４－２７", "緯度": 38.470001, "経度": 140.390963, "url": "https://www.iryou.teikyouseido.mhlw.go.jp/znk-web/juminkanja/S2430/initialize?prefCd=06&kikanCd=2206531715&kikanKbn=2", "url2": null, "内容": "まつき整形外科クリニック【2:診療所】【診療科目:0】山形県村山市楯岡新町３－３４－２７" }, "geometry": { "type": "Point", "coordinates": [ 140.390963, 38.470001 ] } },
{ "type": "Feature", "properties": { "ID": 62206531728, "正式名称": "消化器科内科井上クリニック", "機関区分": 2, "都道府県コード": 6, "市区町村コード": 201, "所在地": "山形県山形市北町３−７−１", "緯度": 38.271665, "経度": 140.327513, "url": "https://www.iryou.teikyouseido.mhlw.go.jp/znk-web/juminkanja/S2430/initialize?prefCd=06&kikanCd=2206531728&kikanKbn=2", "url2": null, "内容": "消化器科内科井上クリニック【2:診療所】【診療科目:0】山形県山形市北町３−７−１" }, "geometry": { "type": "Point", "coordinates": [ 140.327513, 38.271665 ] } },
{ "type": "Feature", "properties": { "ID": 62206531773, "正式名称": "田村内科消化器科クリニック", "機関区分": 2, "都道府県コード": 6, "市区町村コード": 206, "所在地": "山形県寒河江市高田一丁目１０－１０", "緯度": 38.368682, "経度": 140.286794, "url": "https://www.iryou.teikyouseido.mhlw.go.jp/znk-web/juminkanja/S2430/initialize?prefCd=06&kikanCd=2206531773&kikanKbn=2", "url2": "http://www.myclinic.ne.jp/tamuraclinic/", "内容": "田村内科消化器科クリニック【2:診療所】【診療科目:0】山形県寒河江市高田一丁目１０－１０" }, "geometry": { "type": "Point", "coordinates": [ 140.286794, 38.368682 ] } },
{ "type": "Feature", "properties": { "ID": 62206531786, "正式名称": "陵南さとう整形外科", "機関区分": 2, "都道府県コード": 6, "市区町村コード": 206, "所在地": "山形県寒河江市内ノ袋１丁目９−６", "緯度": 38.372511, "経度": 140.262565, "url": "https://www.iryou.teikyouseido.mhlw.go.jp/znk-web/juminkanja/S2430/initialize?prefCd=06&kikanCd=2206531786&kikanKbn=2", "url2": null, "内容": "陵南さとう整形外科【2:診療所】【診療科目:0】山形県寒河江市内ノ袋１丁目９−６" }, "geometry": { "type": "Point", "coordinates": [ 140.262565, 38.372511 ] } },
{ "type": "Feature", "properties": { "ID": 62206531799, "正式名称": "医療法人社団自然会山形サトウクリニック", "機関区分": 2, "都道府県コード": 6, "市区町村コード": 201, "所在地": "山形県山形市六日町６－４２", "緯度": 38.259622, "経度": 140.34369, "url": "https://www.iryou.teikyouseido.mhlw.go.jp/znk-web/juminkanja/S2430/initialize?prefCd=06&kikanCd=2206531799&kikanKbn=2", "url2": "http://www.yscbrp.co.com/", "内容": "医療法人社団自然会山形サトウクリニック【2:診療所】【診療科目:0】山形県山形市六日町６－４２" }, "geometry": { "type": "Point", "coordinates": [ 140.34369, 38.259622 ] } },
{ "type": "Feature", "properties": { "ID": 62206531803, "正式名称": "神村内科医院", "機関区分": 2, "都道府県コード": 6, "市区町村コード": 210, "所在地": "山形県天童市鍬ノ町一丁目３番２２号", "緯度": 38.354802, "経度": 140.38386, "url": "https://www.iryou.teikyouseido.mhlw.go.jp/znk-web/juminkanja/S2430/initialize?prefCd=06&kikanCd=2206531803&kikanKbn=2", "url2": "https://kamimuranaika.com", "内容": "神村内科医院【2:診療所】【診療科目:0】山形県天童市鍬ノ町一丁目３番２２号" }, "geometry": { "type": "Point", "coordinates": [ 140.38386, 38.354802 ] } },
{ "type": "Feature", "properties": { "ID": 62206531816, "正式名称": "吉原眼科", "機関区分": 2, "都道府県コード": 6, "市区町村コード": 201, "所在地": "山形県山形市西田２−３−３", "緯度": 38.263488, "経度": 140.31319, "url": "https://www.iryou.teikyouseido.mhlw.go.jp/znk-web/juminkanja/S2430/initialize?prefCd=06&kikanCd=2206531816&kikanKbn=2", "url2": "http://www.eye-yoshihara.com", "内容": "吉原眼科【2:診療所】【診療科目:0】山形県山形市西田２−３−３" }, "geometry": { "type": "Point", "coordinates": [ 140.31319, 38.263488 ] } },
{ "type": "Feature", "properties": { "ID": 62206531829, "正式名称": "かわしま内科循環器科クリニック", "機関区分": 2, "都道府県コード": 6, "市区町村コード": 201, "所在地": "山形県山形市城西町５丁目２９番地２２号", "緯度": 38.262298, "経度": 140.315781, "url": "https://www.iryou.teikyouseido.mhlw.go.jp/znk-web/juminkanja/S2430/initialize?prefCd=06&kikanCd=2206531829&kikanKbn=2", "url2": "https://kwsmclinic.com/", "内容": "かわしま内科循環器科クリニック【2:診療所】【診療科目:0】山形県山形市城西町５丁目２９番地２２号" }, "geometry": { "type": "Point", "coordinates": [ 140.315781, 38.262298 ] } },
{ "type": "Feature", "properties": { "ID": 62206531832, "正式名称": "大畠整形外科医院", "機関区分": 2, "都道府県コード": 6, "市区町村コード": 201, "所在地": "山形県山形市鈴川町", "緯度": 38.270065, "経度": 140.356255, "url": "https://www.iryou.teikyouseido.mhlw.go.jp/znk-web/juminkanja/S2430/initialize?prefCd=06&kikanCd=2206531832&kikanKbn=2", "url2": null, "内容": "大畠整形外科医院【2:診療所】【診療科目:0】山形県山形市鈴川町" }, "geometry": { "type": "Point", "coordinates": [ 140.356255, 38.270065 ] } },
{ "type": "Feature", "properties": { "ID": 62206531845, "正式名称": "たておか小児クリニック", "機関区分": 2, "都道府県コード": 6, "市区町村コード": 208, "所在地": "山形県村山市楯岡二日町７−７", "緯度": 38.486227, "経度": 140.388982, "url": "https://www.iryou.teikyouseido.mhlw.go.jp/znk-web/juminkanja/S2430/initialize?prefCd=06&kikanCd=2206531845&kikanKbn=2", "url2": null, "内容": "たておか小児クリニック【2:診療所】【診療科目:0】山形県村山市楯岡二日町７−７" }, "geometry": { "type": "Point", "coordinates": [ 140.388982, 38.486227 ] } },
{ "type": "Feature", "properties": { "ID": 62206531861, "正式名称": "やまのべ整形外科", "機関区分": 2, "都道府県コード": 6, "市区町村コード": 301, "所在地": "山形県東村山郡山辺町山辺１２５８－１３", "緯度": 38.294324, "経度": 140.270699, "url": "https://www.iryou.teikyouseido.mhlw.go.jp/znk-web/juminkanja/S2430/initialize?prefCd=06&kikanCd=2206531861&kikanKbn=2", "url2": null, "内容": "やまのべ整形外科【2:診療所】【診療科目:0】山形県東村山郡山辺町山辺１２５８－１３" }, "geometry": { "type": "Point", "coordinates": [ 140.270699, 38.294324 ] } },
{ "type": "Feature", "properties": { "ID": 62206531887, "正式名称": "さとうウィメンズクリニック", "機関区分": 2, "都道府県コード": 6, "市区町村コード": 210, "所在地": "山形県天童市南小畑", "緯度": 38.351357, "経度": 140.36637, "url": "https://www.iryou.teikyouseido.mhlw.go.jp/znk-web/juminkanja/S2430/initialize?prefCd=06&kikanCd=2206531887&kikanKbn=2", "url2": "http://www.satowomens.com/", "内容": "さとうウィメンズクリニック【2:診療所】【診療科目:0】山形県天童市南小畑" }, "geometry": { "type": "Point", "coordinates": [ 140.36637, 38.351357 ] } },
{ "type": "Feature", "properties": { "ID": 62206531890, "正式名称": "いがらしクリニック", "機関区分": 2, "都道府県コード": 6, "市区町村コード": 210, "所在地": "山形県天童市東長岡２－８－８", "緯度": 38.332309, "経度": 140.364729, "url": "https://www.iryou.teikyouseido.mhlw.go.jp/znk-web/juminkanja/S2430/initialize?prefCd=06&kikanCd=2206531890&kikanKbn=2", "url2": "http://www.igarashi.clinic/", "内容": "いがらしクリニック【2:診療所】【診療科目:0】山形県天童市東長岡２－８－８" }, "geometry": { "type": "Point", "coordinates": [ 140.364729, 38.332309 ] } },
{ "type": "Feature", "properties": { "ID": 62206531904, "正式名称": "白壁内科クリニック", "機関区分": 2, "都道府県コード": 6, "市区町村コード": 201, "所在地": "山形県山形市陣場一丁目９−２１", "緯度": 38.27813, "経度": 140.310499, "url": "https://www.iryou.teikyouseido.mhlw.go.jp/znk-web/juminkanja/S2430/initialize?prefCd=06&kikanCd=2206531904&kikanKbn=2", "url2": "https://www.big-advance.site/s/166/1925", "内容": "白壁内科クリニック【2:診療所】【診療科目:0】山形県山形市陣場一丁目９−２１" }, "geometry": { "type": "Point", "coordinates": [ 140.310499, 38.27813 ] } },
{ "type": "Feature", "properties": { "ID": 62206531917, "正式名称": "天童温泉矢吹クリニック", "機関区分": 2, "都道府県コード": 6, "市区町村コード": 210, "所在地": "山形県天童市鍬ノ町１－２－１０", "緯度": 38.356036, "経度": 140.384417, "url": "https://www.iryou.teikyouseido.mhlw.go.jp/znk-web/juminkanja/S2430/initialize?prefCd=06&kikanCd=2206531917&kikanKbn=2", "url2": "http://www.seieig.or.jp", "内容": "天童温泉矢吹クリニック【2:診療所】【診療科目:0】山形県天童市鍬ノ町１－２－１０" }, "geometry": { "type": "Point", "coordinates": [ 140.384417, 38.356036 ] } },
{ "type": "Feature", "properties": { "ID": 62206531920, "正式名称": "たかはし元気クリニック", "機関区分": 2, "都道府県コード": 6, "市区町村コード": 302, "所在地": "山形県東村山郡中山町小塩１２８４－５", "緯度": 38.341942, "経度": 140.264318, "url": "https://www.iryou.teikyouseido.mhlw.go.jp/znk-web/juminkanja/S2430/initialize?prefCd=06&kikanCd=2206531920&kikanKbn=2", "url2": null, "内容": "たかはし元気クリニック【2:診療所】【診療科目:0】山形県東村山郡中山町小塩１２８４－５" }, "geometry": { "type": "Point", "coordinates": [ 140.264318, 38.341942 ] } },
{ "type": "Feature", "properties": { "ID": 62206531933, "正式名称": "医療法人社団保坂クリニック", "機関区分": 2, "都道府県コード": 6, "市区町村コード": 211, "所在地": "山形県東根市さくらんぼ駅前２−７−２２", "緯度": 38.429196, "経度": 140.385907, "url": "https://www.iryou.teikyouseido.mhlw.go.jp/znk-web/juminkanja/S2430/initialize?prefCd=06&kikanCd=2206531933&kikanKbn=2", "url2": "http://hosaka-cl.byouinnavi.jp", "内容": "医療法人社団保坂クリニック【2:診療所】【診療科目:0】山形県東根市さくらんぼ駅前２−７−２２" }, "geometry": { "type": "Point", "coordinates": [ 140.385907, 38.429196 ] } },
{ "type": "Feature", "properties": { "ID": 62206531991, "正式名称": "甲州耳鼻咽喉科医院", "機関区分": 2, "都道府県コード": 6, "市区町村コード": 208, "所在地": "山形県村山市駅西１９−２６", "緯度": 38.476742, "経度": 140.383841, "url": "https://www.iryou.teikyouseido.mhlw.go.jp/znk-web/juminkanja/S2430/initialize?prefCd=06&kikanCd=2206531991&kikanKbn=2", "url2": "http://kousyucl.jp", "内容": "甲州耳鼻咽喉科医院【2:診療所】【診療科目:0】山形県村山市駅西１９−２６" }, "geometry": { "type": "Point", "coordinates": [ 140.383841, 38.476742 ] } },
{ "type": "Feature", "properties": { "ID": 62206532002, "正式名称": "大竹内科呼吸器科医院", "機関区分": 2, "都道府県コード": 6, "市区町村コード": 210, "所在地": "山形県天童市老野森１－５－１", "緯度": 38.364026, "経度": 140.377441, "url": "https://www.iryou.teikyouseido.mhlw.go.jp/znk-web/juminkanja/S2430/initialize?prefCd=06&kikanCd=2206532002&kikanKbn=2", "url2": "https://www.otakeclinic.jp/", "内容": "大竹内科呼吸器科医院【2:診療所】【診療科目:0】山形県天童市老野森１－５－１" }, "geometry": { "type": "Point", "coordinates": [ 140.377441, 38.364026 ] } },
{ "type": "Feature", "properties": { "ID": 62206532015, "正式名称": "医療法人かつうら小児科", "機関区分": 2, "都道府県コード": 6, "市区町村コード": 201, "所在地": "山形県山形市あさひ町１５−１５", "緯度": 38.243338, "経度": 140.362875, "url": "https://www.iryou.teikyouseido.mhlw.go.jp/znk-web/juminkanja/S2430/initialize?prefCd=06&kikanCd=2206532015&kikanKbn=2", "url2": "https://katsuura-cc.com", "内容": "医療法人かつうら小児科【2:診療所】【診療科目:0】山形県山形市あさひ町１５−１５" }, "geometry": { "type": "Point", "coordinates": [ 140.362875, 38.243338 ] } },
{ "type": "Feature", "properties": { "ID": 62206532044, "正式名称": "小関皮ふ科眼科クリニック", "機関区分": 2, "都道府県コード": 6, "市区町村コード": 201, "所在地": "山形県山形市あこや町２−２−１５", "緯度": 38.241738, "経度": 140.351695, "url": "https://www.iryou.teikyouseido.mhlw.go.jp/znk-web/juminkanja/S2430/initialize?prefCd=06&kikanCd=2206532044&kikanKbn=2", "url2": null, "内容": "小関皮ふ科眼科クリニック【2:診療所】【診療科目:0】山形県山形市あこや町２−２−１５" }, "geometry": { "type": "Point", "coordinates": [ 140.351695, 38.241738 ] } },
{ "type": "Feature", "properties": { "ID": 62206532057, "正式名称": "東根市休日診療所", "機関区分": 2, "都道府県コード": 6, "市区町村コード": 211, "所在地": "山形県東根市中央一丁目５番１号", "緯度": 38.430666, "経度": 140.393329, "url": "https://www.iryou.teikyouseido.mhlw.go.jp/znk-web/juminkanja/S2430/initialize?prefCd=06&kikanCd=2206532057&kikanKbn=2", "url2": "https://www.city.higashine.yamagata.jp/section_list/section028/kyujitsu-shinryo/", "内容": "東根市休日診療所【2:診療所】【診療科目:0】山形県東根市中央一丁目５番１号" }, "geometry": { "type": "Point", "coordinates": [ 140.393329, 38.430666 ] } },
{ "type": "Feature", "properties": { "ID": 62206532060, "正式名称": "医療法人真理子レディースクリニック", "機関区分": 2, "都道府県コード": 6, "市区町村コード": 201, "所在地": "山形県山形市小姓町６−３５", "緯度": 38.24737, "経度": 140.343227, "url": "https://www.iryou.teikyouseido.mhlw.go.jp/znk-web/juminkanja/S2430/initialize?prefCd=06&kikanCd=2206532060&kikanKbn=2", "url2": "http://www.mariko-ladiesclinic.com", "内容": "医療法人真理子レディースクリニック【2:診療所】【診療科目:0】山形県山形市小姓町６−３５" }, "geometry": { "type": "Point", "coordinates": [ 140.343227, 38.24737 ] } },
{ "type": "Feature", "properties": { "ID": 62206532073, "正式名称": "やまもと眼科クリニック", "機関区分": 2, "都道府県コード": 6, "市区町村コード": 201, "所在地": "山形県山形市元木", "緯度": 38.222536, "経度": 140.319404, "url": "https://www.iryou.teikyouseido.mhlw.go.jp/znk-web/juminkanja/S2430/initialize?prefCd=06&kikanCd=2206532073&kikanKbn=2", "url2": null, "内容": "やまもと眼科クリニック【2:診療所】【診療科目:0】山形県山形市元木" }, "geometry": { "type": "Point", "coordinates": [ 140.319404, 38.222536 ] } },
{ "type": "Feature", "properties": { "ID": 62206532099, "正式名称": "高橋眼科クリニック", "機関区分": 2, "都道府県コード": 6, "市区町村コード": 210, "所在地": "山形県天童市鍬ノ町１－２－２１", "緯度": 38.355087, "経度": 140.384588, "url": "https://www.iryou.teikyouseido.mhlw.go.jp/znk-web/juminkanja/S2430/initialize?prefCd=06&kikanCd=2206532099&kikanKbn=2", "url2": "http://www.takahashi-ganka.jp", "内容": "高橋眼科クリニック【2:診療所】【診療科目:0】山形県天童市鍬ノ町１－２－２１" }, "geometry": { "type": "Point", "coordinates": [ 140.384588, 38.355087 ] } },
{ "type": "Feature", "properties": { "ID": 62206532116, "正式名称": "ざおう整形外科クリニック", "機関区分": 2, "都道府県コード": 6, "市区町村コード": 201, "所在地": "山形県山形市蔵王半郷字西ノ宮２４４－１", "緯度": 38.190786, "経度": 140.315578, "url": "https://www.iryou.teikyouseido.mhlw.go.jp/znk-web/juminkanja/S2430/initialize?prefCd=06&kikanCd=2206532116&kikanKbn=2", "url2": null, "内容": "ざおう整形外科クリニック【2:診療所】【診療科目:0】山形県山形市蔵王半郷字西ノ宮２４４－１" }, "geometry": { "type": "Point", "coordinates": [ 140.315578, 38.190786 ] } },
{ "type": "Feature", "properties": { "ID": 62206532145, "正式名称": "医療法人宮川整形外科クリニック", "機関区分": 2, "都道府県コード": 6, "市区町村コード": 201, "所在地": "山形県山形市宮町２丁目１ー３４", "緯度": 38.265977, "経度": 140.333838, "url": "https://www.iryou.teikyouseido.mhlw.go.jp/znk-web/juminkanja/S2430/initialize?prefCd=06&kikanCd=2206532145&kikanKbn=2", "url2": null, "内容": "医療法人宮川整形外科クリニック【2:診療所】【診療科目:0】山形県山形市宮町２丁目１ー３４" }, "geometry": { "type": "Point", "coordinates": [ 140.333838, 38.265977 ] } },
{ "type": "Feature", "properties": { "ID": 62206532158, "正式名称": "ファミリークリニックやざわ", "機関区分": 2, "都道府県コード": 6, "市区町村コード": 201, "所在地": "山形県山形市青柳１５４４－５", "緯度": 38.299788, "経度": 140.349408, "url": "https://www.iryou.teikyouseido.mhlw.go.jp/znk-web/juminkanja/S2430/initialize?prefCd=06&kikanCd=2206532158&kikanKbn=2", "url2": null, "内容": "ファミリークリニックやざわ【2:診療所】【診療科目:0】山形県山形市青柳１５４４－５" }, "geometry": { "type": "Point", "coordinates": [ 140.349408, 38.299788 ] } },
{ "type": "Feature", "properties": { "ID": 62206532161, "正式名称": "ひがしね耳鼻咽喉科", "機関区分": 2, "都道府県コード": 6, "市区町村コード": 211, "所在地": "山形県東根市さくらんぼ駅前２－１０－２７", "緯度": 38.42878, "経度": 140.387385, "url": "https://www.iryou.teikyouseido.mhlw.go.jp/znk-web/juminkanja/S2430/initialize?prefCd=06&kikanCd=2206532161&kikanKbn=2", "url2": null, "内容": "ひがしね耳鼻咽喉科【2:診療所】【診療科目:0】山形県東根市さくらんぼ駅前２－１０－２７" }, "geometry": { "type": "Point", "coordinates": [ 140.387385, 38.42878 ] } },
{ "type": "Feature", "properties": { "ID": 62206532187, "正式名称": "クリスタル美容外科", "機関区分": 2, "都道府県コード": 6, "市区町村コード": 201, "所在地": "山形県山形市本町１－３－１４　３階", "緯度": 38.249162, "経度": 140.336566, "url": "https://www.iryou.teikyouseido.mhlw.go.jp/znk-web/juminkanja/S2430/initialize?prefCd=06&kikanCd=2206532187&kikanKbn=2", "url2": null, "内容": "クリスタル美容外科【2:診療所】【診療科目:0】山形県山形市本町１－３－１４　３階" }, "geometry": { "type": "Point", "coordinates": [ 140.336566, 38.249162 ] } },
{ "type": "Feature", "properties": { "ID": 62206532190, "正式名称": "山口内科クリニック", "機関区分": 2, "都道府県コード": 6, "市区町村コード": 201, "所在地": "山形県山形市七日町５－１２－１４", "緯度": 38.250639, "経度": 140.344703, "url": "https://www.iryou.teikyouseido.mhlw.go.jp/znk-web/juminkanja/S2430/initialize?prefCd=06&kikanCd=2206532190&kikanKbn=2", "url2": "https://www.yamaguchinaikaclinic.com/", "内容": "山口内科クリニック【2:診療所】【診療科目:0】山形県山形市七日町５－１２－１４" }, "geometry": { "type": "Point", "coordinates": [ 140.344703, 38.250639 ] } },
{ "type": "Feature", "properties": { "ID": 62206532288, "正式名称": "いしざわ皮ふ科クリニック", "機関区分": 2, "都道府県コード": 6, "市区町村コード": 321, "所在地": "山形県西村山郡河北町谷地中央５－４－１", "緯度": 38.419063, "経度": 140.307682, "url": "https://www.iryou.teikyouseido.mhlw.go.jp/znk-web/juminkanja/S2430/initialize?prefCd=06&kikanCd=2206532288&kikanKbn=2", "url2": null, "内容": "いしざわ皮ふ科クリニック【2:診療所】【診療科目:0】山形県西村山郡河北町谷地中央５－４－１" }, "geometry": { "type": "Point", "coordinates": [ 140.307682, 38.419063 ] } },
{ "type": "Feature", "properties": { "ID": 62206532305, "正式名称": "青山皮膚科", "機関区分": 2, "都道府県コード": 6, "市区町村コード": 201, "所在地": "山形県山形市五十鈴１－８－１４", "緯度": 38.271334, "経度": 140.355266, "url": "https://www.iryou.teikyouseido.mhlw.go.jp/znk-web/juminkanja/S2430/initialize?prefCd=06&kikanCd=2206532305&kikanKbn=2", "url2": null, "内容": "青山皮膚科【2:診療所】【診療科目:0】山形県山形市五十鈴１－８－１４" }, "geometry": { "type": "Point", "coordinates": [ 140.355266, 38.271334 ] } },
{ "type": "Feature", "properties": { "ID": 62206532321, "正式名称": "いなむら耳鼻咽喉科クリニック", "機関区分": 2, "都道府県コード": 6, "市区町村コード": 201, "所在地": "山形県山形市篭田３−１−２", "緯度": 38.238822, "経度": 140.318896, "url": "https://www.iryou.teikyouseido.mhlw.go.jp/znk-web/juminkanja/S2430/initialize?prefCd=06&kikanCd=2206532321&kikanKbn=2", "url2": "http://www.inamura-orl.jp/", "内容": "いなむら耳鼻咽喉科クリニック【2:診療所】【診療科目:0】山形県山形市篭田３−１−２" }, "geometry": { "type": "Point", "coordinates": [ 140.318896, 38.238822 ] } },
{ "type": "Feature", "properties": { "ID": 62206532334, "正式名称": "七日町メンタルクリニック", "機関区分": 2, "都道府県コード": 6, "市区町村コード": 201, "所在地": "山形県山形市七日町１−４−３１　山形七日町ワシントンホテル１階", "緯度": 38.253692, "経度": 140.338744, "url": "https://www.iryou.teikyouseido.mhlw.go.jp/znk-web/juminkanja/S2430/initialize?prefCd=06&kikanCd=2206532334&kikanKbn=2", "url2": "http://www.nanukamachimc.jp/", "内容": "七日町メンタルクリニック【2:診療所】【診療科目:0】山形県山形市七日町１−４−３１　山形七日町ワシントンホテル１階" }, "geometry": { "type": "Point", "coordinates": [ 140.338744, 38.253692 ] } },
{ "type": "Feature", "properties": { "ID": 62206532350, "正式名称": "松本内科クリニック", "機関区分": 2, "都道府県コード": 6, "市区町村コード": 201, "所在地": "山形県山形市双葉町２－１－２２", "緯度": 38.248356, "経度": 140.322217, "url": "https://www.iryou.teikyouseido.mhlw.go.jp/znk-web/juminkanja/S2430/initialize?prefCd=06&kikanCd=2206532350&kikanKbn=2", "url2": "http://www.matsumotonaika-clinic.com/", "内容": "松本内科クリニック【2:診療所】【診療科目:0】山形県山形市双葉町２－１－２２" }, "geometry": { "type": "Point", "coordinates": [ 140.322217, 38.248356 ] } },
{ "type": "Feature", "properties": { "ID": 62206532392, "正式名称": "オーヌマ眼科", "機関区分": 2, "都道府県コード": 6, "市区町村コード": 201, "所在地": "山形県山形市鈴川町３−８−１０", "緯度": 38.269374, "経度": 140.358893, "url": "https://www.iryou.teikyouseido.mhlw.go.jp/znk-web/juminkanja/S2430/initialize?prefCd=06&kikanCd=2206532392&kikanKbn=2", "url2": "http://oonumaganka.com/", "内容": "オーヌマ眼科【2:診療所】【診療科目:0】山形県山形市鈴川町３−８−１０" }, "geometry": { "type": "Point", "coordinates": [ 140.358893, 38.269374 ] } },
{ "type": "Feature", "properties": { "ID": 62206532406, "正式名称": "さかえクリニック", "機関区分": 2, "都道府県コード": 6, "市区町村コード": 212, "所在地": "山形県尾花沢市上町１－１－８", "緯度": 38.601813, "経度": 140.404836, "url": "https://www.iryou.teikyouseido.mhlw.go.jp/znk-web/juminkanja/S2430/initialize?prefCd=06&kikanCd=2206532406&kikanKbn=2", "url2": null, "内容": "さかえクリニック【2:診療所】【診療科目:0】山形県尾花沢市上町１－１－８" }, "geometry": { "type": "Point", "coordinates": [ 140.404836, 38.601813 ] } },
{ "type": "Feature", "properties": { "ID": 62206532419, "正式名称": "ゆうき眼科クリニック", "機関区分": 2, "都道府県コード": 6, "市区町村コード": 212, "所在地": "山形県尾花沢市上町４－７－７", "緯度": 38.599389, "経度": 140.40014, "url": "https://www.iryou.teikyouseido.mhlw.go.jp/znk-web/juminkanja/S2430/initialize?prefCd=06&kikanCd=2206532419&kikanKbn=2", "url2": null, "内容": "ゆうき眼科クリニック【2:診療所】【診療科目:0】山形県尾花沢市上町４－７－７" }, "geometry": { "type": "Point", "coordinates": [ 140.40014, 38.599389 ] } },
{ "type": "Feature", "properties": { "ID": 62206532451, "正式名称": "整形外科増子", "機関区分": 2, "都道府県コード": 6, "市区町村コード": 210, "所在地": "山形県天童市南町", "緯度": 38.341976, "経度": 140.368767, "url": "https://www.iryou.teikyouseido.mhlw.go.jp/znk-web/juminkanja/S2430/initialize?prefCd=06&kikanCd=2206532451&kikanKbn=2", "url2": null, "内容": "整形外科増子【2:診療所】【診療科目:0】山形県天童市南町" }, "geometry": { "type": "Point", "coordinates": [ 140.368767, 38.341976 ] } },
{ "type": "Feature", "properties": { "ID": 62206532464, "正式名称": "金井たかはし眼科", "機関区分": 2, "都道府県コード": 6, "市区町村コード": 201, "所在地": "山形県山形市瀬波１－６－１５", "緯度": 38.278677, "経度": 140.307922, "url": "https://www.iryou.teikyouseido.mhlw.go.jp/znk-web/juminkanja/S2430/initialize?prefCd=06&kikanCd=2206532464&kikanKbn=2", "url2": "http://www.kanai-takahashi-ganka.jp/", "内容": "金井たかはし眼科【2:診療所】【診療科目:0】山形県山形市瀬波１－６－１５" }, "geometry": { "type": "Point", "coordinates": [ 140.307922, 38.278677 ] } },
{ "type": "Feature", "properties": { "ID": 62206532493, "正式名称": "羽根田医院", "機関区分": 2, "都道府県コード": 6, "市区町村コード": 208, "所在地": "山形県村山市湯野沢１９２１", "緯度": 38.471642, "経度": 140.321673, "url": "https://www.iryou.teikyouseido.mhlw.go.jp/znk-web/juminkanja/S2430/initialize?prefCd=06&kikanCd=2206532493&kikanKbn=2", "url2": null, "内容": "羽根田医院【2:診療所】【診療科目:0】山形県村山市湯野沢１９２１" }, "geometry": { "type": "Point", "coordinates": [ 140.321673, 38.471642 ] } },
{ "type": "Feature", "properties": { "ID": 62206532510, "正式名称": "杉山内科クリニック", "機関区分": 2, "都道府県コード": 6, "市区町村コード": 201, "所在地": "山形県山形市嶋北１丁目１４の３", "緯度": 38.285892, "経度": 140.321586, "url": "https://www.iryou.teikyouseido.mhlw.go.jp/znk-web/juminkanja/S2430/initialize?prefCd=06&kikanCd=2206532510&kikanKbn=2", "url2": "https://clinic-sugiyama.jp/", "内容": "杉山内科クリニック【2:診療所】【診療科目:0】山形県山形市嶋北１丁目１４の３" }, "geometry": { "type": "Point", "coordinates": [ 140.321586, 38.285892 ] } },
{ "type": "Feature", "properties": { "ID": 62206532536, "正式名称": "鈴木医院", "機関区分": 2, "都道府県コード": 6, "市区町村コード": 301, "所在地": "山形県東村山郡山辺町山辺１０６８", "緯度": 38.301016, "経度": 140.267483, "url": "https://www.iryou.teikyouseido.mhlw.go.jp/znk-web/juminkanja/S2430/initialize?prefCd=06&kikanCd=2206532536&kikanKbn=2", "url2": "https://www.kakairyo-suzuki.com/", "内容": "鈴木医院【2:診療所】【診療科目:0】山形県東村山郡山辺町山辺１０６８" }, "geometry": { "type": "Point", "coordinates": [ 140.267483, 38.301016 ] } },
{ "type": "Feature", "properties": { "ID": 62206532549, "正式名称": "黒田内科クリニック", "機関区分": 2, "都道府県コード": 6, "市区町村コード": 201, "所在地": "山形県山形市七日町４丁目１３番３３号", "緯度": 38.253747, "経度": 140.346241, "url": "https://www.iryou.teikyouseido.mhlw.go.jp/znk-web/juminkanja/S2430/initialize?prefCd=06&kikanCd=2206532549&kikanKbn=2", "url2": "https://www.kurodanaika-yamagata.com/", "内容": "黒田内科クリニック【2:診療所】【診療科目:0】山形県山形市七日町４丁目１３番３３号" }, "geometry": { "type": "Point", "coordinates": [ 140.346241, 38.253747 ] } },
{ "type": "Feature", "properties": { "ID": 62206532552, "正式名称": "ひでたま胃腸科眼科クリニック", "機関区分": 2, "都道府県コード": 6, "市区町村コード": 301, "所在地": "山形県東村山郡山辺町山辺６１３９−６", "緯度": 38.288046, "経度": 140.273459, "url": "https://www.iryou.teikyouseido.mhlw.go.jp/znk-web/juminkanja/S2430/initialize?prefCd=06&kikanCd=2206532552&kikanKbn=2", "url2": "http://hidetama-clinic.weebly.com", "内容": "ひでたま胃腸科眼科クリニック【2:診療所】【診療科目:0】山形県東村山郡山辺町山辺６１３９−６" }, "geometry": { "type": "Point", "coordinates": [ 140.273459, 38.288046 ] } },
{ "type": "Feature", "properties": { "ID": 62206532565, "正式名称": "池田小児科クリニック", "機関区分": 2, "都道府県コード": 6, "市区町村コード": 201, "所在地": "山形県山形市松原３１１ー１", "緯度": 38.206537, "経度": 140.307387, "url": "https://www.iryou.teikyouseido.mhlw.go.jp/znk-web/juminkanja/S2430/initialize?prefCd=06&kikanCd=2206532565&kikanKbn=2", "url2": "http://website.infomity.net/c0001366/", "内容": "池田小児科クリニック【2:診療所】【診療科目:0】山形県山形市松原３１１ー１" }, "geometry": { "type": "Point", "coordinates": [ 140.307387, 38.206537 ] } },
{ "type": "Feature", "properties": { "ID": 62206532578, "正式名称": "陵南眼科クリニック", "機関区分": 2, "都道府県コード": 6, "市区町村コード": 206, "所在地": "山形県寒河江市仲谷地", "緯度": 38.370644, "経度": 140.26265, "url": "https://www.iryou.teikyouseido.mhlw.go.jp/znk-web/juminkanja/S2430/initialize?prefCd=06&kikanCd=2206532578&kikanKbn=2", "url2": null, "内容": "陵南眼科クリニック【2:診療所】【診療科目:0】山形県寒河江市仲谷地" }, "geometry": { "type": "Point", "coordinates": [ 140.26265, 38.370644 ] } },
{ "type": "Feature", "properties": { "ID": 62206532611, "正式名称": "南館クリニック", "機関区分": 2, "都道府県コード": 6, "市区町村コード": 201, "所在地": "山形県山形市南館４－１－４５", "緯度": 38.23666, "経度": 140.310897, "url": "https://www.iryou.teikyouseido.mhlw.go.jp/znk-web/juminkanja/S2430/initialize?prefCd=06&kikanCd=2206532611&kikanKbn=2", "url2": "http://www.miyuki.or.jp/", "内容": "南館クリニック【2:診療所】【診療科目:0】山形県山形市南館４－１－４５" }, "geometry": { "type": "Point", "coordinates": [ 140.310897, 38.23666 ] } },
{ "type": "Feature", "properties": { "ID": 62206532637, "正式名称": "矢口泌尿器科内科クリニック", "機関区分": 2, "都道府県コード": 6, "市区町村コード": 321, "所在地": "山形県西村山郡河北町谷地中央一丁目３番７号", "緯度": 38.421099, "経度": 140.312265, "url": "https://www.iryou.teikyouseido.mhlw.go.jp/znk-web/juminkanja/S2430/initialize?prefCd=06&kikanCd=2206532637&kikanKbn=2", "url2": null, "内容": "矢口泌尿器科内科クリニック【2:診療所】【診療科目:0】山形県西村山郡河北町谷地中央一丁目３番７号" }, "geometry": { "type": "Point", "coordinates": [ 140.312265, 38.421099 ] } },
{ "type": "Feature", "properties": { "ID": 62206532640, "正式名称": "金村医院", "機関区分": 2, "都道府県コード": 6, "市区町村コード": 211, "所在地": "山形県東根市本丸西４丁目１番２４号", "緯度": 38.448047, "経度": 140.394003, "url": "https://www.iryou.teikyouseido.mhlw.go.jp/znk-web/juminkanja/S2430/initialize?prefCd=06&kikanCd=2206532640&kikanKbn=2", "url2": "http://www.kanemuraiin.jp", "内容": "金村医院【2:診療所】【診療科目:0】山形県東根市本丸西４丁目１番２４号" }, "geometry": { "type": "Point", "coordinates": [ 140.394003, 38.448047 ] } },
{ "type": "Feature", "properties": { "ID": 62206532666, "正式名称": "本町矢吹クリニック", "機関区分": 2, "都道府県コード": 6, "市区町村コード": 201, "所在地": "山形県山形市本町一丁目６ー１７", "緯度": 38.251284, "経度": 140.335711, "url": "https://www.iryou.teikyouseido.mhlw.go.jp/znk-web/juminkanja/S2430/initialize?prefCd=06&kikanCd=2206532666&kikanKbn=2", "url2": "http://www.seieig.or.jp/", "内容": "本町矢吹クリニック【2:診療所】【診療科目:0】山形県山形市本町一丁目６ー１７" }, "geometry": { "type": "Point", "coordinates": [ 140.335711, 38.251284 ] } },
{ "type": "Feature", "properties": { "ID": 62206532695, "正式名称": "つかさ内科医院", "機関区分": 2, "都道府県コード": 6, "市区町村コード": 321, "所在地": "山形県西村山郡河北町谷地字月山堂４０８－１", "緯度": 38.415291, "経度": 140.31395, "url": "https://www.iryou.teikyouseido.mhlw.go.jp/znk-web/juminkanja/S2430/initialize?prefCd=06&kikanCd=2206532695&kikanKbn=2", "url2": "http://www.justmystage.com/home/tukasaiin/", "内容": "つかさ内科医院【2:診療所】【診療科目:0】山形県西村山郡河北町谷地字月山堂４０８－１" }, "geometry": { "type": "Point", "coordinates": [ 140.31395, 38.415291 ] } },
{ "type": "Feature", "properties": { "ID": 62206532754, "正式名称": "おくやま内科医院", "機関区分": 2, "都道府県コード": 6, "市区町村コード": 212, "所在地": "山形県尾花沢市新町中央３－６", "緯度": 38.605525, "経度": 140.40702, "url": "https://www.iryou.teikyouseido.mhlw.go.jp/znk-web/juminkanja/S2430/initialize?prefCd=06&kikanCd=2206532754&kikanKbn=2", "url2": null, "内容": "おくやま内科医院【2:診療所】【診療科目:0】山形県尾花沢市新町中央３－６" }, "geometry": { "type": "Point", "coordinates": [ 140.40702, 38.605525 ] } },
{ "type": "Feature", "properties": { "ID": 62206532770, "正式名称": "村田内科医院", "機関区分": 2, "都道府県コード": 6, "市区町村コード": 201, "所在地": "山形県山形市十日町４ー７ー２３メディカルプラザ十日町", "緯度": 38.242921, "経度": 140.333092, "url": "https://www.iryou.teikyouseido.mhlw.go.jp/znk-web/juminkanja/S2430/initialize?prefCd=06&kikanCd=2206532770&kikanKbn=2", "url2": "https://muratanaika-seikatsu.com/", "内容": "村田内科医院【2:診療所】【診療科目:0】山形県山形市十日町４ー７ー２３メディカルプラザ十日町" }, "geometry": { "type": "Point", "coordinates": [ 140.333092, 38.242921 ] } },
{ "type": "Feature", "properties": { "ID": 62206532783, "正式名称": "板垣クリニック", "機関区分": 2, "都道府県コード": 6, "市区町村コード": 201, "所在地": "山形県山形市成沢西４－４－５", "緯度": 38.206276, "経度": 140.319664, "url": "https://www.iryou.teikyouseido.mhlw.go.jp/znk-web/juminkanja/S2430/initialize?prefCd=06&kikanCd=2206532783&kikanKbn=2", "url2": null, "内容": "板垣クリニック【2:診療所】【診療科目:0】山形県山形市成沢西４－４－５" }, "geometry": { "type": "Point", "coordinates": [ 140.319664, 38.206276 ] } },
{ "type": "Feature", "properties": { "ID": 62206532842, "正式名称": "レディースクリニック高山", "機関区分": 2, "都道府県コード": 6, "市区町村コード": 201, "所在地": "山形県山形市嶋北１－１４－１３", "緯度": 38.285991, "経度": 140.319959, "url": "https://www.iryou.teikyouseido.mhlw.go.jp/znk-web/juminkanja/S2430/initialize?prefCd=06&kikanCd=2206532842&kikanKbn=2", "url2": "http://www.web-clover.net/lc-takayama/", "内容": "レディースクリニック高山【2:診療所】【診療科目:0】山形県山形市嶋北１－１４－１３" }, "geometry": { "type": "Point", "coordinates": [ 140.319959, 38.285991 ] } },
{ "type": "Feature", "properties": { "ID": 62206532884, "正式名称": "社会医療法人松柏会わかばクリニック", "機関区分": 2, "都道府県コード": 6, "市区町村コード": 201, "所在地": "山形県山形市旅篭町１－７－２３", "緯度": 38.255286, "経度": 140.334716, "url": "https://www.iryou.teikyouseido.mhlw.go.jp/znk-web/juminkanja/S2430/initialize?prefCd=06&kikanCd=2206532884&kikanKbn=2", "url2": "http://www.shiseido-hp.jp/p_06_fuzoku-shisetsu/p_06_wakaba_clinic.html", "内容": "社会医療法人松柏会わかばクリニック【2:診療所】【診療科目:0】山形県山形市旅篭町１－７－２３" }, "geometry": { "type": "Point", "coordinates": [ 140.334716, 38.255286 ] } },
{ "type": "Feature", "properties": { "ID": 62206532901, "正式名称": "べにばな内科クリニック", "機関区分": 2, "都道府県コード": 6, "市区町村コード": 201, "所在地": "山形県山形市成沢西４−１１−３２", "緯度": 38.204751, "経度": 140.31611, "url": "https://www.iryou.teikyouseido.mhlw.go.jp/znk-web/juminkanja/S2430/initialize?prefCd=06&kikanCd=2206532901&kikanKbn=2", "url2": "http://www.benibana-clinic.com", "内容": "べにばな内科クリニック【2:診療所】【診療科目:0】山形県山形市成沢西４−１１−３２" }, "geometry": { "type": "Point", "coordinates": [ 140.31611, 38.204751 ] } },
{ "type": "Feature", "properties": { "ID": 62206532927, "正式名称": "桃井整形外科", "機関区分": 2, "都道府県コード": 6, "市区町村コード": 201, "所在地": "山形県山形市緑町４−１４−８", "緯度": 38.254002, "経度": 140.351943, "url": "https://www.iryou.teikyouseido.mhlw.go.jp/znk-web/juminkanja/S2430/initialize?prefCd=06&kikanCd=2206532927&kikanKbn=2", "url2": "http://momonoiseikeigeka.com", "内容": "桃井整形外科【2:診療所】【診療科目:0】山形県山形市緑町４−１４−８" }, "geometry": { "type": "Point", "coordinates": [ 140.351943, 38.254002 ] } },
{ "type": "Feature", "properties": { "ID": 62206532998, "正式名称": "医療法人社団さがえ整形外科クリニック", "機関区分": 2, "都道府県コード": 6, "市区町村コード": 201, "所在地": "山形県山形市あこや町", "緯度": 38.241465, "経度": 140.353101, "url": "https://www.iryou.teikyouseido.mhlw.go.jp/znk-web/juminkanja/S2430/initialize?prefCd=06&kikanCd=2206532998&kikanKbn=2", "url2": null, "内容": "医療法人社団さがえ整形外科クリニック【2:診療所】【診療科目:0】山形県山形市あこや町" }, "geometry": { "type": "Point", "coordinates": [ 140.353101, 38.241465 ] } },
{ "type": "Feature", "properties": { "ID": 62206533009, "正式名称": "ひかり皮膚科", "機関区分": 2, "都道府県コード": 6, "市区町村コード": 211, "所在地": "山形県東根市さくらんぼ駅前", "緯度": 38.430303, "経度": 140.394507, "url": "https://www.iryou.teikyouseido.mhlw.go.jp/znk-web/juminkanja/S2430/initialize?prefCd=06&kikanCd=2206533009&kikanKbn=2", "url2": "http://hikarihifuka.com/", "内容": "ひかり皮膚科【2:診療所】【診療科目:0】山形県東根市さくらんぼ駅前" }, "geometry": { "type": "Point", "coordinates": [ 140.394507, 38.430303 ] } },
{ "type": "Feature", "properties": { "ID": 62206533012, "正式名称": "医療法人社団伍光会北村山在宅診療所", "機関区分": 2, "都道府県コード": 6, "市区町村コード": 211, "所在地": "山形県東根市温泉町２−５−３", "緯度": 38.45951, "経度": 140.388402, "url": "https://www.iryou.teikyouseido.mhlw.go.jp/znk-web/juminkanja/S2430/initialize?prefCd=06&kikanCd=2206533012&kikanKbn=2", "url2": null, "内容": "医療法人社団伍光会北村山在宅診療所【2:診療所】【診療科目:0】山形県東根市温泉町２−５−３" }, "geometry": { "type": "Point", "coordinates": [ 140.388402, 38.45951 ] } },
{ "type": "Feature", "properties": { "ID": 62206533070, "正式名称": "わだ心療内科クリニック", "機関区分": 2, "都道府県コード": 6, "市区町村コード": 201, "所在地": "山形県山形市小白川町４ー３－２４", "緯度": 38.243615, "経度": 140.352556, "url": "https://www.iryou.teikyouseido.mhlw.go.jp/znk-web/juminkanja/S2430/initialize?prefCd=06&kikanCd=2206533070&kikanKbn=2", "url2": null, "内容": "わだ心療内科クリニック【2:診療所】【診療科目:0】山形県山形市小白川町４ー３－２４" }, "geometry": { "type": "Point", "coordinates": [ 140.352556, 38.243615 ] } },
{ "type": "Feature", "properties": { "ID": 62206533083, "正式名称": "かほく紅花クリニック", "機関区分": 2, "都道府県コード": 6, "市区町村コード": 321, "所在地": "山形県西村山郡河北町谷地中央５丁目９ー１５", "緯度": 38.416947, "経度": 140.307402, "url": "https://www.iryou.teikyouseido.mhlw.go.jp/znk-web/juminkanja/S2430/initialize?prefCd=06&kikanCd=2206533083&kikanKbn=2", "url2": "https://kahokubenibanaclinic.jimdoweb.com/", "内容": "かほく紅花クリニック【2:診療所】【診療科目:0】山形県西村山郡河北町谷地中央５丁目９ー１５" }, "geometry": { "type": "Point", "coordinates": [ 140.307402, 38.416947 ] } },
{ "type": "Feature", "properties": { "ID": 62206533100, "正式名称": "こにだ高橋クリニック", "機関区分": 2, "都道府県コード": 6, "市区町村コード": 201, "所在地": "山形県山形市小荷駄町１２－３２", "緯度": 38.23777, "経度": 140.343093, "url": "https://www.iryou.teikyouseido.mhlw.go.jp/znk-web/juminkanja/S2430/initialize?prefCd=06&kikanCd=2206533100&kikanKbn=2", "url2": "http://www3.ic-net.or.jp/~konida-cl/", "内容": "こにだ高橋クリニック【2:診療所】【診療科目:0】山形県山形市小荷駄町１２－３２" }, "geometry": { "type": "Point", "coordinates": [ 140.343093, 38.23777 ] } },
{ "type": "Feature", "properties": { "ID": 62206533142, "正式名称": "荒井小児科医院", "機関区分": 2, "都道府県コード": 6, "市区町村コード": 201, "所在地": "山形県山形市久保田１−４−２７", "緯度": 38.250192, "経度": 140.317354, "url": "https://www.iryou.teikyouseido.mhlw.go.jp/znk-web/juminkanja/S2430/initialize?prefCd=06&kikanCd=2206533142&kikanKbn=2", "url2": "http://araisyouni.byoinnavi.jp/pc/", "内容": "荒井小児科医院【2:診療所】【診療科目:0】山形県山形市久保田１−４−２７" }, "geometry": { "type": "Point", "coordinates": [ 140.317354, 38.250192 ] } },
{ "type": "Feature", "properties": { "ID": 62206533214, "正式名称": "かんの眼科", "機関区分": 2, "都道府県コード": 6, "市区町村コード": 201, "所在地": "山形県山形市吉原２ー１０ー５", "緯度": 38.228495, "経度": 140.313113, "url": "https://www.iryou.teikyouseido.mhlw.go.jp/znk-web/juminkanja/S2430/initialize?prefCd=06&kikanCd=2206533214&kikanKbn=2", "url2": "https://kanno-ganka.o.oo7.jp", "内容": "かんの眼科【2:診療所】【診療科目:0】山形県山形市吉原２ー１０ー５" }, "geometry": { "type": "Point", "coordinates": [ 140.313113, 38.228495 ] } },
{ "type": "Feature", "properties": { "ID": 62206533227, "正式名称": "山形市休日夜間診療所", "機関区分": 2, "都道府県コード": 6, "市区町村コード": 201, "所在地": "山形県山形市香澄町２－９－３９", "緯度": 38.249203, "経度": 140.333297, "url": "https://www.iryou.teikyouseido.mhlw.go.jp/znk-web/juminkanja/S2430/initialize?prefCd=06&kikanCd=2206533227&kikanKbn=2", "url2": null, "内容": "山形市休日夜間診療所【2:診療所】【診療科目:0】山形県山形市香澄町２－９－３９" }, "geometry": { "type": "Point", "coordinates": [ 140.333297, 38.249203 ] } },
{ "type": "Feature", "properties": { "ID": 62206533315, "正式名称": "美畑町耳鼻咽喉科クリニック", "機関区分": 2, "都道府県コード": 6, "市区町村コード": 201, "所在地": "山形県山形市美畑町１２－１２", "緯度": 38.235632, "経度": 140.324284, "url": "https://www.iryou.teikyouseido.mhlw.go.jp/znk-web/juminkanja/S2430/initialize?prefCd=06&kikanCd=2206533315&kikanKbn=2", "url2": "http://www.mihata-orl.jp/", "内容": "美畑町耳鼻咽喉科クリニック【2:診療所】【診療科目:0】山形県山形市美畑町１２－１２" }, "geometry": { "type": "Point", "coordinates": [ 140.324284, 38.235632 ] } },
{ "type": "Feature", "properties": { "ID": 62206533403, "正式名称": "山元診療所", "機関区分": 2, "都道府県コード": 6, "市区町村コード": 207, "所在地": "山形県上山市狸森久々取５１１−１", "緯度": 38.185584, "経度": 140.225392, "url": "https://www.iryou.teikyouseido.mhlw.go.jp/znk-web/juminkanja/S2430/initialize?prefCd=06&kikanCd=2206533403&kikanKbn=2", "url2": null, "内容": "山元診療所【2:診療所】【診療科目:0】山形県上山市狸森久々取５１１−１" }, "geometry": { "type": "Point", "coordinates": [ 140.225392, 38.185584 ] } },
{ "type": "Feature", "properties": { "ID": 62206533432, "正式名称": "あきらクリニック", "機関区分": 2, "都道府県コード": 6, "市区町村コード": 201, "所在地": "山形県山形市南四番町１２−１０", "緯度": 38.233119, "経度": 140.325859, "url": "https://www.iryou.teikyouseido.mhlw.go.jp/znk-web/juminkanja/S2430/initialize?prefCd=06&kikanCd=2206533432&kikanKbn=2", "url2": null, "内容": "あきらクリニック【2:診療所】【診療科目:0】山形県山形市南四番町１２−１０" }, "geometry": { "type": "Point", "coordinates": [ 140.325859, 38.233119 ] } },
{ "type": "Feature", "properties": { "ID": 62206533461, "正式名称": "こんの小児科アレルギー科クリニック", "機関区分": 2, "都道府県コード": 6, "市区町村コード": 201, "所在地": "山形県山形市銅町２－６－６", "緯度": 38.270309, "経度": 140.342529, "url": "https://www.iryou.teikyouseido.mhlw.go.jp/znk-web/juminkanja/S2430/initialize?prefCd=06&kikanCd=2206533461&kikanKbn=2", "url2": "https://konnoshounika.jp/", "内容": "こんの小児科アレルギー科クリニック【2:診療所】【診療科目:0】山形県山形市銅町２－６－６" }, "geometry": { "type": "Point", "coordinates": [ 140.342529, 38.270309 ] } },
{ "type": "Feature", "properties": { "ID": 62206533520, "正式名称": "まつながキッズクリニック", "機関区分": 2, "都道府県コード": 6, "市区町村コード": 201, "所在地": "山形県山形市西田２－２－１０", "緯度": 38.263121, "経度": 140.314098, "url": "https://www.iryou.teikyouseido.mhlw.go.jp/znk-web/juminkanja/S2430/initialize?prefCd=06&kikanCd=2206533520&kikanKbn=2", "url2": "https://www.santa-kids.jp", "内容": "まつながキッズクリニック【2:診療所】【診療科目:0】山形県山形市西田２－２－１０" }, "geometry": { "type": "Point", "coordinates": [ 140.314098, 38.263121 ] } },
{ "type": "Feature", "properties": { "ID": 62206533533, "正式名称": "由美子こどもクリニック", "機関区分": 2, "都道府県コード": 6, "市区町村コード": 201, "所在地": "山形県山形市中野４１０１番地", "緯度": 38.307267, "経度": 140.300839, "url": "https://www.iryou.teikyouseido.mhlw.go.jp/znk-web/juminkanja/S2430/initialize?prefCd=06&kikanCd=2206533533&kikanKbn=2", "url2": "http://yumikkodomo.com/", "内容": "由美子こどもクリニック【2:診療所】【診療科目:0】山形県山形市中野４１０１番地" }, "geometry": { "type": "Point", "coordinates": [ 140.300839, 38.307267 ] } },
{ "type": "Feature", "properties": { "ID": 62206533546, "正式名称": "さとこ女性クリニック", "機関区分": 2, "都道府県コード": 6, "市区町村コード": 201, "所在地": "山形県山形市中野４１０３", "緯度": 38.305403, "経度": 140.301682, "url": "https://www.iryou.teikyouseido.mhlw.go.jp/znk-web/juminkanja/S2430/initialize?prefCd=06&kikanCd=2206533546&kikanKbn=2", "url2": "http://www.satoko-clinic.info", "内容": "さとこ女性クリニック【2:診療所】【診療科目:0】山形県山形市中野４１０３" }, "geometry": { "type": "Point", "coordinates": [ 140.301682, 38.305403 ] } },
{ "type": "Feature", "properties": { "ID": 62206533559, "正式名称": "南町耳鼻咽喉科", "機関区分": 2, "都道府県コード": 6, "市区町村コード": 210, "所在地": "山形県天童市南町３－１４－１９", "緯度": 38.341409, "経度": 140.368846, "url": "https://www.iryou.teikyouseido.mhlw.go.jp/znk-web/juminkanja/S2430/initialize?prefCd=06&kikanCd=2206533559&kikanKbn=2", "url2": "https://mjibi.com/access/", "内容": "南町耳鼻咽喉科【2:診療所】【診療科目:0】山形県天童市南町３－１４－１９" }, "geometry": { "type": "Point", "coordinates": [ 140.368846, 38.341409 ] } },
{ "type": "Feature", "properties": { "ID": 62206533588, "正式名称": "医療法人社団一庸会いちかわ整形外科", "機関区分": 2, "都道府県コード": 6, "市区町村コード": 201, "所在地": "山形県山形市上町３丁目１２番１２号", "緯度": 38.239398, "経度": 140.319124, "url": "https://www.iryou.teikyouseido.mhlw.go.jp/znk-web/juminkanja/S2430/initialize?prefCd=06&kikanCd=2206533588&kikanKbn=2", "url2": null, "内容": "医療法人社団一庸会いちかわ整形外科【2:診療所】【診療科目:0】山形県山形市上町３丁目１２番１２号" }, "geometry": { "type": "Point", "coordinates": [ 140.319124, 38.239398 ] } },
{ "type": "Feature", "properties": { "ID": 62206533591, "正式名称": "東谷心療内科", "機関区分": 2, "都道府県コード": 6, "市区町村コード": 210, "所在地": "山形県天童市南町三丁目２番１６号", "緯度": 38.344044, "経度": 140.368265, "url": "https://www.iryou.teikyouseido.mhlw.go.jp/znk-web/juminkanja/S2430/initialize?prefCd=06&kikanCd=2206533591&kikanKbn=2", "url2": "https://higashitanimental.com/", "内容": "東谷心療内科【2:診療所】【診療科目:0】山形県天童市南町三丁目２番１６号" }, "geometry": { "type": "Point", "coordinates": [ 140.368265, 38.344044 ] } },
{ "type": "Feature", "properties": { "ID": 62206533618, "正式名称": "佐藤眼科医院銅町クリニック", "機関区分": 2, "都道府県コード": 6, "市区町村コード": 201, "所在地": "山形県山形市銅町１－６－３５", "緯度": 38.273481, "経度": 140.33914, "url": "https://www.iryou.teikyouseido.mhlw.go.jp/znk-web/juminkanja/S2430/initialize?prefCd=06&kikanCd=2206533618&kikanKbn=2", "url2": "http://www11.plala.or.jp/TAIDOKAI/", "内容": "佐藤眼科医院銅町クリニック【2:診療所】【診療科目:0】山形県山形市銅町１－６－３５" }, "geometry": { "type": "Point", "coordinates": [ 140.33914, 38.273481 ] } },
{ "type": "Feature", "properties": { "ID": 62206533634, "正式名称": "おおたけ医院", "機関区分": 2, "都道府県コード": 6, "市区町村コード": 201, "所在地": "山形県山形市南三番町７−１８", "緯度": 38.230641, "経度": 140.324476, "url": "https://www.iryou.teikyouseido.mhlw.go.jp/znk-web/juminkanja/S2430/initialize?prefCd=06&kikanCd=2206533634&kikanKbn=2", "url2": "http://www.otake-orl.jp", "内容": "おおたけ医院【2:診療所】【診療科目:0】山形県山形市南三番町７−１８" }, "geometry": { "type": "Point", "coordinates": [ 140.324476, 38.230641 ] } },
{ "type": "Feature", "properties": { "ID": 62206533647, "正式名称": "かるべクリニック", "機関区分": 2, "都道府県コード": 6, "市区町村コード": 208, "所在地": "山形県村山市楯岡新町４−９−６", "緯度": 38.444939, "経度": 140.398668, "url": "https://www.iryou.teikyouseido.mhlw.go.jp/znk-web/juminkanja/S2430/initialize?prefCd=06&kikanCd=2206533647&kikanKbn=2", "url2": "http://karubeclinic.com", "内容": "かるべクリニック【2:診療所】【診療科目:0】山形県村山市楯岡新町４−９−６" }, "geometry": { "type": "Point", "coordinates": [ 140.398668, 38.444939 ] } },
{ "type": "Feature", "properties": { "ID": 62206533748, "正式名称": "医療法人金沢医院", "機関区分": 2, "都道府県コード": 6, "市区町村コード": 207, "所在地": "山形県上山市新町２－２－３４", "緯度": 38.163586, "経度": 140.283763, "url": "https://www.iryou.teikyouseido.mhlw.go.jp/znk-web/juminkanja/S2430/initialize?prefCd=06&kikanCd=2206533748&kikanKbn=2", "url2": null, "内容": "医療法人金沢医院【2:診療所】【診療科目:0】山形県上山市新町２－２－３４" }, "geometry": { "type": "Point", "coordinates": [ 140.283763, 38.163586 ] } },
{ "type": "Feature", "properties": { "ID": 62206533807, "正式名称": "医療法人社団笠原整形外科", "機関区分": 2, "都道府県コード": 6, "市区町村コード": 201, "所在地": "山形県山形市久保田１－８－１３", "緯度": 38.247378, "経度": 140.317468, "url": "https://www.iryou.teikyouseido.mhlw.go.jp/znk-web/juminkanja/S2430/initialize?prefCd=06&kikanCd=2206533807&kikanKbn=2", "url2": "https://www.kasaharaseikeigeka.com/", "内容": "医療法人社団笠原整形外科【2:診療所】【診療科目:0】山形県山形市久保田１－８－１３" }, "geometry": { "type": "Point", "coordinates": [ 140.317468, 38.247378 ] } },
{ "type": "Feature", "properties": { "ID": 62206533852, "正式名称": "嶋北内科脳神経外科クリニック", "機関区分": 2, "都道府県コード": 6, "市区町村コード": 201, "所在地": "山形県山形市嶋北３ー１ー１１", "緯度": 38.289176, "経度": 140.323744, "url": "https://www.iryou.teikyouseido.mhlw.go.jp/znk-web/juminkanja/S2430/initialize?prefCd=06&kikanCd=2206533852&kikanKbn=2", "url2": "https://shimakitaclinic.jp/", "内容": "嶋北内科脳神経外科クリニック【2:診療所】【診療科目:0】山形県山形市嶋北３ー１ー１１" }, "geometry": { "type": "Point", "coordinates": [ 140.323744, 38.289176 ] } },
{ "type": "Feature", "properties": { "ID": 62206533878, "正式名称": "近藤医院", "機関区分": 2, "都道府県コード": 6, "市区町村コード": 210, "所在地": "山形県天童市糠塚２丁目８－３０", "緯度": 38.364915, "経度": 140.383713, "url": "https://www.iryou.teikyouseido.mhlw.go.jp/znk-web/juminkanja/S2430/initialize?prefCd=06&kikanCd=2206533878&kikanKbn=2", "url2": null, "内容": "近藤医院【2:診療所】【診療科目:0】山形県天童市糠塚２丁目８－３０" }, "geometry": { "type": "Point", "coordinates": [ 140.383713, 38.364915 ] } },
{ "type": "Feature", "properties": { "ID": 62206533940, "正式名称": "すずきこどもクリニック", "機関区分": 2, "都道府県コード": 6, "市区町村コード": 211, "所在地": "山形県東根市神町北３の２の１８", "緯度": 38.494278, "経度": 140.366755, "url": "https://www.iryou.teikyouseido.mhlw.go.jp/znk-web/juminkanja/S2430/initialize?prefCd=06&kikanCd=2206533940&kikanKbn=2", "url2": "www.suzukiped.com/", "内容": "すずきこどもクリニック【2:診療所】【診療科目:0】山形県東根市神町北３の２の１８" }, "geometry": { "type": "Point", "coordinates": [ 140.366755, 38.494278 ] } },
{ "type": "Feature", "properties": { "ID": 62206533953, "正式名称": "皮ふ科桜井医院", "機関区分": 2, "都道府県コード": 6, "市区町村コード": 201, "所在地": "山形県山形市南原町３－１－３", "緯度": 38.234138, "経度": 140.340368, "url": "https://www.iryou.teikyouseido.mhlw.go.jp/znk-web/juminkanja/S2430/initialize?prefCd=06&kikanCd=2206533953&kikanKbn=2", "url2": "https://www.sakurai-hifuka.jp", "内容": "皮ふ科桜井医院【2:診療所】【診療科目:0】山形県山形市南原町３－１－３" }, "geometry": { "type": "Point", "coordinates": [ 140.340368, 38.234138 ] } },
{ "type": "Feature", "properties": { "ID": 62206533995, "正式名称": "まつだクリニック", "機関区分": 2, "都道府県コード": 6, "市区町村コード": 201, "所在地": "山形県山形市桧町２－１１－１５", "緯度": 38.278218, "経度": 140.332086, "url": "https://www.iryou.teikyouseido.mhlw.go.jp/znk-web/juminkanja/S2430/initialize?prefCd=06&kikanCd=2206533995&kikanKbn=2", "url2": "https://www.matsudaclinic-yamagata.com/", "内容": "まつだクリニック【2:診療所】【診療科目:0】山形県山形市桧町２－１１－１５" }, "geometry": { "type": "Point", "coordinates": [ 140.332086, 38.278218 ] } },
{ "type": "Feature", "properties": { "ID": 62206534035, "正式名称": "一般社団法人緑町山田医院", "機関区分": 2, "都道府県コード": 6, "市区町村コード": 201, "所在地": "山形県山形市緑町３－２－５１", "緯度": 38.250342, "経度": 140.346712, "url": "https://www.iryou.teikyouseido.mhlw.go.jp/znk-web/juminkanja/S2430/initialize?prefCd=06&kikanCd=2206534035&kikanKbn=2", "url2": null, "内容": "一般社団法人緑町山田医院【2:診療所】【診療科目:0】山形県山形市緑町３－２－５１" }, "geometry": { "type": "Point", "coordinates": [ 140.346712, 38.250342 ] } },
{ "type": "Feature", "properties": { "ID": 62206534048, "正式名称": "霞城眼科クリニック", "機関区分": 2, "都道府県コード": 6, "市区町村コード": 201, "所在地": "山形県山形市双葉町２丁目４番２３号", "緯度": 38.250178, "経度": 140.320095, "url": "https://www.iryou.teikyouseido.mhlw.go.jp/znk-web/juminkanja/S2430/initialize?prefCd=06&kikanCd=2206534048&kikanKbn=2", "url2": "http://kajo-gannka.clinic/", "内容": "霞城眼科クリニック【2:診療所】【診療科目:0】山形県山形市双葉町２丁目４番２３号" }, "geometry": { "type": "Point", "coordinates": [ 140.320095, 38.250178 ] } },
{ "type": "Feature", "properties": { "ID": 62206534064, "正式名称": "ブレインクリニック妻沼", "機関区分": 2, "都道府県コード": 6, "市区町村コード": 201, "所在地": "山形県山形市嶋南２−７−３", "緯度": 38.281042, "経度": 140.320606, "url": "https://www.iryou.teikyouseido.mhlw.go.jp/znk-web/juminkanja/S2430/initialize?prefCd=06&kikanCd=2206534064&kikanKbn=2", "url2": "brainclinic.jp", "内容": "ブレインクリニック妻沼【2:診療所】【診療科目:0】山形県山形市嶋南２−７−３" }, "geometry": { "type": "Point", "coordinates": [ 140.320606, 38.281042 ] } },
{ "type": "Feature", "properties": { "ID": 62206534224, "正式名称": "にとうべ内科", "機関区分": 2, "都道府県コード": 6, "市区町村コード": 201, "所在地": "山形県山形市松原４８８－１８", "緯度": 38.199296, "経度": 140.303527, "url": "https://www.iryou.teikyouseido.mhlw.go.jp/znk-web/juminkanja/S2430/initialize?prefCd=06&kikanCd=2206534224&kikanKbn=2", "url2": "http://nitobe-clinic.com/", "内容": "にとうべ内科【2:診療所】【診療科目:0】山形県山形市松原４８８－１８" }, "geometry": { "type": "Point", "coordinates": [ 140.303527, 38.199296 ] } },
{ "type": "Feature", "properties": { "ID": 62206534367, "正式名称": "塩見整形", "機関区分": 2, "都道府県コード": 6, "市区町村コード": 201, "所在地": "山形県山形市成沢西１ー２ー６", "緯度": 38.212406, "経度": 140.314966, "url": "https://www.iryou.teikyouseido.mhlw.go.jp/znk-web/juminkanja/S2430/initialize?prefCd=06&kikanCd=2206534367&kikanKbn=2", "url2": null, "内容": "塩見整形【2:診療所】【診療科目:0】山形県山形市成沢西１ー２ー６" }, "geometry": { "type": "Point", "coordinates": [ 140.314966, 38.212406 ] } },
{ "type": "Feature", "properties": { "ID": 62206534400, "正式名称": "西川町立岩根沢診療所", "機関区分": 2, "都道府県コード": 6, "市区町村コード": 322, "所在地": "山形県西村山郡西川町岩根沢４５４－９", "緯度": 38.454789, "経度": 140.102581, "url": "https://www.iryou.teikyouseido.mhlw.go.jp/znk-web/juminkanja/S2430/initialize?prefCd=06&kikanCd=2206534400&kikanKbn=2", "url2": null, "内容": "西川町立岩根沢診療所【2:診療所】【診療科目:0】山形県西村山郡西川町岩根沢４５４－９" }, "geometry": { "type": "Point", "coordinates": [ 140.102581, 38.454789 ] } },
{ "type": "Feature", "properties": { "ID": 62206534585, "正式名称": "宇賀神内科クリニック", "機関区分": 2, "都道府県コード": 6, "市区町村コード": 211, "所在地": "山形県東根市中央南１－６－２８", "緯度": 38.427894, "経度": 140.391804, "url": "https://www.iryou.teikyouseido.mhlw.go.jp/znk-web/juminkanja/S2430/initialize?prefCd=06&kikanCd=2206534585&kikanKbn=2", "url2": "http://ugajin-clinic.main.jp", "内容": "宇賀神内科クリニック【2:診療所】【診療科目:0】山形県東根市中央南１－６－２８" }, "geometry": { "type": "Point", "coordinates": [ 140.391804, 38.427894 ] } },
{ "type": "Feature", "properties": { "ID": 62206534758, "正式名称": "軽井沢クリニック", "機関区分": 2, "都道府県コード": 6, "市区町村コード": 207, "所在地": "山形県上山市軽井沢２－３－２９", "緯度": 38.163827, "経度": 140.278622, "url": "https://www.iryou.teikyouseido.mhlw.go.jp/znk-web/juminkanja/S2430/initialize?prefCd=06&kikanCd=2206534758&kikanKbn=2", "url2": null, "内容": "軽井沢クリニック【2:診療所】【診療科目:0】山形県上山市軽井沢２－３－２９" }, "geometry": { "type": "Point", "coordinates": [ 140.278622, 38.163827 ] } },
{ "type": "Feature", "properties": { "ID": 62206534761, "正式名称": "けんじ脳神経クリニック", "機関区分": 2, "都道府県コード": 6, "市区町村コード": 211, "所在地": "山形県東根市神町中央１丁目８ー１１", "緯度": 38.40831, "経度": 140.379242, "url": "https://www.iryou.teikyouseido.mhlw.go.jp/znk-web/juminkanja/S2430/initialize?prefCd=06&kikanCd=2206534761&kikanKbn=2", "url2": "https://kenji-clinic.com", "内容": "けんじ脳神経クリニック【2:診療所】【診療科目:0】山形県東根市神町中央１丁目８ー１１" }, "geometry": { "type": "Point", "coordinates": [ 140.379242, 38.40831 ] } },
{ "type": "Feature", "properties": { "ID": 62206534787, "正式名称": "医療法人社団日だまり加藤クリニック", "機関区分": 2, "都道府県コード": 6, "市区町村コード": 212, "所在地": "山形県尾花沢市若葉町２丁目１番７号", "緯度": 38.601474, "経度": 140.408295, "url": "https://www.iryou.teikyouseido.mhlw.go.jp/znk-web/juminkanja/S2430/initialize?prefCd=06&kikanCd=2206534787&kikanKbn=2", "url2": null, "内容": "医療法人社団日だまり加藤クリニック【2:診療所】【診療科目:0】山形県尾花沢市若葉町２丁目１番７号" }, "geometry": { "type": "Point", "coordinates": [ 140.408295, 38.601474 ] } },
{ "type": "Feature", "properties": { "ID": 62206534804, "正式名称": "いしい醫院", "機関区分": 2, "都道府県コード": 6, "市区町村コード": 201, "所在地": "山形県山形市富の中４－１－２７", "緯度": 38.230454, "経度": 140.305583, "url": "https://www.iryou.teikyouseido.mhlw.go.jp/znk-web/juminkanja/S2430/initialize?prefCd=06&kikanCd=2206534804&kikanKbn=2", "url2": null, "内容": "いしい醫院【2:診療所】【診療科目:0】山形県山形市富の中４－１－２７" }, "geometry": { "type": "Point", "coordinates": [ 140.305583, 38.230454 ] } },
{ "type": "Feature", "properties": { "ID": 62206534817, "正式名称": "橘内科循環器内科クリニック", "機関区分": 2, "都道府県コード": 6, "市区町村コード": 201, "所在地": "山形県山形市北山形２－５－４３", "緯度": 38.269757, "経度": 140.330077, "url": "https://www.iryou.teikyouseido.mhlw.go.jp/znk-web/juminkanja/S2430/initialize?prefCd=06&kikanCd=2206534817&kikanKbn=2", "url2": "http://tachibana-circ-clinic.com", "内容": "橘内科循環器内科クリニック【2:診療所】【診療科目:0】山形県山形市北山形２－５－４３" }, "geometry": { "type": "Point", "coordinates": [ 140.330077, 38.269757 ] } },
{ "type": "Feature", "properties": { "ID": 62206534918, "正式名称": "つのだ内科クリニック", "機関区分": 2, "都道府県コード": 6, "市区町村コード": 201, "所在地": "山形県山形市青田南２４－４５", "緯度": 38.221197, "経度": 140.325079, "url": "https://www.iryou.teikyouseido.mhlw.go.jp/znk-web/juminkanja/S2430/initialize?prefCd=06&kikanCd=2206534918&kikanKbn=2", "url2": null, "内容": "つのだ内科クリニック【2:診療所】【診療科目:0】山形県山形市青田南２４－４５" }, "geometry": { "type": "Point", "coordinates": [ 140.325079, 38.221197 ] } },
{ "type": "Feature", "properties": { "ID": 62206535120, "正式名称": "医療法人社団片桐皮膚科医院", "機関区分": 2, "都道府県コード": 6, "市区町村コード": 201, "所在地": "山形県山形市十日町", "緯度": 38.244914, "経度": 140.334665, "url": "https://www.iryou.teikyouseido.mhlw.go.jp/znk-web/juminkanja/S2430/initialize?prefCd=06&kikanCd=2206535120&kikanKbn=2", "url2": "http://katagiri-hifuka.com", "内容": "医療法人社団片桐皮膚科医院【2:診療所】【診療科目:0】山形県山形市十日町" }, "geometry": { "type": "Point", "coordinates": [ 140.334665, 38.244914 ] } },
{ "type": "Feature", "properties": { "ID": 62206535508, "正式名称": "さいとう脳神経・内科クリニック", "機関区分": 2, "都道府県コード": 6, "市区町村コード": 201, "所在地": "山形県山形市桜田東一丁目１４－１８", "緯度": 38.21869, "経度": 140.321579, "url": "https://www.iryou.teikyouseido.mhlw.go.jp/znk-web/juminkanja/S2430/initialize?prefCd=06&kikanCd=2206535508&kikanKbn=2", "url2": "http://www.saito-nc.jp", "内容": "さいとう脳神経・内科クリニック【2:診療所】【診療科目:0】山形県山形市桜田東一丁目１４－１８" }, "geometry": { "type": "Point", "coordinates": [ 140.321579, 38.21869 ] } },
{ "type": "Feature", "properties": { "ID": 62206535742, "正式名称": "あかねヶ丘高橋レディスクリニック", "機関区分": 2, "都道府県コード": 6, "市区町村コード": 201, "所在地": "山形県山形市久保田２－１６－１９", "緯度": 38.248267, "経度": 140.313721, "url": "https://www.iryou.teikyouseido.mhlw.go.jp/znk-web/juminkanja/S2430/initialize?prefCd=06&kikanCd=2206535742&kikanKbn=2", "url2": "https://www.yamagata-atlc.jp/", "内容": "あかねヶ丘高橋レディスクリニック【2:診療所】【診療科目:0】山形県山形市久保田２－１６－１９" }, "geometry": { "type": "Point", "coordinates": [ 140.313721, 38.248267 ] } },
{ "type": "Feature", "properties": { "ID": 62206535755, "正式名称": "いしだ耳鼻咽喉科クリニック", "機関区分": 2, "都道府県コード": 6, "市区町村コード": 201, "所在地": "山形県山形市清住町２丁目２番１２号", "緯度": 38.254422, "経度": 140.310657, "url": "https://www.iryou.teikyouseido.mhlw.go.jp/znk-web/juminkanja/S2430/initialize?prefCd=06&kikanCd=2206535755&kikanKbn=2", "url2": "https://ishida-ent-clinic.jp", "内容": "いしだ耳鼻咽喉科クリニック【2:診療所】【診療科目:0】山形県山形市清住町２丁目２番１２号" }, "geometry": { "type": "Point", "coordinates": [ 140.310657, 38.254422 ] } },
{ "type": "Feature", "properties": { "ID": 62206535768, "正式名称": "ふじもり形成外科クリニック", "機関区分": 2, "都道府県コード": 6, "市区町村コード": 201, "所在地": "山形県山形市松波２－２－６", "緯度": 38.242006, "経度": 140.357607, "url": "https://www.iryou.teikyouseido.mhlw.go.jp/znk-web/juminkanja/S2430/initialize?prefCd=06&kikanCd=2206535768&kikanKbn=2", "url2": "http://www.fuji-prs.com", "内容": "ふじもり形成外科クリニック【2:診療所】【診療科目:0】山形県山形市松波２－２－６" }, "geometry": { "type": "Point", "coordinates": [ 140.357607, 38.242006 ] } },
{ "type": "Feature", "properties": { "ID": 62206536055, "正式名称": "かとう内科クリニック", "機関区分": 2, "都道府県コード": 6, "市区町村コード": 201, "所在地": "山形県山形市千手堂字大門９６番地１", "緯度": 38.308065, "経度": 140.339195, "url": "https://www.iryou.teikyouseido.mhlw.go.jp/znk-web/juminkanja/S2430/initialize?prefCd=06&kikanCd=2206536055&kikanKbn=2", "url2": "http:/katonaikaclinic.wixsite.com", "内容": "かとう内科クリニック【2:診療所】【診療科目:0】山形県山形市千手堂字大門９６番地１" }, "geometry": { "type": "Point", "coordinates": [ 140.339195, 38.308065 ] } },
{ "type": "Feature", "properties": { "ID": 62206536097, "正式名称": "もちづき眼科", "機関区分": 2, "都道府県コード": 6, "市区町村コード": 207, "所在地": "山形県上山市弁天２－３－２２", "緯度": 38.168966, "経度": 140.294107, "url": "https://www.iryou.teikyouseido.mhlw.go.jp/znk-web/juminkanja/S2430/initialize?prefCd=06&kikanCd=2206536097&kikanKbn=2", "url2": "https://www.mochizukiganka.net", "内容": "もちづき眼科【2:診療所】【診療科目:0】山形県上山市弁天２－３－２２" }, "geometry": { "type": "Point", "coordinates": [ 140.294107, 38.168966 ] } },
{ "type": "Feature", "properties": { "ID": 62206536101, "正式名称": "かみのやま耳鼻咽喉科クリニック", "機関区分": 2, "都道府県コード": 6, "市区町村コード": 207, "所在地": "山形県上山市美咲町", "緯度": 38.152687, "経度": 140.281878, "url": "https://www.iryou.teikyouseido.mhlw.go.jp/znk-web/juminkanja/S2430/initialize?prefCd=06&kikanCd=2206536101&kikanKbn=2", "url2": "kaminoyama-jibika.jp", "内容": "かみのやま耳鼻咽喉科クリニック【2:診療所】【診療科目:0】山形県上山市美咲町" }, "geometry": { "type": "Point", "coordinates": [ 140.281878, 38.152687 ] } },
{ "type": "Feature", "properties": { "ID": 62206536114, "正式名称": "神町整形リウマチクリニック", "機関区分": 2, "都道府県コード": 6, "市区町村コード": 211, "所在地": "山形県東根市神町北２−５−６", "緯度": 38.416712, "経度": 140.384302, "url": "https://www.iryou.teikyouseido.mhlw.go.jp/znk-web/juminkanja/S2430/initialize?prefCd=06&kikanCd=2206536114&kikanKbn=2", "url2": null, "内容": "神町整形リウマチクリニック【2:診療所】【診療科目:0】山形県東根市神町北２−５−６" }, "geometry": { "type": "Point", "coordinates": [ 140.384302, 38.416712 ] } },
{ "type": "Feature", "properties": { "ID": 62206536156, "正式名称": "つちだ子どもクリニック", "機関区分": 2, "都道府県コード": 6, "市区町村コード": 210, "所在地": "山形県天童市芳賀タウン南三丁目７ー１３", "緯度": 38.339508, "経度": 140.361103, "url": "https://www.iryou.teikyouseido.mhlw.go.jp/znk-web/juminkanja/S2430/initialize?prefCd=06&kikanCd=2206536156&kikanKbn=2", "url2": "http://t-kidsclinic.com", "内容": "つちだ子どもクリニック【2:診療所】【診療科目:0】山形県天童市芳賀タウン南三丁目７ー１３" }, "geometry": { "type": "Point", "coordinates": [ 140.361103, 38.339508 ] } },
{ "type": "Feature", "properties": { "ID": 62206536521, "正式名称": "山形眼科歯科", "機関区分": 2, "都道府県コード": 6, "市区町村コード": 201, "所在地": "山形県山形市香澄町２−４−１", "緯度": 38.248028, "経度": 140.332154, "url": "https://www.iryou.teikyouseido.mhlw.go.jp/znk-web/juminkanja/S2430/initialize?prefCd=06&kikanCd=2206536521&kikanKbn=2", "url2": "https://www.yamagata-eye-dental.com", "内容": "山形眼科歯科【2:診療所】【診療科目:0】山形県山形市香澄町２−４−１" }, "geometry": { "type": "Point", "coordinates": [ 140.332154, 38.248028 ] } },
{ "type": "Feature", "properties": { "ID": 62206536547, "正式名称": "総合健診センター", "機関区分": 2, "都道府県コード": 6, "市区町村コード": 206, "所在地": "山形県寒河江市大字寒河江字久保５番地", "緯度": 38.364365, "経度": 140.252863, "url": "https://www.iryou.teikyouseido.mhlw.go.jp/znk-web/juminkanja/S2430/initialize?prefCd=06&kikanCd=2206536547&kikanKbn=2", "url2": "http://www.snma.or.jp/", "内容": "総合健診センター【2:診療所】【診療科目:0】山形県寒河江市大字寒河江字久保５番地" }, "geometry": { "type": "Point", "coordinates": [ 140.252863, 38.364365 ] } },
{ "type": "Feature", "properties": { "ID": 62206536550, "正式名称": "ふるかわ整形外科クリニック", "機関区分": 2, "都道府県コード": 6, "市区町村コード": 201, "所在地": "山形県山形市南四番町７－１８", "緯度": 38.234107, "経度": 140.323576, "url": "https://www.iryou.teikyouseido.mhlw.go.jp/znk-web/juminkanja/S2430/initialize?prefCd=06&kikanCd=2206536550&kikanKbn=2", "url2": "http://furukawa-seikei.jp", "内容": "ふるかわ整形外科クリニック【2:診療所】【診療科目:0】山形県山形市南四番町７－１８" }, "geometry": { "type": "Point", "coordinates": [ 140.323576, 38.234107 ] } },
{ "type": "Feature", "properties": { "ID": 62206536749, "正式名称": "ひろせこころのクリニック", "機関区分": 2, "都道府県コード": 6, "市区町村コード": 211, "所在地": "山形県東根市中央東２ー６ー７１", "緯度": 38.428656, "経度": 140.408474, "url": "https://www.iryou.teikyouseido.mhlw.go.jp/znk-web/juminkanja/S2430/initialize?prefCd=06&kikanCd=2206536749&kikanKbn=2", "url2": "https://www.hirose-kokorono.jp", "内容": "ひろせこころのクリニック【2:診療所】【診療科目:0】山形県東根市中央東２ー６ー７１" }, "geometry": { "type": "Point", "coordinates": [ 140.408474, 38.428656 ] } },
{ "type": "Feature", "properties": { "ID": 62206537049, "正式名称": "鬼海小児科", "機関区分": 2, "都道府県コード": 6, "市区町村コード": 206, "所在地": "山形県寒河江市八幡町１−１０", "緯度": 38.377157, "経度": 140.271912, "url": "https://www.iryou.teikyouseido.mhlw.go.jp/znk-web/juminkanja/S2430/initialize?prefCd=06&kikanCd=2206537049&kikanKbn=2", "url2": "https://www.kikaiped.jp/", "内容": "鬼海小児科【2:診療所】【診療科目:0】山形県寒河江市八幡町１−１０" }, "geometry": { "type": "Point", "coordinates": [ 140.271912, 38.377157 ] } },
{ "type": "Feature", "properties": { "ID": 62206537052, "正式名称": "あんどうクリニック", "機関区分": 2, "都道府県コード": 6, "市区町村コード": 206, "所在地": "山形県寒河江市中郷１０４２－２", "緯度": 38.369616, "経度": 140.225605, "url": "https://www.iryou.teikyouseido.mhlw.go.jp/znk-web/juminkanja/S2430/initialize?prefCd=06&kikanCd=2206537052&kikanKbn=2", "url2": "www.sagae-ando-cl.com", "内容": "あんどうクリニック【2:診療所】【診療科目:0】山形県寒河江市中郷１０４２－２" }, "geometry": { "type": "Point", "coordinates": [ 140.225605, 38.369616 ] } },
{ "type": "Feature", "properties": { "ID": 62206537094, "正式名称": "てんどう脳神経外科・頭痛クリニック", "機関区分": 2, "都道府県コード": 6, "市区町村コード": 210, "所在地": "山形県天童市芳賀タウン南３－７－７", "緯度": 38.361999, "経度": 140.377038, "url": "https://www.iryou.teikyouseido.mhlw.go.jp/znk-web/juminkanja/S2430/initialize?prefCd=06&kikanCd=2206537094&kikanKbn=2", "url2": "http://tendo-brain.com/", "内容": "てんどう脳神経外科・頭痛クリニック【2:診療所】【診療科目:0】山形県天童市芳賀タウン南３－７－７" }, "geometry": { "type": "Point", "coordinates": [ 140.377038, 38.361999 ] } },
{ "type": "Feature", "properties": { "ID": 62206537283, "正式名称": "星川内科クリニック", "機関区分": 2, "都道府県コード": 6, "市区町村コード": 210, "所在地": "山形県天童市芳賀タウン南三丁目７－１", "緯度": 38.340223, "経度": 140.361581, "url": "https://www.iryou.teikyouseido.mhlw.go.jp/znk-web/juminkanja/S2430/initialize?prefCd=06&kikanCd=2206537283&kikanKbn=2", "url2": "http://www.hoshikawa-clinic.jp/", "内容": "星川内科クリニック【2:診療所】【診療科目:0】山形県天童市芳賀タウン南三丁目７－１" }, "geometry": { "type": "Point", "coordinates": [ 140.361581, 38.340223 ] } },
{ "type": "Feature", "properties": { "ID": 62206537469, "正式名称": "しんまち小室医院", "機関区分": 2, "都道府県コード": 6, "市区町村コード": 208, "所在地": "山形県村山市楯岡新町３ー２－２", "緯度": 38.470861, "経度": 140.388684, "url": "https://www.iryou.teikyouseido.mhlw.go.jp/znk-web/juminkanja/S2430/initialize?prefCd=06&kikanCd=2206537469&kikanKbn=2", "url2": "http://www.shinmachi-komuro.com/", "内容": "しんまち小室医院【2:診療所】【診療科目:0】山形県村山市楯岡新町３ー２－２" }, "geometry": { "type": "Point", "coordinates": [ 140.388684, 38.470861 ] } },
{ "type": "Feature", "properties": { "ID": 62206537472, "正式名称": "大江町あかざクリニック", "機関区分": 2, "都道府県コード": 6, "市区町村コード": 324, "所在地": "山形県西村山郡大江町左沢字前田８７６－２９", "緯度": 38.381763, "経度": 140.20723, "url": "https://www.iryou.teikyouseido.mhlw.go.jp/znk-web/juminkanja/S2430/initialize?prefCd=06&kikanCd=2206537472&kikanKbn=2", "url2": "http://www.akaza-mc.com/ooe/", "内容": "大江町あかざクリニック【2:診療所】【診療科目:0】山形県西村山郡大江町左沢字前田８７６－２９" }, "geometry": { "type": "Point", "coordinates": [ 140.20723, 38.381763 ] } },
{ "type": "Feature", "properties": { "ID": 62206537485, "正式名称": "天童西口クリニック", "機関区分": 2, "都道府県コード": 6, "市区町村コード": 210, "所在地": "山形県天童市駅西１－９－７", "緯度": 38.358548, "経度": 140.364915, "url": "https://www.iryou.teikyouseido.mhlw.go.jp/znk-web/juminkanja/S2430/initialize?prefCd=06&kikanCd=2206537485&kikanKbn=2", "url2": "https://tendowg-clinic.com", "内容": "天童西口クリニック【2:診療所】【診療科目:0】山形県天童市駅西１－９－７" }, "geometry": { "type": "Point", "coordinates": [ 140.364915, 38.358548 ] } },
{ "type": "Feature", "properties": { "ID": 62206537560, "正式名称": "おやま整形外科クリニック", "機関区分": 2, "都道府県コード": 6, "市区町村コード": 206, "所在地": "山形県寒河江市七日町５番１号", "緯度": 38.380496, "経度": 140.282326, "url": "https://www.iryou.teikyouseido.mhlw.go.jp/znk-web/juminkanja/S2430/initialize?prefCd=06&kikanCd=2206537560&kikanKbn=2", "url2": "https://oyama-seikei.gassankai.com/", "内容": "おやま整形外科クリニック【2:診療所】【診療科目:0】山形県寒河江市七日町５番１号" }, "geometry": { "type": "Point", "coordinates": [ 140.282326, 38.380496 ] } },
{ "type": "Feature", "properties": { "ID": 62206537746, "正式名称": "安藤医院", "機関区分": 2, "都道府県コード": 6, "市区町村コード": 302, "所在地": "山形県東村山郡中山町長崎", "緯度": 38.333469, "経度": 140.287626, "url": "https://www.iryou.teikyouseido.mhlw.go.jp/znk-web/juminkanja/S2430/initialize?prefCd=06&kikanCd=2206537746&kikanKbn=2", "url2": "https://nym22clin.com", "内容": "安藤医院【2:診療所】【診療科目:0】山形県東村山郡中山町長崎" }, "geometry": { "type": "Point", "coordinates": [ 140.287626, 38.333469 ] } },
{ "type": "Feature", "properties": { "ID": 62206537775, "正式名称": "みみ・はな・のど　芳賀タウンクリニック", "機関区分": 2, "都道府県コード": 6, "市区町村コード": 210, "所在地": "山形県天童市芳賀タウン南６丁目１－４５", "緯度": 38.338529, "経度": 140.35997, "url": "https://www.iryou.teikyouseido.mhlw.go.jp/znk-web/juminkanja/S2430/initialize?prefCd=06&kikanCd=2206537775&kikanKbn=2", "url2": "https://www.hagatown-cl.jp/", "内容": "みみ・はな・のど　芳賀タウンクリニック【2:診療所】【診療科目:0】山形県天童市芳賀タウン南６丁目１－４５" }, "geometry": { "type": "Point", "coordinates": [ 140.35997, 38.338529 ] } },
{ "type": "Feature", "properties": { "ID": 62206537805, "正式名称": "特別養護老人ホーム蓬仙園", "機関区分": 2, "都道府県コード": 6, "市区町村コード": 207, "所在地": "山形県上山市金谷字藤木２４０１", "緯度": 38.165544, "経度": 140.301567, "url": "https://www.iryou.teikyouseido.mhlw.go.jp/znk-web/juminkanja/S2430/initialize?prefCd=06&kikanCd=2206537805&kikanKbn=2", "url2": "https://kaijukai.jp", "内容": "特別養護老人ホーム蓬仙園【2:診療所】【診療科目:0】山形県上山市金谷字藤木２４０１" }, "geometry": { "type": "Point", "coordinates": [ 140.301567, 38.165544 ] } },
{ "type": "Feature", "properties": { "ID": 62206537821, "正式名称": "ミロク脳神経リハビリクリニック", "機関区分": 2, "都道府県コード": 6, "市区町村コード": 210, "所在地": "山形県天童市鎌田２丁目５番１号", "緯度": 38.355746, "経度": 140.387672, "url": "https://www.iryou.teikyouseido.mhlw.go.jp/znk-web/juminkanja/S2430/initialize?prefCd=06&kikanCd=2206537821&kikanKbn=2", "url2": "https://miroku.clinic", "内容": "ミロク脳神経リハビリクリニック【2:診療所】【診療科目:0】山形県天童市鎌田２丁目５番１号" }, "geometry": { "type": "Point", "coordinates": [ 140.387672, 38.355746 ] } },
{ "type": "Feature", "properties": { "ID": 62206537863, "正式名称": "鈴木内科クリニック", "機関区分": 2, "都道府県コード": 6, "市区町村コード": 210, "所在地": "山形県天童市乱川三丁目２－１０", "緯度": 38.385306, "経度": 140.378648, "url": "https://www.iryou.teikyouseido.mhlw.go.jp/znk-web/juminkanja/S2430/initialize?prefCd=06&kikanCd=2206537863&kikanKbn=2", "url2": "https://www.suzuki-naika-clinic.info/", "内容": "鈴木内科クリニック【2:診療所】【診療科目:0】山形県天童市乱川三丁目２－１０" }, "geometry": { "type": "Point", "coordinates": [ 140.378648, 38.385306 ] } },
{ "type": "Feature", "properties": { "ID": 62206537935, "正式名称": "ひかり眼科", "機関区分": 2, "都道府県コード": 6, "市区町村コード": 210, "所在地": "山形県天童市芳賀タウン北４丁目１番１号イオンモール天童１階", "緯度": 38.3472618, "経度": 140.3656897, "url": "https://www.iryou.teikyouseido.mhlw.go.jp/znk-web/juminkanja/S2430/initialize?prefCd=06&kikanCd=2206537935&kikanKbn=2", "url2": "https://hikari-ganka.navi-clinic.jp/", "内容": "ひかり眼科【2:診療所】【診療科目:0】山形県天童市芳賀タウン北４丁目１番１号イオンモール天童１階" }, "geometry": { "type": "Point", "coordinates": [ 140.3656897, 38.3472618 ] } },
{ "type": "Feature", "properties": { "ID": 62206538017, "正式名称": "天童ハート小児科", "機関区分": 2, "都道府県コード": 6, "市区町村コード": 210, "所在地": "山形県天童市泉町１－７－３", "緯度": 38.3634263, "経度": 140.3819442, "url": "https://www.iryou.teikyouseido.mhlw.go.jp/znk-web/juminkanja/S2430/initialize?prefCd=06&kikanCd=2206538017&kikanKbn=2", "url2": "https://tendo-heart-child.com/", "内容": "天童ハート小児科【2:診療所】【診療科目:0】山形県天童市泉町１－７－３" }, "geometry": { "type": "Point", "coordinates": [ 140.3819442, 38.3634263 ] } },
{ "type": "Feature", "properties": { "ID": 62206538105, "正式名称": "さくらんぼクリニック", "機関区分": 2, "都道府県コード": 6, "市区町村コード": 211, "所在地": "山形県東根市羽入東１番３７号", "緯度": 38.408724, "経度": 140.362127, "url": "https://www.iryou.teikyouseido.mhlw.go.jp/znk-web/juminkanja/S2430/initialize?prefCd=06&kikanCd=2206538105&kikanKbn=2", "url2": "https://sakurambo-clinic.com", "内容": "さくらんぼクリニック【2:診療所】【診療科目:0】山形県東根市羽入東１番３７号" }, "geometry": { "type": "Point", "coordinates": [ 140.362127, 38.408724 ] } },
{ "type": "Feature", "properties": { "ID": 62206538310, "正式名称": "医療法人社団やまのべ内科クリニック", "機関区分": 2, "都道府県コード": 6, "市区町村コード": 301, "所在地": "山形県東村山郡山辺町山辺１１１５－７", "緯度": 38.290146, "経度": 140.26105, "url": "https://www.iryou.teikyouseido.mhlw.go.jp/znk-web/juminkanja/S2430/initialize?prefCd=06&kikanCd=2206538310&kikanKbn=2", "url2": "https://yamanobe-naika.jp/", "内容": "医療法人社団やまのべ内科クリニック【2:診療所】【診療科目:0】山形県東村山郡山辺町山辺１１１５－７" }, "geometry": { "type": "Point", "coordinates": [ 140.26105, 38.290146 ] } },
{ "type": "Feature", "properties": { "ID": 62206538482, "正式名称": "社会福祉法人敬天会　特別養護老人ホーム第二仁風荘", "機関区分": 2, "都道府県コード": 6, "市区町村コード": 341, "所在地": "山形県北村山郡大石田町大字大石田甲５７４番地", "緯度": 38.592957, "経度": 140.37242, "url": "https://www.iryou.teikyouseido.mhlw.go.jp/znk-web/juminkanja/S2430/initialize?prefCd=06&kikanCd=2206538482&kikanKbn=2", "url2": "https://keitenkai.or.jp", "内容": "社会福祉法人敬天会　特別養護老人ホーム第二仁風荘【2:診療所】【診療科目:0】山形県北村山郡大石田町大字大石田甲５７４番地" }, "geometry": { "type": "Point", "coordinates": [ 140.37242, 38.592957 ] } },
{ "type": "Feature", "properties": { "ID": 62206538509, "正式名称": "天童ファミリークリニック", "機関区分": 2, "都道府県コード": 6, "市区町村コード": 210, "所在地": "山形県天童市東久野本２－１０－１０", "緯度": 38.371724, "経度": 140.378099, "url": "https://www.iryou.teikyouseido.mhlw.go.jp/znk-web/juminkanja/S2430/initialize?prefCd=06&kikanCd=2206538509&kikanKbn=2", "url2": "https://tendo-family.clinic/", "内容": "天童ファミリークリニック【2:診療所】【診療科目:0】山形県天童市東久野本２－１０－１０" }, "geometry": { "type": "Point", "coordinates": [ 140.378099, 38.371724 ] } },
{ "type": "Feature", "properties": { "ID": 62206538873, "正式名称": "メディバリーオンラインクリニック", "機関区分": 2, "都道府県コード": 6, "市区町村コード": 206, "所在地": "山形県寒河江市七日町５－１", "緯度": 38.3806695, "経度": 140.2821076, "url": "https://www.iryou.teikyouseido.mhlw.go.jp/znk-web/juminkanja/S2430/initialize?prefCd=06&kikanCd=2206538873&kikanKbn=2", "url2": "https://medivery-online-clinic.gassankai.com/", "内容": "メディバリーオンラインクリニック【2:診療所】【診療科目:0】山形県寒河江市七日町５－１" }, "geometry": { "type": "Point", "coordinates": [ 140.282107599999989, 38.3806695 ] } },
{ "type": "Feature", "properties": { "ID": 62206538916, "正式名称": "なぎの消化器・内視鏡内科クリニック", "機関区分": 2, "都道府県コード": 6, "市区町村コード": 210, "所在地": "山形県天童市芳賀タウン南一丁目３番１７号", "緯度": 38.340513, "経度": 140.3648934, "url": "https://www.iryou.teikyouseido.mhlw.go.jp/znk-web/juminkanja/S2430/initialize?prefCd=06&kikanCd=2206538916&kikanKbn=2", "url2": "https://www.nagino-naishikyo.jp/", "内容": "なぎの消化器・内視鏡内科クリニック【2:診療所】【診療科目:0】山形県天童市芳賀タウン南一丁目３番１７号" }, "geometry": { "type": "Point", "coordinates": [ 140.3648934, 38.340513 ] } },
{ "type": "Feature", "properties": { "ID": 62206540098, "正式名称": "医療法人　小内医院", "機関区分": 2, "都道府県コード": 6, "市区町村コード": 205, "所在地": "山形県新庄市鉄砲町７－２８", "緯度": 38.759852, "経度": 140.300334, "url": "https://www.iryou.teikyouseido.mhlw.go.jp/znk-web/juminkanja/S2430/initialize?prefCd=06&kikanCd=2206540098&kikanKbn=2", "url2": "https://www.kouchi-clinic.jp/", "内容": "医療法人　小内医院【2:診療所】【診療科目:0】山形県新庄市鉄砲町７－２８" }, "geometry": { "type": "Point", "coordinates": [ 140.300334, 38.759852 ] } },
{ "type": "Feature", "properties": { "ID": 62206540216, "正式名称": "渡部医院", "機関区分": 2, "都道府県コード": 6, "市区町村コード": 205, "所在地": "山形県新庄市五日町７２０－２", "緯度": 38.759269, "経度": 140.293256, "url": "https://www.iryou.teikyouseido.mhlw.go.jp/znk-web/juminkanja/S2430/initialize?prefCd=06&kikanCd=2206540216&kikanKbn=2", "url2": "https://kenseikai-watanabeiin-cl.jp/", "内容": "渡部医院【2:診療所】【診療科目:0】山形県新庄市五日町７２０－２" }, "geometry": { "type": "Point", "coordinates": [ 140.293256, 38.759269 ] } },
{ "type": "Feature", "properties": { "ID": 62206540450, "正式名称": "真室川町立釜渕診療所", "機関区分": 2, "都道府県コード": 6, "市区町村コード": 364, "所在地": "山形県最上郡真室川町釜渕８１８－１", "緯度": 38.935068, "経度": 140.267855, "url": "https://www.iryou.teikyouseido.mhlw.go.jp/znk-web/juminkanja/S2430/initialize?prefCd=06&kikanCd=2206540450&kikanKbn=2", "url2": null, "内容": "真室川町立釜渕診療所【2:診療所】【診療科目:0】山形県最上郡真室川町釜渕８１８－１" }, "geometry": { "type": "Point", "coordinates": [ 140.267855, 38.935068 ] } },
{ "type": "Feature", "properties": { "ID": 62206540492, "正式名称": "佐藤医院", "機関区分": 2, "都道府県コード": 6, "市区町村コード": 366, "所在地": "山形県最上郡鮭川村佐渡", "緯度": 38.795108, "経度": 140.221466, "url": "https://www.iryou.teikyouseido.mhlw.go.jp/znk-web/juminkanja/S2430/initialize?prefCd=06&kikanCd=2206540492&kikanKbn=2", "url2": null, "内容": "佐藤医院【2:診療所】【診療科目:0】山形県最上郡鮭川村佐渡" }, "geometry": { "type": "Point", "coordinates": [ 140.221466, 38.795108 ] } },
{ "type": "Feature", "properties": { "ID": 62206540551, "正式名称": "新庄整形外科医院", "機関区分": 2, "都道府県コード": 6, "市区町村コード": 205, "所在地": "山形県新庄市城西町", "緯度": 38.76464, "経度": 140.289962, "url": "https://www.iryou.teikyouseido.mhlw.go.jp/znk-web/juminkanja/S2430/initialize?prefCd=06&kikanCd=2206540551&kikanKbn=2", "url2": null, "内容": "新庄整形外科医院【2:診療所】【診療科目:0】山形県新庄市城西町" }, "geometry": { "type": "Point", "coordinates": [ 140.289962, 38.76464 ] } },
{ "type": "Feature", "properties": { "ID": 62206540623, "正式名称": "戸沢村中央診療所", "機関区分": 2, "都道府県コード": 6, "市区町村コード": 367, "所在地": "山形県最上郡戸沢村古口", "緯度": 38.737426, "経度": 140.141932, "url": "https://www.iryou.teikyouseido.mhlw.go.jp/znk-web/juminkanja/S2430/initialize?prefCd=06&kikanCd=2206540623&kikanKbn=2", "url2": null, "内容": "戸沢村中央診療所【2:診療所】【診療科目:0】山形県最上郡戸沢村古口" }, "geometry": { "type": "Point", "coordinates": [ 140.141932, 38.737426 ] } },
{ "type": "Feature", "properties": { "ID": 62206540652, "正式名称": "三條医院", "機関区分": 2, "都道府県コード": 6, "市区町村コード": 205, "所在地": "山形県新庄市大手町５－１１", "緯度": 38.76847, "経度": 140.298995, "url": "https://www.iryou.teikyouseido.mhlw.go.jp/znk-web/juminkanja/S2430/initialize?prefCd=06&kikanCd=2206540652&kikanKbn=2", "url2": null, "内容": "三條医院【2:診療所】【診療科目:0】山形県新庄市大手町５－１１" }, "geometry": { "type": "Point", "coordinates": [ 140.298995, 38.76847 ] } },
{ "type": "Feature", "properties": { "ID": 62206540681, "正式名称": "大蔵村診療所", "機関区分": 2, "都道府県コード": 6, "市区町村コード": 365, "所在地": "山形県最上郡大蔵村清水２３２５番地３", "緯度": 38.70368, "経度": 140.229924, "url": "https://www.iryou.teikyouseido.mhlw.go.jp/znk-web/juminkanja/S2430/initialize?prefCd=06&kikanCd=2206540681&kikanKbn=2", "url2": null, "内容": "大蔵村診療所【2:診療所】【診療科目:0】山形県最上郡大蔵村清水２３２５番地３" }, "geometry": { "type": "Point", "coordinates": [ 140.229924, 38.70368 ] } },
{ "type": "Feature", "properties": { "ID": 62206540795, "正式名称": "医療法人土田医院", "機関区分": 2, "都道府県コード": 6, "市区町村コード": 205, "所在地": "山形県新庄市桧町１８－２", "緯度": 38.772962, "経度": 140.294942, "url": "https://www.iryou.teikyouseido.mhlw.go.jp/znk-web/juminkanja/S2430/initialize?prefCd=06&kikanCd=2206540795&kikanKbn=2", "url2": null, "内容": "医療法人土田医院【2:診療所】【診療科目:0】山形県新庄市桧町１８－２" }, "geometry": { "type": "Point", "coordinates": [ 140.294942, 38.772962 ] } },
{ "type": "Feature", "properties": { "ID": 62206540812, "正式名称": "きねぶち医院", "機関区分": 2, "都道府県コード": 6, "市区町村コード": 205, "所在地": "山形県新庄市十日町２７６４－１", "緯度": 38.768576, "経度": 140.288048, "url": "https://www.iryou.teikyouseido.mhlw.go.jp/znk-web/juminkanja/S2430/initialize?prefCd=06&kikanCd=2206540812&kikanKbn=2", "url2": "http://www.ic-net.or.jp/home/kine/", "内容": "きねぶち医院【2:診療所】【診療科目:0】山形県新庄市十日町２７６４－１" }, "geometry": { "type": "Point", "coordinates": [ 140.288048, 38.768576 ] } },
{ "type": "Feature", "properties": { "ID": 62206540896, "正式名称": "医療法人　永井医院", "機関区分": 2, "都道府県コード": 6, "市区町村コード": 362, "所在地": "山形県最上郡最上町大字向町５３６−９", "緯度": 38.760436, "経度": 140.515054, "url": "https://www.iryou.teikyouseido.mhlw.go.jp/znk-web/juminkanja/S2430/initialize?prefCd=06&kikanCd=2206540896&kikanKbn=2", "url2": "https://nagacl.com", "内容": "医療法人　永井医院【2:診療所】【診療科目:0】山形県最上郡最上町大字向町５３６−９" }, "geometry": { "type": "Point", "coordinates": [ 140.515054, 38.760436 ] } },
{ "type": "Feature", "properties": { "ID": 62206540900, "正式名称": "真室川町立及位診療所", "機関区分": 2, "都道府県コード": 6, "市区町村コード": 364, "所在地": "山形県最上郡真室川町及位４２４－１９", "緯度": 38.979057, "経度": 140.36052, "url": "https://www.iryou.teikyouseido.mhlw.go.jp/znk-web/juminkanja/S2430/initialize?prefCd=06&kikanCd=2206540900&kikanKbn=2", "url2": null, "内容": "真室川町立及位診療所【2:診療所】【診療科目:0】山形県最上郡真室川町及位４２４－１９" }, "geometry": { "type": "Point", "coordinates": [ 140.36052, 38.979057 ] } },
{ "type": "Feature", "properties": { "ID": 62206540913, "正式名称": "医療法人社団こくの医院", "機関区分": 2, "都道府県コード": 6, "市区町村コード": 205, "所在地": "山形県新庄市泉田１０－１", "緯度": 38.810555, "経度": 140.322816, "url": "https://www.iryou.teikyouseido.mhlw.go.jp/znk-web/juminkanja/S2430/initialize?prefCd=06&kikanCd=2206540913&kikanKbn=2", "url2": "http://www.kokuno.com", "内容": "医療法人社団こくの医院【2:診療所】【診療科目:0】山形県新庄市泉田１０－１" }, "geometry": { "type": "Point", "coordinates": [ 140.322816, 38.810555 ] } },
{ "type": "Feature", "properties": { "ID": 62206540942, "正式名称": "阿部内科・循環器科クリニック", "機関区分": 2, "都道府県コード": 6, "市区町村コード": 205, "所在地": "山形県新庄市泉田４６５", "緯度": 38.806794, "経度": 140.322383, "url": "https://www.iryou.teikyouseido.mhlw.go.jp/znk-web/juminkanja/S2430/initialize?prefCd=06&kikanCd=2206540942&kikanKbn=2", "url2": null, "内容": "阿部内科・循環器科クリニック【2:診療所】【診療科目:0】山形県新庄市泉田４６５" }, "geometry": { "type": "Point", "coordinates": [ 140.322383, 38.806794 ] } },
{ "type": "Feature", "properties": { "ID": 62206540968, "正式名称": "医療法人社団慈心会新庄井出眼科", "機関区分": 2, "都道府県コード": 6, "市区町村コード": 205, "所在地": "山形県新庄市沖の町３－３", "緯度": 38.762257, "経度": 140.303981, "url": "https://www.iryou.teikyouseido.mhlw.go.jp/znk-web/juminkanja/S2430/initialize?prefCd=06&kikanCd=2206540968&kikanKbn=2", "url2": null, "内容": "医療法人社団慈心会新庄井出眼科【2:診療所】【診療科目:0】山形県新庄市沖の町３－３" }, "geometry": { "type": "Point", "coordinates": [ 140.303981, 38.762257 ] } },
{ "type": "Feature", "properties": { "ID": 62206540984, "正式名称": "東山内科クリニック", "機関区分": 2, "都道府県コード": 6, "市区町村コード": 205, "所在地": "山形県新庄市東谷地田町２－６", "緯度": 38.757026, "経度": 140.314788, "url": "https://www.iryou.teikyouseido.mhlw.go.jp/znk-web/juminkanja/S2430/initialize?prefCd=06&kikanCd=2206540984&kikanKbn=2", "url2": null, "内容": "東山内科クリニック【2:診療所】【診療科目:0】山形県新庄市東谷地田町２－６" }, "geometry": { "type": "Point", "coordinates": [ 140.314788, 38.757026 ] } },
{ "type": "Feature", "properties": { "ID": 62206541011, "正式名称": "医療法人よしだ耳鼻咽喉科クリニック", "機関区分": 2, "都道府県コード": 6, "市区町村コード": 205, "所在地": "山形県新庄市桧町", "緯度": 38.771587, "経度": 140.29463, "url": "https://www.iryou.teikyouseido.mhlw.go.jp/znk-web/juminkanja/S2430/initialize?prefCd=06&kikanCd=2206541011&kikanKbn=2", "url2": null, "内容": "医療法人よしだ耳鼻咽喉科クリニック【2:診療所】【診療科目:0】山形県新庄市桧町" }, "geometry": { "type": "Point", "coordinates": [ 140.29463, 38.771587 ] } },
{ "type": "Feature", "properties": { "ID": 62206541024, "正式名称": "ふくい整形外科", "機関区分": 2, "都道府県コード": 6, "市区町村コード": 205, "所在地": "山形県新庄市松本４９２", "緯度": 38.748203, "経度": 140.296519, "url": "https://www.iryou.teikyouseido.mhlw.go.jp/znk-web/juminkanja/S2430/initialize?prefCd=06&kikanCd=2206541024&kikanKbn=2", "url2": null, "内容": "ふくい整形外科【2:診療所】【診療科目:0】山形県新庄市松本４９２" }, "geometry": { "type": "Point", "coordinates": [ 140.296519, 38.748203 ] } },
{ "type": "Feature", "properties": { "ID": 62206541040, "正式名称": "栄町耳鼻咽喉科クリニック", "機関区分": 2, "都道府県コード": 6, "市区町村コード": 205, "所在地": "山形県新庄市栄町６－６", "緯度": 38.759549, "経度": 140.295781, "url": "https://www.iryou.teikyouseido.mhlw.go.jp/znk-web/juminkanja/S2430/initialize?prefCd=06&kikanCd=2206541040&kikanKbn=2", "url2": null, "内容": "栄町耳鼻咽喉科クリニック【2:診療所】【診療科目:0】山形県新庄市栄町６－６" }, "geometry": { "type": "Point", "coordinates": [ 140.295781, 38.759549 ] } },
{ "type": "Feature", "properties": { "ID": 62206541053, "正式名称": "丸橋内科クリニック", "機関区分": 2, "都道府県コード": 6, "市区町村コード": 205, "所在地": "山形県新庄市栄町６－１", "緯度": 38.759549, "経度": 140.295781, "url": "https://www.iryou.teikyouseido.mhlw.go.jp/znk-web/juminkanja/S2430/initialize?prefCd=06&kikanCd=2206541053&kikanKbn=2", "url2": null, "内容": "丸橋内科クリニック【2:診療所】【診療科目:0】山形県新庄市栄町６－１" }, "geometry": { "type": "Point", "coordinates": [ 140.295781, 38.759549 ] } },
{ "type": "Feature", "properties": { "ID": 62206541066, "正式名称": "町立金山診療所", "機関区分": 2, "都道府県コード": 6, "市区町村コード": 361, "所在地": "山形県最上郡金山町大字金山５４８－２", "緯度": 38.879021, "経度": 140.333046, "url": "https://www.iryou.teikyouseido.mhlw.go.jp/znk-web/juminkanja/S2430/initialize?prefCd=06&kikanCd=2206541066&kikanKbn=2", "url2": "https://www.town.kaneyama.yamagata.jp/kenko_fukushi/choritsukaneyamashinryojo/index.html", "内容": "町立金山診療所【2:診療所】【診療科目:0】山形県最上郡金山町大字金山５４８－２" }, "geometry": { "type": "Point", "coordinates": [ 140.333046, 38.879021 ] } },
{ "type": "Feature", "properties": { "ID": 62206541082, "正式名称": "東山内科クリニック分院こらっせ診療所", "機関区分": 2, "都道府県コード": 6, "市区町村コード": 205, "所在地": "山形県新庄市本町", "緯度": 38.767023, "経度": 140.300906, "url": "https://www.iryou.teikyouseido.mhlw.go.jp/znk-web/juminkanja/S2430/initialize?prefCd=06&kikanCd=2206541082&kikanKbn=2", "url2": null, "内容": "東山内科クリニック分院こらっせ診療所【2:診療所】【診療科目:0】山形県新庄市本町" }, "geometry": { "type": "Point", "coordinates": [ 140.300906, 38.767023 ] } },
{ "type": "Feature", "properties": { "ID": 62206541125, "正式名称": "須藤医院", "機関区分": 2, "都道府県コード": 6, "市区町村コード": 205, "所在地": "山形県新庄市沖の町１０－２２", "緯度": 38.764379, "経度": 140.301236, "url": "https://www.iryou.teikyouseido.mhlw.go.jp/znk-web/juminkanja/S2430/initialize?prefCd=06&kikanCd=2206541125&kikanKbn=2", "url2": "https://sudoclinic.mdja.jp", "内容": "須藤医院【2:診療所】【診療科目:0】山形県新庄市沖の町１０－２２" }, "geometry": { "type": "Point", "coordinates": [ 140.301236, 38.764379 ] } },
{ "type": "Feature", "properties": { "ID": 62206541170, "正式名称": "香音クリニック", "機関区分": 2, "都道府県コード": 6, "市区町村コード": 205, "所在地": "山形県新庄市大手町２－２９", "緯度": 38.767109, "経度": 140.297557, "url": "https://www.iryou.teikyouseido.mhlw.go.jp/znk-web/juminkanja/S2430/initialize?prefCd=06&kikanCd=2206541170&kikanKbn=2", "url2": null, "内容": "香音クリニック【2:診療所】【診療科目:0】山形県新庄市大手町２－２９" }, "geometry": { "type": "Point", "coordinates": [ 140.297557, 38.767109 ] } },
{ "type": "Feature", "properties": { "ID": 62206541604, "正式名称": "ハートクリニックひろの", "機関区分": 2, "都道府県コード": 6, "市区町村コード": 205, "所在地": "山形県新庄市下金沢町", "緯度": 38.754451, "経度": 140.301385, "url": "https://www.iryou.teikyouseido.mhlw.go.jp/znk-web/juminkanja/S2430/initialize?prefCd=06&kikanCd=2206541604&kikanKbn=2", "url2": "http://hirono-heartcl.com/", "内容": "ハートクリニックひろの【2:診療所】【診療科目:0】山形県新庄市下金沢町" }, "geometry": { "type": "Point", "coordinates": [ 140.301385, 38.754451 ] } },
{ "type": "Feature", "properties": { "ID": 62206541617, "正式名称": "芦沢医院", "機関区分": 2, "都道府県コード": 6, "市区町村コード": 205, "所在地": "山形県新庄市若葉町１５−１", "緯度": 38.761791, "経度": 140.302823, "url": "https://www.iryou.teikyouseido.mhlw.go.jp/znk-web/juminkanja/S2430/initialize?prefCd=06&kikanCd=2206541617&kikanKbn=2", "url2": null, "内容": "芦沢医院【2:診療所】【診療科目:0】山形県新庄市若葉町１５−１" }, "geometry": { "type": "Point", "coordinates": [ 140.302823, 38.761791 ] } },
{ "type": "Feature", "properties": { "ID": 62206541633, "正式名称": "舟形クリニック", "機関区分": 2, "都道府県コード": 6, "市区町村コード": 363, "所在地": "山形県最上郡舟形町舟形３６５ー１７", "緯度": 38.691818, "経度": 140.316297, "url": "https://www.iryou.teikyouseido.mhlw.go.jp/znk-web/juminkanja/S2430/initialize?prefCd=06&kikanCd=2206541633&kikanKbn=2", "url2": "https://www.big-advance.site/s/166/1381", "内容": "舟形クリニック【2:診療所】【診療科目:0】山形県最上郡舟形町舟形３６５ー１７" }, "geometry": { "type": "Point", "coordinates": [ 140.316297, 38.691818 ] } },
{ "type": "Feature", "properties": { "ID": 62206541907, "正式名称": "ＰＦＣＪＡＰＡＮＣＬＩＮＩＣ新庄健康長寿医療センター", "機関区分": 2, "都道府県コード": 6, "市区町村コード": 205, "所在地": "山形県新庄市福田", "緯度": 38.741329, "経度": 140.273345, "url": "https://www.iryou.teikyouseido.mhlw.go.jp/znk-web/juminkanja/S2430/initialize?prefCd=06&kikanCd=2206541907&kikanKbn=2", "url2": null, "内容": "ＰＦＣＪＡＰＡＮＣＬＩＮＩＣ新庄健康長寿医療センター【2:診療所】【診療科目:0】山形県新庄市福田" }, "geometry": { "type": "Point", "coordinates": [ 140.273345, 38.741329 ] } },
{ "type": "Feature", "properties": { "ID": 62206541923, "正式名称": "すがはら内科クリニック", "機関区分": 2, "都道府県コード": 6, "市区町村コード": 205, "所在地": "山形県新庄市沖の町４番１９号", "緯度": 38.762291, "経度": 140.302611, "url": "https://www.iryou.teikyouseido.mhlw.go.jp/znk-web/juminkanja/S2430/initialize?prefCd=06&kikanCd=2206541923&kikanKbn=2", "url2": "https://www.sugahara-naika.com/", "内容": "すがはら内科クリニック【2:診療所】【診療科目:0】山形県新庄市沖の町４番１９号" }, "geometry": { "type": "Point", "coordinates": [ 140.302611, 38.762291 ] } },
{ "type": "Feature", "properties": { "ID": 62206541936, "正式名称": "新庄こころのクリニック", "機関区分": 2, "都道府県コード": 6, "市区町村コード": 205, "所在地": "山形県新庄市鉄砲町２－６", "緯度": 38.758587, "経度": 140.29901, "url": "https://www.iryou.teikyouseido.mhlw.go.jp/znk-web/juminkanja/S2430/initialize?prefCd=06&kikanCd=2206541936&kikanKbn=2", "url2": "https://www.shinjyokokoro.com", "内容": "新庄こころのクリニック【2:診療所】【診療科目:0】山形県新庄市鉄砲町２－６" }, "geometry": { "type": "Point", "coordinates": [ 140.29901, 38.758587 ] } },
{ "type": "Feature", "properties": { "ID": 62206550046, "正式名称": "石黒内科医院", "機関区分": 2, "都道府県コード": 6, "市区町村コード": 204, "所在地": "山形県酒田市東中の口町３－２", "緯度": 38.911581, "経度": 139.845865, "url": "https://www.iryou.teikyouseido.mhlw.go.jp/znk-web/juminkanja/S2430/initialize?prefCd=06&kikanCd=2206550046&kikanKbn=2", "url2": null, "内容": "石黒内科医院【2:診療所】【診療科目:0】山形県酒田市東中の口町３－２" }, "geometry": { "type": "Point", "coordinates": [ 139.845865, 38.911581 ] } },
{ "type": "Feature", "properties": { "ID": 62206550150, "正式名称": "近藤内科循環器クリニック", "機関区分": 2, "都道府県コード": 6, "市区町村コード": 204, "所在地": "山形県酒田市相生町一丁目６−２５", "緯度": 38.916814, "経度": 139.843245, "url": "https://www.iryou.teikyouseido.mhlw.go.jp/znk-web/juminkanja/S2430/initialize?prefCd=06&kikanCd=2206550150&kikanKbn=2", "url2": null, "内容": "近藤内科循環器クリニック【2:診療所】【診療科目:0】山形県酒田市相生町一丁目６−２５" }, "geometry": { "type": "Point", "coordinates": [ 139.843245, 38.916814 ] } },
{ "type": "Feature", "properties": { "ID": 62206550206, "正式名称": "佐藤整形外科医院", "機関区分": 2, "都道府県コード": 6, "市区町村コード": 204, "所在地": "山形県酒田市寿町１－３８", "緯度": 38.918955, "経度": 139.835112, "url": "https://www.iryou.teikyouseido.mhlw.go.jp/znk-web/juminkanja/S2430/initialize?prefCd=06&kikanCd=2206550206&kikanKbn=2", "url2": null, "内容": "佐藤整形外科医院【2:診療所】【診療科目:0】山形県酒田市寿町１－３８" }, "geometry": { "type": "Point", "coordinates": [ 139.835112, 38.918955 ] } },
{ "type": "Feature", "properties": { "ID": 62206550466, "正式名称": "吉田医院", "機関区分": 2, "都道府県コード": 6, "市区町村コード": 204, "所在地": "山形県酒田市本町１ー２－６", "緯度": 38.913725, "経度": 139.839379, "url": "https://www.iryou.teikyouseido.mhlw.go.jp/znk-web/juminkanja/S2430/initialize?prefCd=06&kikanCd=2206550466&kikanKbn=2", "url2": null, "内容": "吉田医院【2:診療所】【診療科目:0】山形県酒田市本町１ー２－６" }, "geometry": { "type": "Point", "coordinates": [ 139.839379, 38.913725 ] } },
{ "type": "Feature", "properties": { "ID": 62206550509, "正式名称": "酒井医院", "機関区分": 2, "都道府県コード": 6, "市区町村コード": 204, "所在地": "山形県酒田市相生町２－５－４０", "緯度": 38.920988, "経度": 139.841434, "url": "https://www.iryou.teikyouseido.mhlw.go.jp/znk-web/juminkanja/S2430/initialize?prefCd=06&kikanCd=2206550509&kikanKbn=2", "url2": "https://www.sakaiiin.jp/", "内容": "酒井医院【2:診療所】【診療科目:0】山形県酒田市相生町２－５－４０" }, "geometry": { "type": "Point", "coordinates": [ 139.841434, 38.920988 ] } },
{ "type": "Feature", "properties": { "ID": 62206550583, "正式名称": "真田医院", "機関区分": 2, "都道府県コード": 6, "市区町村コード": 204, "所在地": "山形県酒田市浜田１－７－５６", "緯度": 38.919186, "経度": 139.847351, "url": "https://www.iryou.teikyouseido.mhlw.go.jp/znk-web/juminkanja/S2430/initialize?prefCd=06&kikanCd=2206550583&kikanKbn=2", "url2": null, "内容": "真田医院【2:診療所】【診療科目:0】山形県酒田市浜田１－７－５６" }, "geometry": { "type": "Point", "coordinates": [ 139.847351, 38.919186 ] } },
{ "type": "Feature", "properties": { "ID": 62206550639, "正式名称": "医療法人　山本医院", "機関区分": 2, "都道府県コード": 6, "市区町村コード": 204, "所在地": "山形県酒田市新井田町１５－３", "緯度": 38.913308, "経度": 139.843626, "url": "https://www.iryou.teikyouseido.mhlw.go.jp/znk-web/juminkanja/S2430/initialize?prefCd=06&kikanCd=2206550639&kikanKbn=2", "url2": "http://www.sakata-yamamotoiin.com", "内容": "医療法人　山本医院【2:診療所】【診療科目:0】山形県酒田市新井田町１５－３" }, "geometry": { "type": "Point", "coordinates": [ 139.843626, 38.913308 ] } },
{ "type": "Feature", "properties": { "ID": 62206550642, "正式名称": "冨樫クリニック", "機関区分": 2, "都道府県コード": 6, "市区町村コード": 204, "所在地": "山形県酒田市本町３－１０－５", "緯度": 38.915455, "経度": 139.833735, "url": "https://www.iryou.teikyouseido.mhlw.go.jp/znk-web/juminkanja/S2430/initialize?prefCd=06&kikanCd=2206550642&kikanKbn=2", "url2": null, "内容": "冨樫クリニック【2:診療所】【診療科目:0】山形県酒田市本町３－１０－５" }, "geometry": { "type": "Point", "coordinates": [ 139.833735, 38.915455 ] } },
{ "type": "Feature", "properties": { "ID": 62206550668, "正式名称": "菅原外科内科医院", "機関区分": 2, "都道府県コード": 6, "市区町村コード": 204, "所在地": "山形県酒田市東大町１－１０－６", "緯度": 38.908879, "経度": 139.856064, "url": "https://www.iryou.teikyouseido.mhlw.go.jp/znk-web/juminkanja/S2430/initialize?prefCd=06&kikanCd=2206550668&kikanKbn=2", "url2": null, "内容": "菅原外科内科医院【2:診療所】【診療科目:0】山形県酒田市東大町１－１０－６" }, "geometry": { "type": "Point", "coordinates": [ 139.856064, 38.908879 ] } },
{ "type": "Feature", "properties": { "ID": 62206550730, "正式名称": "まこと眼科", "機関区分": 2, "都道府県コード": 6, "市区町村コード": 204, "所在地": "山形県酒田市一番町３−２４", "緯度": 38.915675, "経度": 139.841365, "url": "https://www.iryou.teikyouseido.mhlw.go.jp/znk-web/juminkanja/S2430/initialize?prefCd=06&kikanCd=2206550730&kikanKbn=2", "url2": null, "内容": "まこと眼科【2:診療所】【診療科目:0】山形県酒田市一番町３−２４" }, "geometry": { "type": "Point", "coordinates": [ 139.841365, 38.915675 ] } },
{ "type": "Feature", "properties": { "ID": 62206550828, "正式名称": "サイトー内科", "機関区分": 2, "都道府県コード": 6, "市区町村コード": 204, "所在地": "山形県酒田市一番町９番９号", "緯度": 38.914183, "経度": 139.842384, "url": "https://www.iryou.teikyouseido.mhlw.go.jp/znk-web/juminkanja/S2430/initialize?prefCd=06&kikanCd=2206550828&kikanKbn=2", "url2": "https://www.saitonaika.info", "内容": "サイトー内科【2:診療所】【診療科目:0】山形県酒田市一番町９番９号" }, "geometry": { "type": "Point", "coordinates": [ 139.842384, 38.914183 ] } },
{ "type": "Feature", "properties": { "ID": 62206550886, "正式名称": "成澤医院", "機関区分": 2, "都道府県コード": 6, "市区町村コード": 428, "所在地": "山形県東田川郡庄内町清川字腹巻野４５－１", "緯度": 38.783492, "経度": 140.025189, "url": "https://www.iryou.teikyouseido.mhlw.go.jp/znk-web/juminkanja/S2430/initialize?prefCd=06&kikanCd=2206550886&kikanKbn=2", "url2": "http://narisawaiin .com", "内容": "成澤医院【2:診療所】【診療科目:0】山形県東田川郡庄内町清川字腹巻野４５－１" }, "geometry": { "type": "Point", "coordinates": [ 140.025189, 38.783492 ] } },
{ "type": "Feature", "properties": { "ID": 62206550929, "正式名称": "かとう医院", "機関区分": 2, "都道府県コード": 6, "市区町村コード": 428, "所在地": "山形県東田川郡庄内町余目字町１５−１", "緯度": 38.849401, "経度": 139.906748, "url": "https://www.iryou.teikyouseido.mhlw.go.jp/znk-web/juminkanja/S2430/initialize?prefCd=06&kikanCd=2206550929&kikanKbn=2", "url2": null, "内容": "かとう医院【2:診療所】【診療科目:0】山形県東田川郡庄内町余目字町１５−１" }, "geometry": { "type": "Point", "coordinates": [ 139.906748, 38.849401 ] } },
{ "type": "Feature", "properties": { "ID": 62206550974, "正式名称": "菅原医院", "機関区分": 2, "都道府県コード": 6, "市区町村コード": 461, "所在地": "山形県飽海郡遊佐町北目字菅野谷地１０２", "緯度": 39.059255, "経度": 139.888972, "url": "https://www.iryou.teikyouseido.mhlw.go.jp/znk-web/juminkanja/S2430/initialize?prefCd=06&kikanCd=2206550974&kikanKbn=2", "url2": "yuza-sugawaraclinic.com", "内容": "菅原医院【2:診療所】【診療科目:0】山形県飽海郡遊佐町北目字菅野谷地１０２" }, "geometry": { "type": "Point", "coordinates": [ 139.888972, 39.059255 ] } },
{ "type": "Feature", "properties": { "ID": 62206550987, "正式名称": "土門医院", "機関区分": 2, "都道府県コード": 6, "市区町村コード": 461, "所在地": "山形県飽海郡遊佐町庄泉字開元６５", "緯度": 39.011402, "経度": 139.887713, "url": "https://www.iryou.teikyouseido.mhlw.go.jp/znk-web/juminkanja/S2430/initialize?prefCd=06&kikanCd=2206550987&kikanKbn=2", "url2": null, "内容": "土門医院【2:診療所】【診療科目:0】山形県飽海郡遊佐町庄泉字開元６５" }, "geometry": { "type": "Point", "coordinates": [ 139.887713, 39.011402 ] } },
{ "type": "Feature", "properties": { "ID": 62206551001, "正式名称": "村上医院", "機関区分": 2, "都道府県コード": 6, "市区町村コード": 461, "所在地": "山形県飽海郡遊佐町吉出字野添１６３", "緯度": 39.021479, "経度": 139.907944, "url": "https://www.iryou.teikyouseido.mhlw.go.jp/znk-web/juminkanja/S2430/initialize?prefCd=06&kikanCd=2206551001&kikanKbn=2", "url2": null, "内容": "村上医院【2:診療所】【診療科目:0】山形県飽海郡遊佐町吉出字野添１６３" }, "geometry": { "type": "Point", "coordinates": [ 139.907944, 39.021479 ] } },
{ "type": "Feature", "properties": { "ID": 62206551027, "正式名称": "升田診療所", "機関区分": 2, "都道府県コード": 6, "市区町村コード": 204, "所在地": "山形県酒田市升田字東向１６番地", "緯度": 38.99941, "経度": 140.045184, "url": "https://www.iryou.teikyouseido.mhlw.go.jp/znk-web/juminkanja/S2430/initialize?prefCd=06&kikanCd=2206551027&kikanKbn=2", "url2": null, "内容": "升田診療所【2:診療所】【診療科目:0】山形県酒田市升田字東向１６番地" }, "geometry": { "type": "Point", "coordinates": [ 140.045184, 38.99941 ] } },
{ "type": "Feature", "properties": { "ID": 62206551043, "正式名称": "青沢診療所", "機関区分": 2, "都道府県コード": 6, "市区町村コード": 204, "所在地": "山形県酒田市北青沢家ノ前２８０番地", "緯度": 38.967525, "経度": 140.047182, "url": "https://www.iryou.teikyouseido.mhlw.go.jp/znk-web/juminkanja/S2430/initialize?prefCd=06&kikanCd=2206551043&kikanKbn=2", "url2": null, "内容": "青沢診療所【2:診療所】【診療科目:0】山形県酒田市北青沢家ノ前２８０番地" }, "geometry": { "type": "Point", "coordinates": [ 140.047182, 38.967525 ] } },
{ "type": "Feature", "properties": { "ID": 62206551261, "正式名称": "上田診療所", "機関区分": 2, "都道府県コード": 6, "市区町村コード": 204, "所在地": "山形県酒田市上野曽根字上中割７３", "緯度": 38.942901, "経度": 139.887066, "url": "https://www.iryou.teikyouseido.mhlw.go.jp/znk-web/juminkanja/S2430/initialize?prefCd=06&kikanCd=2206551261&kikanKbn=2", "url2": "http://www.kouyuu-kai.or.jp/", "内容": "上田診療所【2:診療所】【診療科目:0】山形県酒田市上野曽根字上中割７３" }, "geometry": { "type": "Point", "coordinates": [ 139.887066, 38.942901 ] } },
{ "type": "Feature", "properties": { "ID": 62206551320, "正式名称": "あいおい皮膚科クリニック", "機関区分": 2, "都道府県コード": 6, "市区町村コード": 204, "所在地": "山形県酒田市相生町２－５－３５", "緯度": 38.921266, "経度": 139.840801, "url": "https://www.iryou.teikyouseido.mhlw.go.jp/znk-web/juminkanja/S2430/initialize?prefCd=06&kikanCd=2206551320&kikanKbn=2", "url2": null, "内容": "あいおい皮膚科クリニック【2:診療所】【診療科目:0】山形県酒田市相生町２－５－３５" }, "geometry": { "type": "Point", "coordinates": [ 139.840801, 38.921266 ] } },
{ "type": "Feature", "properties": { "ID": 62206551333, "正式名称": "阿部内科胃腸科医院", "機関区分": 2, "都道府県コード": 6, "市区町村コード": 428, "所在地": "山形県東田川郡庄内町南野字南浦９５－１", "緯度": 38.813536, "経度": 139.940285, "url": "https://www.iryou.teikyouseido.mhlw.go.jp/znk-web/juminkanja/S2430/initialize?prefCd=06&kikanCd=2206551333&kikanKbn=2", "url2": "http://www.geocities.jp/abe_iin/", "内容": "阿部内科胃腸科医院【2:診療所】【診療科目:0】山形県東田川郡庄内町南野字南浦９５－１" }, "geometry": { "type": "Point", "coordinates": [ 139.940285, 38.813536 ] } },
{ "type": "Feature", "properties": { "ID": 62206551359, "正式名称": "菅原内科胃腸科医院", "機関区分": 2, "都道府県コード": 6, "市区町村コード": 204, "所在地": "山形県酒田市北新橋１－１３－５", "緯度": 38.921914, "経度": 139.85735, "url": "https://www.iryou.teikyouseido.mhlw.go.jp/znk-web/juminkanja/S2430/initialize?prefCd=06&kikanCd=2206551359&kikanKbn=2", "url2": null, "内容": "菅原内科胃腸科医院【2:診療所】【診療科目:0】山形県酒田市北新橋１－１３－５" }, "geometry": { "type": "Point", "coordinates": [ 139.85735, 38.921914 ] } },
{ "type": "Feature", "properties": { "ID": 62206551362, "正式名称": "飛島診療所", "機関区分": 2, "都道府県コード": 6, "市区町村コード": 204, "所在地": "山形県酒田市飛島", "緯度": 39.190374, "経度": 139.549615, "url": "https://www.iryou.teikyouseido.mhlw.go.jp/znk-web/juminkanja/S2430/initialize?prefCd=06&kikanCd=2206551362&kikanKbn=2", "url2": null, "内容": "飛島診療所【2:診療所】【診療科目:0】山形県酒田市飛島" }, "geometry": { "type": "Point", "coordinates": [ 139.549615, 39.190374 ] } },
{ "type": "Feature", "properties": { "ID": 62206551388, "正式名称": "池田外科胃腸科医院", "機関区分": 2, "都道府県コード": 6, "市区町村コード": 204, "所在地": "山形県酒田市上安町１－８０－２８", "緯度": 38.92608, "経度": 139.861841, "url": "https://www.iryou.teikyouseido.mhlw.go.jp/znk-web/juminkanja/S2430/initialize?prefCd=06&kikanCd=2206551388&kikanKbn=2", "url2": null, "内容": "池田外科胃腸科医院【2:診療所】【診療科目:0】山形県酒田市上安町１－８０－２８" }, "geometry": { "type": "Point", "coordinates": [ 139.861841, 38.92608 ] } },
{ "type": "Feature", "properties": { "ID": 62206551418, "正式名称": "こども医院さいとう", "機関区分": 2, "都道府県コード": 6, "市区町村コード": 204, "所在地": "山形県酒田市松原南１１－２１", "緯度": 38.900829, "経度": 139.853781, "url": "https://www.iryou.teikyouseido.mhlw.go.jp/znk-web/juminkanja/S2430/initialize?prefCd=06&kikanCd=2206551418&kikanKbn=2", "url2": null, "内容": "こども医院さいとう【2:診療所】【診療科目:0】山形県酒田市松原南１１－２１" }, "geometry": { "type": "Point", "coordinates": [ 139.853781, 38.900829 ] } },
{ "type": "Feature", "properties": { "ID": 62206551434, "正式名称": "さとう小児科医院", "機関区分": 2, "都道府県コード": 6, "市区町村コード": 204, "所在地": "山形県酒田市新井田町１番３号", "緯度": 38.915711, "経度": 139.846634, "url": "https://www.iryou.teikyouseido.mhlw.go.jp/znk-web/juminkanja/S2430/initialize?prefCd=06&kikanCd=2206551434&kikanKbn=2", "url2": null, "内容": "さとう小児科医院【2:診療所】【診療科目:0】山形県酒田市新井田町１番３号" }, "geometry": { "type": "Point", "coordinates": [ 139.846634, 38.915711 ] } },
{ "type": "Feature", "properties": { "ID": 62206551450, "正式名称": "医療法人尾形内科胃腸科医院", "機関区分": 2, "都道府県コード": 6, "市区町村コード": 204, "所在地": "山形県酒田市みずほ一丁目２－２８", "緯度": 38.907112, "経度": 139.848898, "url": "https://www.iryou.teikyouseido.mhlw.go.jp/znk-web/juminkanja/S2430/initialize?prefCd=06&kikanCd=2206551450&kikanKbn=2", "url2": null, "内容": "医療法人尾形内科胃腸科医院【2:診療所】【診療科目:0】山形県酒田市みずほ一丁目２－２８" }, "geometry": { "type": "Point", "coordinates": [ 139.848898, 38.907112 ] } },
{ "type": "Feature", "properties": { "ID": 62206551489, "正式名称": "宮部内科医院", "機関区分": 2, "都道府県コード": 6, "市区町村コード": 204, "所在地": "山形県酒田市本町一丁目５−１３", "緯度": 38.911508, "経度": 139.838576, "url": "https://www.iryou.teikyouseido.mhlw.go.jp/znk-web/juminkanja/S2430/initialize?prefCd=06&kikanCd=2206551489&kikanKbn=2", "url2": null, "内容": "宮部内科医院【2:診療所】【診療科目:0】山形県酒田市本町一丁目５−１３" }, "geometry": { "type": "Point", "coordinates": [ 139.838576, 38.911508 ] } },
{ "type": "Feature", "properties": { "ID": 62206551506, "正式名称": "鬼海小児科医院", "機関区分": 2, "都道府県コード": 6, "市区町村コード": 204, "所在地": "山形県酒田市大町１０－６２", "緯度": 38.906137, "経度": 139.852656, "url": "https://www.iryou.teikyouseido.mhlw.go.jp/znk-web/juminkanja/S2430/initialize?prefCd=06&kikanCd=2206551506&kikanKbn=2", "url2": null, "内容": "鬼海小児科医院【2:診療所】【診療科目:0】山形県酒田市大町１０－６２" }, "geometry": { "type": "Point", "coordinates": [ 139.852656, 38.906137 ] } },
{ "type": "Feature", "properties": { "ID": 62206551535, "正式名称": "みちもと眼科医院", "機関区分": 2, "都道府県コード": 6, "市区町村コード": 204, "所在地": "山形県酒田市東泉町２－９－３", "緯度": 38.93019, "経度": 139.847531, "url": "https://www.iryou.teikyouseido.mhlw.go.jp/znk-web/juminkanja/S2430/initialize?prefCd=06&kikanCd=2206551535&kikanKbn=2", "url2": null, "内容": "みちもと眼科医院【2:診療所】【診療科目:0】山形県酒田市東泉町２－９－３" }, "geometry": { "type": "Point", "coordinates": [ 139.847531, 38.93019 ] } },
{ "type": "Feature", "properties": { "ID": 62206551548, "正式名称": "江部耳鼻咽喉科医院", "機関区分": 2, "都道府県コード": 6, "市区町村コード": 204, "所在地": "山形県酒田市新井田町１−３７", "緯度": 38.915814, "経度": 139.846156, "url": "https://www.iryou.teikyouseido.mhlw.go.jp/znk-web/juminkanja/S2430/initialize?prefCd=06&kikanCd=2206551548&kikanKbn=2", "url2": null, "内容": "江部耳鼻咽喉科医院【2:診療所】【診療科目:0】山形県酒田市新井田町１−３７" }, "geometry": { "type": "Point", "coordinates": [ 139.846156, 38.915814 ] } },
{ "type": "Feature", "properties": { "ID": 62206551551, "正式名称": "丸岡医院", "機関区分": 2, "都道府県コード": 6, "市区町村コード": 204, "所在地": "山形県酒田市松原南１５番１号", "緯度": 38.900152, "経度": 139.852145, "url": "https://www.iryou.teikyouseido.mhlw.go.jp/znk-web/juminkanja/S2430/initialize?prefCd=06&kikanCd=2206551551&kikanKbn=2", "url2": "http://www.maruoka.or.jp", "内容": "丸岡医院【2:診療所】【診療科目:0】山形県酒田市松原南１５番１号" }, "geometry": { "type": "Point", "coordinates": [ 139.852145, 38.900152 ] } },
{ "type": "Feature", "properties": { "ID": 62206551593, "正式名称": "松山診療所", "機関区分": 2, "都道府県コード": 6, "市区町村コード": 204, "所在地": "山形県酒田市西田８番地の１", "緯度": 38.856973, "経度": 139.955545, "url": "https://www.iryou.teikyouseido.mhlw.go.jp/znk-web/juminkanja/S2430/initialize?prefCd=06&kikanCd=2206551593&kikanKbn=2", "url2": null, "内容": "松山診療所【2:診療所】【診療科目:0】山形県酒田市西田８番地の１" }, "geometry": { "type": "Point", "coordinates": [ 139.955545, 38.856973 ] } },
{ "type": "Feature", "properties": { "ID": 62206551607, "正式名称": "医療法人誠山会大山内科循環器科クリニック", "機関区分": 2, "都道府県コード": 6, "市区町村コード": 204, "所在地": "山形県酒田市亀ケ崎３丁目８－１１", "緯度": 38.903629, "経度": 139.847679, "url": "https://www.iryou.teikyouseido.mhlw.go.jp/znk-web/juminkanja/S2430/initialize?prefCd=06&kikanCd=2206551607&kikanKbn=2", "url2": null, "内容": "医療法人誠山会大山内科循環器科クリニック【2:診療所】【診療科目:0】山形県酒田市亀ケ崎３丁目８－１１" }, "geometry": { "type": "Point", "coordinates": [ 139.847679, 38.903629 ] } },
{ "type": "Feature", "properties": { "ID": 62206551636, "正式名称": "瀬尾メンタルクリニック", "機関区分": 2, "都道府県コード": 6, "市区町村コード": 204, "所在地": "山形県酒田市曙町二丁目１８番地の６", "緯度": 38.919879, "経度": 139.86461, "url": "https://www.iryou.teikyouseido.mhlw.go.jp/znk-web/juminkanja/S2430/initialize?prefCd=06&kikanCd=2206551636&kikanKbn=2", "url2": "http://www.seomental.jp/", "内容": "瀬尾メンタルクリニック【2:診療所】【診療科目:0】山形県酒田市曙町二丁目１８番地の６" }, "geometry": { "type": "Point", "coordinates": [ 139.86461, 38.919879 ] } },
{ "type": "Feature", "properties": { "ID": 62206551678, "正式名称": "松浦内科医院", "機関区分": 2, "都道府県コード": 6, "市区町村コード": 204, "所在地": "山形県酒田市こあら二丁目３−９", "緯度": 38.915289, "経度": 139.861208, "url": "https://www.iryou.teikyouseido.mhlw.go.jp/znk-web/juminkanja/S2430/initialize?prefCd=06&kikanCd=2206551678&kikanKbn=2", "url2": null, "内容": "松浦内科医院【2:診療所】【診療科目:0】山形県酒田市こあら二丁目３−９" }, "geometry": { "type": "Point", "coordinates": [ 139.861208, 38.915289 ] } },
{ "type": "Feature", "properties": { "ID": 62206551694, "正式名称": "高木整形外科クリニック", "機関区分": 2, "都道府県コード": 6, "市区町村コード": 204, "所在地": "山形県酒田市亀ケ崎７－１－３０－１－３０", "緯度": 38.897721, "経度": 139.847832, "url": "https://www.iryou.teikyouseido.mhlw.go.jp/znk-web/juminkanja/S2430/initialize?prefCd=06&kikanCd=2206551694&kikanKbn=2", "url2": null, "内容": "高木整形外科クリニック【2:診療所】【診療科目:0】山形県酒田市亀ケ崎７－１－３０－１－３０" }, "geometry": { "type": "Point", "coordinates": [ 139.847832, 38.897721 ] } },
{ "type": "Feature", "properties": { "ID": 62206551711, "正式名称": "岡田内科循環器科クリニック", "機関区分": 2, "都道府県コード": 6, "市区町村コード": 204, "所在地": "山形県酒田市東大町３‐３８‐３", "緯度": 38.904499, "経度": 139.865219, "url": "https://www.iryou.teikyouseido.mhlw.go.jp/znk-web/juminkanja/S2430/initialize?prefCd=06&kikanCd=2206551711&kikanKbn=2", "url2": "https://okadaclinic-sakata.amebaownd.com/", "内容": "岡田内科循環器科クリニック【2:診療所】【診療科目:0】山形県酒田市東大町３‐３８‐３" }, "geometry": { "type": "Point", "coordinates": [ 139.865219, 38.904499 ] } },
{ "type": "Feature", "properties": { "ID": 62206551740, "正式名称": "影沢内科医院", "機関区分": 2, "都道府県コード": 6, "市区町村コード": 204, "所在地": "山形県酒田市砂越字粕町１００番地", "緯度": 38.89211, "経度": 139.912175, "url": "https://www.iryou.teikyouseido.mhlw.go.jp/znk-web/juminkanja/S2430/initialize?prefCd=06&kikanCd=2206551740&kikanKbn=2", "url2": null, "内容": "影沢内科医院【2:診療所】【診療科目:0】山形県酒田市砂越字粕町１００番地" }, "geometry": { "type": "Point", "coordinates": [ 139.912175, 38.89211 ] } },
{ "type": "Feature", "properties": { "ID": 62206570084, "正式名称": "犬塚医院", "機関区分": 2, "都道府県コード": 6, "市区町村コード": 203, "所在地": "山形県鶴岡市本町", "緯度": 38.723731, "経度": 139.825439, "url": "https://www.iryou.teikyouseido.mhlw.go.jp/znk-web/juminkanja/S2430/initialize?prefCd=06&kikanCd=2206570084&kikanKbn=2", "url2": null, "内容": "犬塚医院【2:診療所】【診療科目:0】山形県鶴岡市本町" }, "geometry": { "type": "Point", "coordinates": [ 139.825439, 38.723731 ] } },
{ "type": "Feature", "properties": { "ID": 62206570097, "正式名称": "池田内科医院", "機関区分": 2, "都道府県コード": 6, "市区町村コード": 203, "所在地": "山形県鶴岡市本町", "緯度": 38.722525, "経度": 139.821701, "url": "https://www.iryou.teikyouseido.mhlw.go.jp/znk-web/juminkanja/S2430/initialize?prefCd=06&kikanCd=2206570097&kikanKbn=2", "url2": null, "内容": "池田内科医院【2:診療所】【診療科目:0】山形県鶴岡市本町" }, "geometry": { "type": "Point", "coordinates": [ 139.821701, 38.722525 ] } },
{ "type": "Feature", "properties": { "ID": 62206570244, "正式名称": "斎藤内科医院", "機関区分": 2, "都道府県コード": 6, "市区町村コード": 203, "所在地": "山形県鶴岡市本町二丁目６−３０", "緯度": 38.72322, "経度": 139.828558, "url": "https://www.iryou.teikyouseido.mhlw.go.jp/znk-web/juminkanja/S2430/initialize?prefCd=06&kikanCd=2206570244&kikanKbn=2", "url2": null, "内容": "斎藤内科医院【2:診療所】【診療科目:0】山形県鶴岡市本町二丁目６−３０" }, "geometry": { "type": "Point", "coordinates": [ 139.828558, 38.72322 ] } },
{ "type": "Feature", "properties": { "ID": 62206570257, "正式名称": "齋藤医院", "機関区分": 2, "都道府県コード": 6, "市区町村コード": 203, "所在地": "山形県鶴岡市加茂字加茂１７７", "緯度": 38.761676, "経度": 139.734212, "url": "https://www.iryou.teikyouseido.mhlw.go.jp/znk-web/juminkanja/S2430/initialize?prefCd=06&kikanCd=2206570257&kikanKbn=2", "url2": null, "内容": "齋藤医院【2:診療所】【診療科目:0】山形県鶴岡市加茂字加茂１７７" }, "geometry": { "type": "Point", "coordinates": [ 139.734212, 38.761676 ] } },
{ "type": "Feature", "properties": { "ID": 62206570361, "正式名称": "中里医院", "機関区分": 2, "都道府県コード": 6, "市区町村コード": 203, "所在地": "山形県鶴岡市大山２－２３－５", "緯度": 38.747874, "経度": 139.766158, "url": "https://www.iryou.teikyouseido.mhlw.go.jp/znk-web/juminkanja/S2430/initialize?prefCd=06&kikanCd=2206570361&kikanKbn=2", "url2": "http://homepage2.nifty.com/junnaka/", "内容": "中里医院【2:診療所】【診療科目:0】山形県鶴岡市大山２－２３－５" }, "geometry": { "type": "Point", "coordinates": [ 139.766158, 38.747874 ] } },
{ "type": "Feature", "properties": { "ID": 62206570390, "正式名称": "福原医院", "機関区分": 2, "都道府県コード": 6, "市区町村コード": 203, "所在地": "山形県鶴岡市本町２－２－４５", "緯度": 38.724372, "経度": 139.828842, "url": "https://www.iryou.teikyouseido.mhlw.go.jp/znk-web/juminkanja/S2430/initialize?prefCd=06&kikanCd=2206570390&kikanKbn=2", "url2": null, "内容": "福原医院【2:診療所】【診療科目:0】山形県鶴岡市本町２－２－４５" }, "geometry": { "type": "Point", "coordinates": [ 139.828842, 38.724372 ] } },
{ "type": "Feature", "properties": { "ID": 62206570547, "正式名称": "いずみまちクリニック", "機関区分": 2, "都道府県コード": 6, "市区町村コード": 203, "所在地": "山形県鶴岡市泉町８番６６号", "緯度": 38.73135, "経度": 139.830986, "url": "https://www.iryou.teikyouseido.mhlw.go.jp/znk-web/juminkanja/S2430/initialize?prefCd=06&kikanCd=2206570547&kikanKbn=2", "url2": "izumimachi-clinic.jp", "内容": "いずみまちクリニック【2:診療所】【診療科目:0】山形県鶴岡市泉町８番６６号" }, "geometry": { "type": "Point", "coordinates": [ 139.830986, 38.73135 ] } },
{ "type": "Feature", "properties": { "ID": 62206570576, "正式名称": "今立小児科医院", "機関区分": 2, "都道府県コード": 6, "市区町村コード": 203, "所在地": "山形県鶴岡市鳥居町２の３０", "緯度": 38.73225, "経度": 139.837785, "url": "https://www.iryou.teikyouseido.mhlw.go.jp/znk-web/juminkanja/S2430/initialize?prefCd=06&kikanCd=2206570576&kikanKbn=2", "url2": null, "内容": "今立小児科医院【2:診療所】【診療科目:0】山形県鶴岡市鳥居町２の３０" }, "geometry": { "type": "Point", "coordinates": [ 139.837785, 38.73225 ] } },
{ "type": "Feature", "properties": { "ID": 62206570635, "正式名称": "医療法人岡田医院", "機関区分": 2, "都道府県コード": 6, "市区町村コード": 203, "所在地": "山形県鶴岡市日吉町１１―１４", "緯度": 38.733499, "経度": 139.836546, "url": "https://www.iryou.teikyouseido.mhlw.go.jp/znk-web/juminkanja/S2430/initialize?prefCd=06&kikanCd=2206570635&kikanKbn=2", "url2": null, "内容": "医療法人岡田医院【2:診療所】【診療科目:0】山形県鶴岡市日吉町１１―１４" }, "geometry": { "type": "Point", "coordinates": [ 139.836546, 38.733499 ] } },
{ "type": "Feature", "properties": { "ID": 62206570736, "正式名称": "黒沢眼科医院", "機関区分": 2, "都道府県コード": 6, "市区町村コード": 203, "所在地": "山形県鶴岡市昭和町１０番２０号", "緯度": 38.725092, "経度": 139.834324, "url": "https://www.iryou.teikyouseido.mhlw.go.jp/znk-web/juminkanja/S2430/initialize?prefCd=06&kikanCd=2206570736&kikanKbn=2", "url2": null, "内容": "黒沢眼科医院【2:診療所】【診療科目:0】山形県鶴岡市昭和町１０番２０号" }, "geometry": { "type": "Point", "coordinates": [ 139.834324, 38.725092 ] } },
{ "type": "Feature", "properties": { "ID": 62206570840, "正式名称": "佐藤医院", "機関区分": 2, "都道府県コード": 6, "市区町村コード": 203, "所在地": "山形県鶴岡市羽黒町野荒町字街道上６－２", "緯度": 38.718072, "経度": 139.917298, "url": "https://www.iryou.teikyouseido.mhlw.go.jp/znk-web/juminkanja/S2430/initialize?prefCd=06&kikanCd=2206570840&kikanKbn=2", "url2": null, "内容": "佐藤医院【2:診療所】【診療科目:0】山形県鶴岡市羽黒町野荒町字街道上６－２" }, "geometry": { "type": "Point", "coordinates": [ 139.917298, 38.718072 ] } },
{ "type": "Feature", "properties": { "ID": 62206570882, "正式名称": "佐久間医院", "機関区分": 2, "都道府県コード": 6, "市区町村コード": 203, "所在地": "山形県鶴岡市西荒屋字川原田９８", "緯度": 38.653189, "経度": 139.847718, "url": "https://www.iryou.teikyouseido.mhlw.go.jp/znk-web/juminkanja/S2430/initialize?prefCd=06&kikanCd=2206570882&kikanKbn=2", "url2": null, "内容": "佐久間医院【2:診療所】【診療科目:0】山形県鶴岡市西荒屋字川原田９８" }, "geometry": { "type": "Point", "coordinates": [ 139.847718, 38.653189 ] } },
{ "type": "Feature", "properties": { "ID": 62206571010, "正式名称": "佐藤診療所", "機関区分": 2, "都道府県コード": 6, "市区町村コード": 203, "所在地": "山形県鶴岡市鼠ケ関", "緯度": 38.556925, "経度": 139.546168, "url": "https://www.iryou.teikyouseido.mhlw.go.jp/znk-web/juminkanja/S2430/initialize?prefCd=06&kikanCd=2206571010&kikanKbn=2", "url2": "https://keep-healthy2.jp", "内容": "佐藤診療所【2:診療所】【診療科目:0】山形県鶴岡市鼠ケ関" }, "geometry": { "type": "Point", "coordinates": [ 139.546168, 38.556925 ] } },
{ "type": "Feature", "properties": { "ID": 62206571052, "正式名称": "さとう内科クリニック", "機関区分": 2, "都道府県コード": 6, "市区町村コード": 203, "所在地": "山形県鶴岡市湯温海甲１２７−１", "緯度": 38.616507, "経度": 139.61022, "url": "https://www.iryou.teikyouseido.mhlw.go.jp/znk-web/juminkanja/S2430/initialize?prefCd=06&kikanCd=2206571052&kikanKbn=2", "url2": "https://www.atumi-sato-shinryojo.jp", "内容": "さとう内科クリニック【2:診療所】【診療科目:0】山形県鶴岡市湯温海甲１２７−１" }, "geometry": { "type": "Point", "coordinates": [ 139.61022, 38.616507 ] } },
{ "type": "Feature", "properties": { "ID": 62206571078, "正式名称": "木根淵医院", "機関区分": 2, "都道府県コード": 6, "市区町村コード": 203, "所在地": "山形県鶴岡市本町一丁目６−３４", "緯度": 38.727428, "経度": 139.830333, "url": "https://www.iryou.teikyouseido.mhlw.go.jp/znk-web/juminkanja/S2430/initialize?prefCd=06&kikanCd=2206571078&kikanKbn=2", "url2": null, "内容": "木根淵医院【2:診療所】【診療科目:0】山形県鶴岡市本町一丁目６−３４" }, "geometry": { "type": "Point", "coordinates": [ 139.830333, 38.727428 ] } },
{ "type": "Feature", "properties": { "ID": 62206571094, "正式名称": "医療法人石田内科医院", "機関区分": 2, "都道府県コード": 6, "市区町村コード": 203, "所在地": "山形県鶴岡市文園町１－５２", "緯度": 38.718026, "経度": 139.829295, "url": "https://www.iryou.teikyouseido.mhlw.go.jp/znk-web/juminkanja/S2430/initialize?prefCd=06&kikanCd=2206571094&kikanKbn=2", "url2": null, "内容": "医療法人石田内科医院【2:診療所】【診療科目:0】山形県鶴岡市文園町１－５２" }, "geometry": { "type": "Point", "coordinates": [ 139.829295, 38.718026 ] } },
{ "type": "Feature", "properties": { "ID": 62206571140, "正式名称": "医療法人千仁会中目内科胃腸科医院", "機関区分": 2, "都道府県コード": 6, "市区町村コード": 203, "所在地": "山形県鶴岡市昭和町", "緯度": 38.725203, "経度": 139.834727, "url": "https://www.iryou.teikyouseido.mhlw.go.jp/znk-web/juminkanja/S2430/initialize?prefCd=06&kikanCd=2206571140&kikanKbn=2", "url2": null, "内容": "医療法人千仁会中目内科胃腸科医院【2:診療所】【診療科目:0】山形県鶴岡市昭和町" }, "geometry": { "type": "Point", "coordinates": [ 139.834727, 38.725203 ] } },
{ "type": "Feature", "properties": { "ID": 62206571182, "正式名称": "中鉢医院", "機関区分": 2, "都道府県コード": 6, "市区町村コード": 203, "所在地": "山形県鶴岡市双葉町６番１３号", "緯度": 38.718642, "経度": 139.822745, "url": "https://www.iryou.teikyouseido.mhlw.go.jp/znk-web/juminkanja/S2430/initialize?prefCd=06&kikanCd=2206571182&kikanKbn=2", "url2": null, "内容": "中鉢医院【2:診療所】【診療科目:0】山形県鶴岡市双葉町６番１３号" }, "geometry": { "type": "Point", "coordinates": [ 139.822745, 38.718642 ] } },
{ "type": "Feature", "properties": { "ID": 62206571212, "正式名称": "桂医院", "機関区分": 2, "都道府県コード": 6, "市区町村コード": 203, "所在地": "山形県鶴岡市桂荒俣字下桂１０５−２", "緯度": 38.675028, "経度": 139.844942, "url": "https://www.iryou.teikyouseido.mhlw.go.jp/znk-web/juminkanja/S2430/initialize?prefCd=06&kikanCd=2206571212&kikanKbn=2", "url2": null, "内容": "桂医院【2:診療所】【診療科目:0】山形県鶴岡市桂荒俣字下桂１０５−２" }, "geometry": { "type": "Point", "coordinates": [ 139.844942, 38.675028 ] } },
{ "type": "Feature", "properties": { "ID": 62206571225, "正式名称": "医療法人社団滝沢眼科", "機関区分": 2, "都道府県コード": 6, "市区町村コード": 203, "所在地": "山形県鶴岡市本町３－７－６５", "緯度": 38.72552, "経度": 139.821998, "url": "https://www.iryou.teikyouseido.mhlw.go.jp/znk-web/juminkanja/S2430/initialize?prefCd=06&kikanCd=2206571225&kikanKbn=2", "url2": null, "内容": "医療法人社団滝沢眼科【2:診療所】【診療科目:0】山形県鶴岡市本町３－７－６５" }, "geometry": { "type": "Point", "coordinates": [ 139.821998, 38.72552 ] } },
{ "type": "Feature", "properties": { "ID": 62206571254, "正式名称": "医療法人わかな内科医院", "機関区分": 2, "都道府県コード": 6, "市区町村コード": 203, "所在地": "山形県鶴岡市家中新町１１番４１号", "緯度": 38.72858, "経度": 139.819851, "url": "https://www.iryou.teikyouseido.mhlw.go.jp/znk-web/juminkanja/S2430/initialize?prefCd=06&kikanCd=2206571254&kikanKbn=2", "url2": "https://wakana-naika.jp/", "内容": "医療法人わかな内科医院【2:診療所】【診療科目:0】山形県鶴岡市家中新町１１番４１号" }, "geometry": { "type": "Point", "coordinates": [ 139.819851, 38.72858 ] } },
{ "type": "Feature", "properties": { "ID": 62206571283, "正式名称": "鶴岡市国民健康保険上田沢診療所", "機関区分": 2, "都道府県コード": 6, "市区町村コード": 203, "所在地": "山形県鶴岡市上田沢字下中島２５番地", "緯度": 38.518832, "経度": 139.788096, "url": "https://www.iryou.teikyouseido.mhlw.go.jp/znk-web/juminkanja/S2430/initialize?prefCd=06&kikanCd=2206571283&kikanKbn=2", "url2": null, "内容": "鶴岡市国民健康保険上田沢診療所【2:診療所】【診療科目:0】山形県鶴岡市上田沢字下中島２５番地" }, "geometry": { "type": "Point", "coordinates": [ 139.788096, 38.518832 ] } },
{ "type": "Feature", "properties": { "ID": 62206571300, "正式名称": "島眼科医院", "機関区分": 2, "都道府県コード": 6, "市区町村コード": 203, "所在地": "山形県鶴岡市本町２丁目３−９", "緯度": 38.724865, "経度": 139.831509, "url": "https://www.iryou.teikyouseido.mhlw.go.jp/znk-web/juminkanja/S2430/initialize?prefCd=06&kikanCd=2206571300&kikanKbn=2", "url2": null, "内容": "島眼科医院【2:診療所】【診療科目:0】山形県鶴岡市本町２丁目３−９" }, "geometry": { "type": "Point", "coordinates": [ 139.831509, 38.724865 ] } },
{ "type": "Feature", "properties": { "ID": 62206571342, "正式名称": "医療法人石橋内科胃腸科医院", "機関区分": 2, "都道府県コード": 6, "市区町村コード": 203, "所在地": "山形県鶴岡市藤島字笹花４８番１５号", "緯度": 38.766241, "経度": 139.906992, "url": "https://www.iryou.teikyouseido.mhlw.go.jp/znk-web/juminkanja/S2430/initialize?prefCd=06&kikanCd=2206571342&kikanKbn=2", "url2": null, "内容": "医療法人石橋内科胃腸科医院【2:診療所】【診療科目:0】山形県鶴岡市藤島字笹花４８番１５号" }, "geometry": { "type": "Point", "coordinates": [ 139.906992, 38.766241 ] } },
{ "type": "Feature", "properties": { "ID": 62206571371, "正式名称": "本田耳鼻咽喉科医院", "機関区分": 2, "都道府県コード": 6, "市区町村コード": 203, "所在地": "山形県鶴岡市新海町１３－２４", "緯度": 38.729916, "経度": 139.812818, "url": "https://www.iryou.teikyouseido.mhlw.go.jp/znk-web/juminkanja/S2430/initialize?prefCd=06&kikanCd=2206571371&kikanKbn=2", "url2": null, "内容": "本田耳鼻咽喉科医院【2:診療所】【診療科目:0】山形県鶴岡市新海町１３－２４" }, "geometry": { "type": "Point", "coordinates": [ 139.812818, 38.729916 ] } },
{ "type": "Feature", "properties": { "ID": 62206571401, "正式名称": "鶴岡市国民健康保険大網診療所", "機関区分": 2, "都道府県コード": 6, "市区町村コード": 203, "所在地": "山形県鶴岡市大網字興屋６９番地１", "緯度": 38.593611, "経度": 139.895816, "url": "https://www.iryou.teikyouseido.mhlw.go.jp/znk-web/juminkanja/S2430/initialize?prefCd=06&kikanCd=2206571401&kikanKbn=2", "url2": null, "内容": "鶴岡市国民健康保険大網診療所【2:診療所】【診療科目:0】山形県鶴岡市大網字興屋６９番地１" }, "geometry": { "type": "Point", "coordinates": [ 139.895816, 38.593611 ] } },
{ "type": "Feature", "properties": { "ID": 62206571414, "正式名称": "いとうクリニック", "機関区分": 2, "都道府県コード": 6, "市区町村コード": 203, "所在地": "山形県鶴岡市日出１－１７ー８", "緯度": 38.72597, "経度": 139.846551, "url": "https://www.iryou.teikyouseido.mhlw.go.jp/znk-web/juminkanja/S2430/initialize?prefCd=06&kikanCd=2206571414&kikanKbn=2", "url2": "www.itou-clinic.or.jp/", "内容": "いとうクリニック【2:診療所】【診療科目:0】山形県鶴岡市日出１－１７ー８" }, "geometry": { "type": "Point", "coordinates": [ 139.846551, 38.72597 ] } },
{ "type": "Feature", "properties": { "ID": 62206571427, "正式名称": "土田内科医院", "機関区分": 2, "都道府県コード": 6, "市区町村コード": 203, "所在地": "山形県鶴岡市板井川字片茎７５", "緯度": 38.648843, "経度": 139.850415, "url": "https://www.iryou.teikyouseido.mhlw.go.jp/znk-web/juminkanja/S2430/initialize?prefCd=06&kikanCd=2206571427&kikanKbn=2", "url2": null, "内容": "土田内科医院【2:診療所】【診療科目:0】山形県鶴岡市板井川字片茎７５" }, "geometry": { "type": "Point", "coordinates": [ 139.850415, 38.648843 ] } },
{ "type": "Feature", "properties": { "ID": 62206571469, "正式名称": "たんぽぽクリニック", "機関区分": 2, "都道府県コード": 6, "市区町村コード": 203, "所在地": "山形県鶴岡市日枝字鳥居上４３－１", "緯度": 38.710763, "経度": 139.816904, "url": "https://www.iryou.teikyouseido.mhlw.go.jp/znk-web/juminkanja/S2430/initialize?prefCd=06&kikanCd=2206571469&kikanKbn=2", "url2": "http://www.tanpopo-c.or.jp/", "内容": "たんぽぽクリニック【2:診療所】【診療科目:0】山形県鶴岡市日枝字鳥居上４３－１" }, "geometry": { "type": "Point", "coordinates": [ 139.816904, 38.710763 ] } },
{ "type": "Feature", "properties": { "ID": 62206571485, "正式名称": "おぎわら医院", "機関区分": 2, "都道府県コード": 6, "市区町村コード": 203, "所在地": "山形県鶴岡市切添町２１ー２", "緯度": 38.730622, "経度": 139.842671, "url": "https://www.iryou.teikyouseido.mhlw.go.jp/znk-web/juminkanja/S2430/initialize?prefCd=06&kikanCd=2206571485&kikanKbn=2", "url2": "http://www13.plala.or.jp/hpogiwara/", "内容": "おぎわら医院【2:診療所】【診療科目:0】山形県鶴岡市切添町２１ー２" }, "geometry": { "type": "Point", "coordinates": [ 139.842671, 38.730622 ] } },
{ "type": "Feature", "properties": { "ID": 62206571498, "正式名称": "真島医院", "機関区分": 2, "都道府県コード": 6, "市区町村コード": 203, "所在地": "山形県鶴岡市山王町３－２９", "緯度": 38.732352, "経度": 139.833702, "url": "https://www.iryou.teikyouseido.mhlw.go.jp/znk-web/juminkanja/S2430/initialize?prefCd=06&kikanCd=2206571498&kikanKbn=2", "url2": null, "内容": "真島医院【2:診療所】【診療科目:0】山形県鶴岡市山王町３－２９" }, "geometry": { "type": "Point", "coordinates": [ 139.833702, 38.732352 ] } },
{ "type": "Feature", "properties": { "ID": 62206571531, "正式名称": "中村内科胃腸科医院", "機関区分": 2, "都道府県コード": 6, "市区町村コード": 203, "所在地": "山形県鶴岡市新海町", "緯度": 38.729327, "経度": 139.812687, "url": "https://www.iryou.teikyouseido.mhlw.go.jp/znk-web/juminkanja/S2430/initialize?prefCd=06&kikanCd=2206571531&kikanKbn=2", "url2": null, "内容": "中村内科胃腸科医院【2:診療所】【診療科目:0】山形県鶴岡市新海町" }, "geometry": { "type": "Point", "coordinates": [ 139.812687, 38.729327 ] } },
{ "type": "Feature", "properties": { "ID": 62206571544, "正式名称": "医療法人三原皮膚科", "機関区分": 2, "都道府県コード": 6, "市区町村コード": 203, "所在地": "山形県鶴岡市錦町１７−３", "緯度": 38.737171, "経度": 139.833402, "url": "https://www.iryou.teikyouseido.mhlw.go.jp/znk-web/juminkanja/S2430/initialize?prefCd=06&kikanCd=2206571544&kikanKbn=2", "url2": "http://www.mihara-ichiro.com/", "内容": "医療法人三原皮膚科【2:診療所】【診療科目:0】山形県鶴岡市錦町１７−３" }, "geometry": { "type": "Point", "coordinates": [ 139.833402, 38.737171 ] } },
{ "type": "Feature", "properties": { "ID": 62206571560, "正式名称": "茅原クリニック", "機関区分": 2, "都道府県コード": 6, "市区町村コード": 203, "所在地": "山形県鶴岡市茅原町２６番２３号", "緯度": 38.753833, "経度": 139.841309, "url": "https://www.iryou.teikyouseido.mhlw.go.jp/znk-web/juminkanja/S2430/initialize?prefCd=06&kikanCd=2206571560&kikanKbn=2", "url2": "https://chiwara-clinic.com/", "内容": "茅原クリニック【2:診療所】【診療科目:0】山形県鶴岡市茅原町２６番２３号" }, "geometry": { "type": "Point", "coordinates": [ 139.841309, 38.753833 ] } },
{ "type": "Feature", "properties": { "ID": 62206571573, "正式名称": "医療法人社団愛康会こばやしクリニック", "機関区分": 2, "都道府県コード": 6, "市区町村コード": 203, "所在地": "山形県鶴岡市藤浪四丁目１１１番地２", "緯度": 38.759758, "経度": 139.898987, "url": "https://www.iryou.teikyouseido.mhlw.go.jp/znk-web/juminkanja/S2430/initialize?prefCd=06&kikanCd=2206571573&kikanKbn=2", "url2": null, "内容": "医療法人社団愛康会こばやしクリニック【2:診療所】【診療科目:0】山形県鶴岡市藤浪四丁目１１１番地２" }, "geometry": { "type": "Point", "coordinates": [ 139.898987, 38.759758 ] } },
{ "type": "Feature", "properties": { "ID": 62206571586, "正式名称": "医療法人社団秀医会中村整形外科医院", "機関区分": 2, "都道府県コード": 6, "市区町村コード": 203, "所在地": "山形県鶴岡市ほなみ町５－３０", "緯度": 38.717446, "経度": 139.842277, "url": "https://www.iryou.teikyouseido.mhlw.go.jp/znk-web/juminkanja/S2430/initialize?prefCd=06&kikanCd=2206571586&kikanKbn=2", "url2": null, "内容": "医療法人社団秀医会中村整形外科医院【2:診療所】【診療科目:0】山形県鶴岡市ほなみ町５－３０" }, "geometry": { "type": "Point", "coordinates": [ 139.842277, 38.717446 ] } },
{ "type": "Feature", "properties": { "ID": 62206571632, "正式名称": "さくまクリニック", "機関区分": 2, "都道府県コード": 6, "市区町村コード": 203, "所在地": "山形県鶴岡市湯田川字中田８－３", "緯度": 38.695391, "経度": 139.772294, "url": "https://www.iryou.teikyouseido.mhlw.go.jp/znk-web/juminkanja/S2430/initialize?prefCd=06&kikanCd=2206571632&kikanKbn=2", "url2": null, "内容": "さくまクリニック【2:診療所】【診療科目:0】山形県鶴岡市湯田川字中田８－３" }, "geometry": { "type": "Point", "coordinates": [ 139.772294, 38.695391 ] } },
{ "type": "Feature", "properties": { "ID": 62206571658, "正式名称": "おかべ内科胃腸科医院", "機関区分": 2, "都道府県コード": 6, "市区町村コード": 203, "所在地": "山形県鶴岡市平成町１１ー１８", "緯度": 38.745501, "経度": 139.769027, "url": "https://www.iryou.teikyouseido.mhlw.go.jp/znk-web/juminkanja/S2430/initialize?prefCd=06&kikanCd=2206571658&kikanKbn=2", "url2": null, "内容": "おかべ内科胃腸科医院【2:診療所】【診療科目:0】山形県鶴岡市平成町１１ー１８" }, "geometry": { "type": "Point", "coordinates": [ 139.769027, 38.745501 ] } },
{ "type": "Feature", "properties": { "ID": 62206571674, "正式名称": "山形県立こども医療療育センター庄内支所", "機関区分": 2, "都道府県コード": 6, "市区町村コード": 203, "所在地": "山形県鶴岡市道形町４９－２１", "緯度": 38.745667, "経度": 139.848723, "url": "https://www.iryou.teikyouseido.mhlw.go.jp/znk-web/juminkanja/S2430/initialize?prefCd=06&kikanCd=2206571674&kikanKbn=2", "url2": null, "内容": "山形県立こども医療療育センター庄内支所【2:診療所】【診療科目:0】山形県鶴岡市道形町４９－２１" }, "geometry": { "type": "Point", "coordinates": [ 139.848723, 38.745667 ] } },
{ "type": "Feature", "properties": { "ID": 62206580090, "正式名称": "医療法人白水堂　齋藤医院", "機関区分": 2, "都道府県コード": 6, "市区町村コード": 213, "所在地": "山形県南陽市宮内２９６３", "緯度": 38.072356, "経度": 140.134039, "url": "https://www.iryou.teikyouseido.mhlw.go.jp/znk-web/juminkanja/S2430/initialize?prefCd=06&kikanCd=2206580090&kikanKbn=2", "url2": null, "内容": "医療法人白水堂　齋藤医院【2:診療所】【診療科目:0】山形県南陽市宮内２９６３" }, "geometry": { "type": "Point", "coordinates": [ 140.134039, 38.072356 ] } },
{ "type": "Feature", "properties": { "ID": 62206580133, "正式名称": "医療法人社団須藤皮膚科医院", "機関区分": 2, "都道府県コード": 6, "市区町村コード": 213, "所在地": "山形県南陽市二色根７５－９", "緯度": 38.049934, "経度": 140.160436, "url": "https://www.iryou.teikyouseido.mhlw.go.jp/znk-web/juminkanja/S2430/initialize?prefCd=06&kikanCd=2206580133&kikanKbn=2", "url2": null, "内容": "医療法人社団須藤皮膚科医院【2:診療所】【診療科目:0】山形県南陽市二色根７５－９" }, "geometry": { "type": "Point", "coordinates": [ 140.160436, 38.049934 ] } },
{ "type": "Feature", "properties": { "ID": 62206580191, "正式名称": "南陽市国民健康保険小滝診療所", "機関区分": 2, "都道府県コード": 6, "市区町村コード": 213, "所在地": "山形県南陽市小滝１４７１", "緯度": 38.185208, "経度": 140.187888, "url": "https://www.iryou.teikyouseido.mhlw.go.jp/znk-web/juminkanja/S2430/initialize?prefCd=06&kikanCd=2206580191&kikanKbn=2", "url2": null, "内容": "南陽市国民健康保険小滝診療所【2:診療所】【診療科目:0】山形県南陽市小滝１４７１" }, "geometry": { "type": "Point", "coordinates": [ 140.187888, 38.185208 ] } },
{ "type": "Feature", "properties": { "ID": 62206580221, "正式名称": "西山医院", "機関区分": 2, "都道府県コード": 6, "市区町村コード": 213, "所在地": "山形県南陽市宮内", "緯度": 38.071553, "経度": 140.135578, "url": "https://www.iryou.teikyouseido.mhlw.go.jp/znk-web/juminkanja/S2430/initialize?prefCd=06&kikanCd=2206580221&kikanKbn=2", "url2": null, "内容": "西山医院【2:診療所】【診療科目:0】山形県南陽市宮内" }, "geometry": { "type": "Point", "coordinates": [ 140.135578, 38.071553 ] } },
{ "type": "Feature", "properties": { "ID": 62206580319, "正式名称": "鈴木内科医院", "機関区分": 2, "都道府県コード": 6, "市区町村コード": 213, "所在地": "山形県南陽市宮内４５４５の２", "緯度": 38.065665, "経度": 140.132289, "url": "https://www.iryou.teikyouseido.mhlw.go.jp/znk-web/juminkanja/S2430/initialize?prefCd=06&kikanCd=2206580319&kikanKbn=2", "url2": null, "内容": "鈴木内科医院【2:診療所】【診療科目:0】山形県南陽市宮内４５４５の２" }, "geometry": { "type": "Point", "coordinates": [ 140.132289, 38.065665 ] } },
{ "type": "Feature", "properties": { "ID": 62206580322, "正式名称": "南陽東置賜休日診療所", "機関区分": 2, "都道府県コード": 6, "市区町村コード": 213, "所在地": "山形県南陽市椚塚４２０－７", "緯度": 38.042915, "経度": 140.162972, "url": "https://www.iryou.teikyouseido.mhlw.go.jp/znk-web/juminkanja/S2430/initialize?prefCd=06&kikanCd=2206580322&kikanKbn=2", "url2": "http://www.city.nanyo.yamagata.jp/kyujitu/724", "内容": "南陽東置賜休日診療所【2:診療所】【診療科目:0】山形県南陽市椚塚４２０－７" }, "geometry": { "type": "Point", "coordinates": [ 140.162972, 38.042915 ] } },
{ "type": "Feature", "properties": { "ID": 62206580423, "正式名称": "医療法人かすかわ醫院", "機関区分": 2, "都道府県コード": 6, "市区町村コード": 381, "所在地": "山形県東置賜郡高畠町高畠５２６－３", "緯度": 38.003944, "経度": 140.189057, "url": "https://www.iryou.teikyouseido.mhlw.go.jp/znk-web/juminkanja/S2430/initialize?prefCd=06&kikanCd=2206580423&kikanKbn=2", "url2": null, "内容": "医療法人かすかわ醫院【2:診療所】【診療科目:0】山形県東置賜郡高畠町高畠５２６－３" }, "geometry": { "type": "Point", "coordinates": [ 140.189057, 38.003944 ] } },
{ "type": "Feature", "properties": { "ID": 62206580524, "正式名称": "後藤医院", "機関区分": 2, "都道府県コード": 6, "市区町村コード": 213, "所在地": "山形県南陽市赤湯", "緯度": 38.048825, "経度": 140.162374, "url": "https://www.iryou.teikyouseido.mhlw.go.jp/znk-web/juminkanja/S2430/initialize?prefCd=06&kikanCd=2206580524&kikanKbn=2", "url2": null, "内容": "後藤医院【2:診療所】【診療科目:0】山形県南陽市赤湯" }, "geometry": { "type": "Point", "coordinates": [ 140.162374, 38.048825 ] } },
{ "type": "Feature", "properties": { "ID": 62206590035, "正式名称": "医療法人社団梅津医院", "機関区分": 2, "都道府県コード": 6, "市区町村コード": 209, "所在地": "山形県長井市大町２番２７号", "緯度": 38.0, "経度": 140.0, "url": "https://www.iryou.teikyouseido.mhlw.go.jp/znk-web/juminkanja/S2430/initialize?prefCd=06&kikanCd=2206590035&kikanKbn=2", "url2": "https://www.umetsuiin.com", "内容": "医療法人社団梅津医院【2:診療所】【診療科目:0】山形県長井市大町２番２７号" }, "geometry": { "type": "Point", "coordinates": [ 140.0, 38.0 ] } },
{ "type": "Feature", "properties": { "ID": 62206590077, "正式名称": "医療法人社団仁陽会仁陽堂外田医院", "機関区分": 2, "都道府県コード": 6, "市区町村コード": 209, "所在地": "山形県長井市栄町１１番１７号", "緯度": 38.10863, "経度": 140.038332, "url": "https://www.iryou.teikyouseido.mhlw.go.jp/znk-web/juminkanja/S2430/initialize?prefCd=06&kikanCd=2206590077&kikanKbn=2", "url2": null, "内容": "医療法人社団仁陽会仁陽堂外田医院【2:診療所】【診療科目:0】山形県長井市栄町１１番１７号" }, "geometry": { "type": "Point", "coordinates": [ 140.038332, 38.10863 ] } },
{ "type": "Feature", "properties": { "ID": 62206590107, "正式名称": "医療法人外田医院", "機関区分": 2, "都道府県コード": 6, "市区町村コード": 209, "所在地": "山形県長井市大町８番６号", "緯度": 38.109824, "経度": 140.038093, "url": "https://www.iryou.teikyouseido.mhlw.go.jp/znk-web/juminkanja/S2430/initialize?prefCd=06&kikanCd=2206590107&kikanKbn=2", "url2": null, "内容": "医療法人外田医院【2:診療所】【診療科目:0】山形県長井市大町８番６号" }, "geometry": { "type": "Point", "coordinates": [ 140.038093, 38.109824 ] } },
{ "type": "Feature", "properties": { "ID": 62206590165, "正式名称": "医療法人三上医院", "機関区分": 2, "都道府県コード": 6, "市区町村コード": 209, "所在地": "山形県長井市高野町１－６－１", "緯度": 38.107707, "経度": 140.034444, "url": "https://www.iryou.teikyouseido.mhlw.go.jp/znk-web/juminkanja/S2430/initialize?prefCd=06&kikanCd=2206590165&kikanKbn=2", "url2": null, "内容": "医療法人三上医院【2:診療所】【診療科目:0】山形県長井市高野町１－６－１" }, "geometry": { "type": "Point", "coordinates": [ 140.034444, 38.107707 ] } },
{ "type": "Feature", "properties": { "ID": 62206590224, "正式名称": "医療法人慈芳会阿達医院", "機関区分": 2, "都道府県コード": 6, "市区町村コード": 209, "所在地": "山形県長井市あら町６番４７号", "緯度": 38.100678, "経度": 140.038366, "url": "https://www.iryou.teikyouseido.mhlw.go.jp/znk-web/juminkanja/S2430/initialize?prefCd=06&kikanCd=2206590224&kikanKbn=2", "url2": null, "内容": "医療法人慈芳会阿達医院【2:診療所】【診療科目:0】山形県長井市あら町６番４７号" }, "geometry": { "type": "Point", "coordinates": [ 140.038366, 38.100678 ] } },
{ "type": "Feature", "properties": { "ID": 62206590338, "正式名称": "医療法人社団仁鷹会新野医院", "機関区分": 2, "都道府県コード": 6, "市区町村コード": 402, "所在地": "山形県西置賜郡白鷹町鮎貝１０７７", "緯度": 38.183783, "経度": 140.067871, "url": "https://www.iryou.teikyouseido.mhlw.go.jp/znk-web/juminkanja/S2430/initialize?prefCd=06&kikanCd=2206590338&kikanKbn=2", "url2": "http://www2.jan.ne.jp/~n-ishi/hospital-sirataka/niino.html", "内容": "医療法人社団仁鷹会新野医院【2:診療所】【診療科目:0】山形県西置賜郡白鷹町鮎貝１０７７" }, "geometry": { "type": "Point", "coordinates": [ 140.067871, 38.183783 ] } },
{ "type": "Feature", "properties": { "ID": 62206590367, "正式名称": "医療法人社団多田医院", "機関区分": 2, "都道府県コード": 6, "市区町村コード": 402, "所在地": "山形県西置賜郡白鷹町荒砥甲１０５５", "緯度": 38.185536, "経度": 140.100871, "url": "https://www.iryou.teikyouseido.mhlw.go.jp/znk-web/juminkanja/S2430/initialize?prefCd=06&kikanCd=2206590367&kikanKbn=2", "url2": null, "内容": "医療法人社団多田医院【2:診療所】【診療科目:0】山形県西置賜郡白鷹町荒砥甲１０５５" }, "geometry": { "type": "Point", "coordinates": [ 140.100871, 38.185536 ] } },
{ "type": "Feature", "properties": { "ID": 62206590497, "正式名称": "横沢医院", "機関区分": 2, "都道府県コード": 6, "市区町村コード": 402, "所在地": "山形県西置賜郡白鷹町大字横田尻５３７９−１", "緯度": 38.178325, "経度": 140.041942, "url": "https://www.iryou.teikyouseido.mhlw.go.jp/znk-web/juminkanja/S2430/initialize?prefCd=06&kikanCd=2206590497&kikanKbn=2", "url2": null, "内容": "横沢医院【2:診療所】【診療科目:0】山形県西置賜郡白鷹町大字横田尻５３７９−１" }, "geometry": { "type": "Point", "coordinates": [ 140.041942, 38.178325 ] } },
{ "type": "Feature", "properties": { "ID": 62206590527, "正式名称": "さとう小児科医院", "機関区分": 2, "都道府県コード": 6, "市区町村コード": 209, "所在地": "山形県長井市幸町１７－２７", "緯度": 38.10926, "経度": 140.028064, "url": "https://www.iryou.teikyouseido.mhlw.go.jp/znk-web/juminkanja/S2430/initialize?prefCd=06&kikanCd=2206590527&kikanKbn=2", "url2": "http://www.satosyouni.com", "内容": "さとう小児科医院【2:診療所】【診療科目:0】山形県長井市幸町１７－２７" }, "geometry": { "type": "Point", "coordinates": [ 140.028064, 38.10926 ] } },
{ "type": "Feature", "properties": { "ID": 62206590556, "正式名称": "長井西置賜休日診療所", "機関区分": 2, "都道府県コード": 6, "市区町村コード": 209, "所在地": "山形県長井市ままの上７番１０号", "緯度": 38.105602, "経度": 140.04151, "url": "https://www.iryou.teikyouseido.mhlw.go.jp/znk-web/juminkanja/S2430/initialize?prefCd=06&kikanCd=2206590556&kikanKbn=2", "url2": "https://www.city.nagai.yamagata.jp/all_the_citizens/health_care_walfare/6/1/2820.html", "内容": "長井西置賜休日診療所【2:診療所】【診療科目:0】山形県長井市ままの上７番１０号" }, "geometry": { "type": "Point", "coordinates": [ 140.04151, 38.105602 ] } },
{ "type": "Feature", "properties": { "ID": 62206590569, "正式名称": "飯豊町国民健康保険診療所付属中津川診療所", "機関区分": 2, "都道府県コード": 6, "市区町村コード": 403, "所在地": "山形県西置賜郡飯豊町上原６２２", "緯度": 37.919696, "経度": 139.880898, "url": "https://www.iryou.teikyouseido.mhlw.go.jp/znk-web/juminkanja/S2430/initialize?prefCd=06&kikanCd=2206590569&kikanKbn=2", "url2": "http://www.town.iide.yamagata.jp", "内容": "飯豊町国民健康保険診療所付属中津川診療所【2:診療所】【診療科目:0】山形県西置賜郡飯豊町上原６２２" }, "geometry": { "type": "Point", "coordinates": [ 139.880898, 37.919696 ] } },
{ "type": "Feature", "properties": { "ID": 62206590572, "正式名称": "松下クリニック", "機関区分": 2, "都道府県コード": 6, "市区町村コード": 209, "所在地": "山形県長井市本町１－９－２７－１", "緯度": 38.105791, "経度": 140.037021, "url": "https://www.iryou.teikyouseido.mhlw.go.jp/znk-web/juminkanja/S2430/initialize?prefCd=06&kikanCd=2206590572&kikanKbn=2", "url2": null, "内容": "松下クリニック【2:診療所】【診療科目:0】山形県長井市本町１－９－２７－１" }, "geometry": { "type": "Point", "coordinates": [ 140.037021, 38.105791 ] } },
{ "type": "Feature", "properties": { "ID": 62206590598, "正式名称": "斎藤眼科医院", "機関区分": 2, "都道府県コード": 6, "市区町村コード": 209, "所在地": "山形県長井市ままの上１－１６", "緯度": 38.107621, "経度": 140.039479, "url": "https://www.iryou.teikyouseido.mhlw.go.jp/znk-web/juminkanja/S2430/initialize?prefCd=06&kikanCd=2206590598&kikanKbn=2", "url2": null, "内容": "斎藤眼科医院【2:診療所】【診療科目:0】山形県長井市ままの上１－１６" }, "geometry": { "type": "Point", "coordinates": [ 140.039479, 38.107621 ] } },
{ "type": "Feature", "properties": { "ID": 62206590602, "正式名称": "池田内科医院", "機関区分": 2, "都道府県コード": 6, "市区町村コード": 209, "所在地": "山形県長井市台町", "緯度": 38.094731, "経度": 140.03393, "url": "https://www.iryou.teikyouseido.mhlw.go.jp/znk-web/juminkanja/S2430/initialize?prefCd=06&kikanCd=2206590602&kikanKbn=2", "url2": null, "内容": "池田内科医院【2:診療所】【診療科目:0】山形県長井市台町" }, "geometry": { "type": "Point", "coordinates": [ 140.03393, 38.094731 ] } },
{ "type": "Feature", "properties": { "ID": 62206590615, "正式名称": "大森医院", "機関区分": 2, "都道府県コード": 6, "市区町村コード": 402, "所在地": "山形県西置賜郡白鷹町荒砥乙３２８２", "緯度": 38.180259, "経度": 140.100696, "url": "https://www.iryou.teikyouseido.mhlw.go.jp/znk-web/juminkanja/S2430/initialize?prefCd=06&kikanCd=2206590615&kikanKbn=2", "url2": null, "内容": "大森医院【2:診療所】【診療科目:0】山形県西置賜郡白鷹町荒砥乙３２８２" }, "geometry": { "type": "Point", "coordinates": [ 140.100696, 38.180259 ] } },
{ "type": "Feature", "properties": { "ID": 62206590644, "正式名称": "桑島眼科医院", "機関区分": 2, "都道府県コード": 6, "市区町村コード": 209, "所在地": "山形県長井市本町２ー２−１２", "緯度": 38.105255, "経度": 140.037435, "url": "https://www.iryou.teikyouseido.mhlw.go.jp/znk-web/juminkanja/S2430/initialize?prefCd=06&kikanCd=2206590644&kikanKbn=2", "url2": null, "内容": "桑島眼科医院【2:診療所】【診療科目:0】山形県長井市本町２ー２−１２" }, "geometry": { "type": "Point", "coordinates": [ 140.037435, 38.105255 ] } },
{ "type": "Feature", "properties": { "ID": 62206590660, "正式名称": "医療法人社団聰明会みゆき整形外科クリニック", "機関区分": 2, "都道府県コード": 6, "市区町村コード": 402, "所在地": "山形県西置賜郡白鷹町十王５０５９－１３", "緯度": 38.192739, "経度": 140.12408, "url": "https://www.iryou.teikyouseido.mhlw.go.jp/znk-web/juminkanja/S2430/initialize?prefCd=06&kikanCd=2206590660&kikanKbn=2", "url2": "http://www.soumeikai.jp/", "内容": "医療法人社団聰明会みゆき整形外科クリニック【2:診療所】【診療科目:0】山形県西置賜郡白鷹町十王５０５９－１３" }, "geometry": { "type": "Point", "coordinates": [ 140.12408, 38.192739 ] } },
{ "type": "Feature", "properties": { "ID": 62206600042, "正式名称": "医療法人石橋医院", "機関区分": 2, "都道府県コード": 6, "市区町村コード": 202, "所在地": "山形県米沢市信夫町５−１９", "緯度": 37.919543, "経度": 140.096147, "url": "https://www.iryou.teikyouseido.mhlw.go.jp/znk-web/juminkanja/S2430/initialize?prefCd=06&kikanCd=2206600042&kikanKbn=2", "url2": "http://www.omn.ne.jp/~isikai/cgi/kanri/top.cgi?iincode=018", "内容": "医療法人石橋医院【2:診療所】【診療科目:0】山形県米沢市信夫町５−１９" }, "geometry": { "type": "Point", "coordinates": [ 140.096147, 37.919543 ] } },
{ "type": "Feature", "properties": { "ID": 62206600215, "正式名称": "内科島津医院", "機関区分": 2, "都道府県コード": 6, "市区町村コード": 202, "所在地": "山形県米沢市中央４丁目８番４７号", "緯度": 37.917218, "経度": 140.107119, "url": "https://www.iryou.teikyouseido.mhlw.go.jp/znk-web/juminkanja/S2430/initialize?prefCd=06&kikanCd=2206600215&kikanKbn=2", "url2": null, "内容": "内科島津医院【2:診療所】【診療科目:0】山形県米沢市中央４丁目８番４７号" }, "geometry": { "type": "Point", "coordinates": [ 140.107119, 37.917218 ] } },
{ "type": "Feature", "properties": { "ID": 62206600420, "正式名称": "松田外科医院", "機関区分": 2, "都道府県コード": 6, "市区町村コード": 202, "所在地": "山形県米沢市城西４－４－２５", "緯度": 37.912063, "経度": 140.094015, "url": "https://www.iryou.teikyouseido.mhlw.go.jp/znk-web/juminkanja/S2430/initialize?prefCd=06&kikanCd=2206600420&kikanKbn=2", "url2": null, "内容": "松田外科医院【2:診療所】【診療科目:0】山形県米沢市城西４－４－２５" }, "geometry": { "type": "Point", "coordinates": [ 140.094015, 37.912063 ] } },
{ "type": "Feature", "properties": { "ID": 62206600563, "正式名称": "医療法人斎藤医院", "機関区分": 2, "都道府県コード": 6, "市区町村コード": 202, "所在地": "山形県米沢市駅前４丁目３−３５", "緯度": 37.911039, "経度": 140.121276, "url": "https://www.iryou.teikyouseido.mhlw.go.jp/znk-web/juminkanja/S2430/initialize?prefCd=06&kikanCd=2206600563&kikanKbn=2", "url2": null, "内容": "医療法人斎藤医院【2:診療所】【診療科目:0】山形県米沢市駅前４丁目３−３５" }, "geometry": { "type": "Point", "coordinates": [ 140.121276, 37.911039 ] } },
{ "type": "Feature", "properties": { "ID": 62206600592, "正式名称": "米沢栄光の里診療所", "機関区分": 2, "都道府県コード": 6, "市区町村コード": 202, "所在地": "山形県米沢市万世町梓山５４９４－１", "緯度": 37.885767, "経度": 140.202327, "url": "https://www.iryou.teikyouseido.mhlw.go.jp/znk-web/juminkanja/S2430/initialize?prefCd=06&kikanCd=2206600592&kikanKbn=2", "url2": null, "内容": "米沢栄光の里診療所【2:診療所】【診療科目:0】山形県米沢市万世町梓山５４９４－１" }, "geometry": { "type": "Point", "coordinates": [ 140.202327, 37.885767 ] } },
{ "type": "Feature", "properties": { "ID": 62206600606, "正式名称": "小児科入間田医院", "機関区分": 2, "都道府県コード": 6, "市区町村コード": 202, "所在地": "山形県米沢市中央６－１－２５", "緯度": 37.917799, "経度": 140.106785, "url": "https://www.iryou.teikyouseido.mhlw.go.jp/znk-web/juminkanja/S2430/initialize?prefCd=06&kikanCd=2206600606&kikanKbn=2", "url2": null, "内容": "小児科入間田医院【2:診療所】【診療科目:0】山形県米沢市中央６－１－２５" }, "geometry": { "type": "Point", "coordinates": [ 140.106785, 37.917799 ] } },
{ "type": "Feature", "properties": { "ID": 62206600693, "正式名称": "社会福祉法人山形県社会福祉事業団希望が丘診療所", "機関区分": 2, "都道府県コード": 6, "市区町村コード": 382, "所在地": "山形県東置賜郡川西町下小松２０４５－２０", "緯度": 38.04194, "経度": 140.039713, "url": "https://www.iryou.teikyouseido.mhlw.go.jp/znk-web/juminkanja/S2430/initialize?prefCd=06&kikanCd=2206600693&kikanKbn=2", "url2": null, "内容": "社会福祉法人山形県社会福祉事業団希望が丘診療所【2:診療所】【診療科目:0】山形県東置賜郡川西町下小松２０４５－２０" }, "geometry": { "type": "Point", "coordinates": [ 140.039713, 38.04194 ] } },
{ "type": "Feature", "properties": { "ID": 62206600808, "正式名称": "柄沢医院", "機関区分": 2, "都道府県コード": 6, "市区町村コード": 382, "所在地": "山形県東置賜郡川西町中小松", "緯度": 38.008612, "経度": 140.050672, "url": "https://www.iryou.teikyouseido.mhlw.go.jp/znk-web/juminkanja/S2430/initialize?prefCd=06&kikanCd=2206600808&kikanKbn=2", "url2": "http://karasawaiin.byoinnavi.jp/pc/", "内容": "柄沢医院【2:診療所】【診療科目:0】山形県東置賜郡川西町中小松" }, "geometry": { "type": "Point", "coordinates": [ 140.050672, 38.008612 ] } },
{ "type": "Feature", "properties": { "ID": 62206600866, "正式名称": "医療法人メディカルプラザ山口医院", "機関区分": 2, "都道府県コード": 6, "市区町村コード": 202, "所在地": "山形県米沢市川井小路１ー３", "緯度": 37.915372, "経度": 140.116412, "url": "https://www.iryou.teikyouseido.mhlw.go.jp/znk-web/juminkanja/S2430/initialize?prefCd=06&kikanCd=2206600866&kikanKbn=2", "url2": "https://website2.infomity.net/8200222/", "内容": "医療法人メディカルプラザ山口医院【2:診療所】【診療科目:0】山形県米沢市川井小路１ー３" }, "geometry": { "type": "Point", "coordinates": [ 140.116412, 37.915372 ] } },
{ "type": "Feature", "properties": { "ID": 62206600912, "正式名称": "医療法人社団慈敬会よねざわ眼科", "機関区分": 2, "都道府県コード": 6, "市区町村コード": 202, "所在地": "山形県米沢市中央３－３－２", "緯度": 37.915419, "経度": 140.113521, "url": "https://www.iryou.teikyouseido.mhlw.go.jp/znk-web/juminkanja/S2430/initialize?prefCd=06&kikanCd=2206600912&kikanKbn=2", "url2": "https://yonezawa-ganka.net/", "内容": "医療法人社団慈敬会よねざわ眼科【2:診療所】【診療科目:0】山形県米沢市中央３－３－２" }, "geometry": { "type": "Point", "coordinates": [ 140.113521, 37.915419 ] } },
{ "type": "Feature", "properties": { "ID": 62206600925, "正式名称": "医療法人　古川医院", "機関区分": 2, "都道府県コード": 6, "市区町村コード": 202, "所在地": "山形県米沢市金池", "緯度": 37.919235, "経度": 140.114209, "url": "https://www.iryou.teikyouseido.mhlw.go.jp/znk-web/juminkanja/S2430/initialize?prefCd=06&kikanCd=2206600925&kikanKbn=2", "url2": "http://www.furukawaiin.com", "内容": "医療法人　古川医院【2:診療所】【診療科目:0】山形県米沢市金池" }, "geometry": { "type": "Point", "coordinates": [ 140.114209, 37.919235 ] } },
{ "type": "Feature", "properties": { "ID": 62206600938, "正式名称": "医療法人くまの医院", "機関区分": 2, "都道府県コード": 6, "市区町村コード": 202, "所在地": "山形県米沢市門東町１丁目４－４", "緯度": 37.907189, "経度": 140.10875, "url": "https://www.iryou.teikyouseido.mhlw.go.jp/znk-web/juminkanja/S2430/initialize?prefCd=06&kikanCd=2206600938&kikanKbn=2", "url2": null, "内容": "医療法人くまの医院【2:診療所】【診療科目:0】山形県米沢市門東町１丁目４－４" }, "geometry": { "type": "Point", "coordinates": [ 140.10875, 37.907189 ] } },
{ "type": "Feature", "properties": { "ID": 62206600967, "正式名称": "板垣医院", "機関区分": 2, "都道府県コード": 6, "市区町村コード": 213, "所在地": "山形県南陽市宮内", "緯度": 38.065393, "経度": 140.138084, "url": "https://www.iryou.teikyouseido.mhlw.go.jp/znk-web/juminkanja/S2430/initialize?prefCd=06&kikanCd=2206600967&kikanKbn=2", "url2": null, "内容": "板垣医院【2:診療所】【診療科目:0】山形県南陽市宮内" }, "geometry": { "type": "Point", "coordinates": [ 140.138084, 38.065393 ] } },
{ "type": "Feature", "properties": { "ID": 62206600996, "正式名称": "中條医院", "機関区分": 2, "都道府県コード": 6, "市区町村コード": 202, "所在地": "山形県米沢市中央５丁目２－４３", "緯度": 37.919521, "経度": 140.109646, "url": "https://www.iryou.teikyouseido.mhlw.go.jp/znk-web/juminkanja/S2430/initialize?prefCd=06&kikanCd=2206600996&kikanKbn=2", "url2": null, "内容": "中條医院【2:診療所】【診療科目:0】山形県米沢市中央５丁目２－４３" }, "geometry": { "type": "Point", "coordinates": [ 140.109646, 37.919521 ] } },
{ "type": "Feature", "properties": { "ID": 62206601065, "正式名称": "たかはた内科医院", "機関区分": 2, "都道府県コード": 6, "市区町村コード": 381, "所在地": "山形県東置賜郡高畠町福沢１６３－１", "緯度": 37.988884, "経度": 140.14613, "url": "https://www.iryou.teikyouseido.mhlw.go.jp/znk-web/juminkanja/S2430/initialize?prefCd=06&kikanCd=2206601065&kikanKbn=2", "url2": null, "内容": "たかはた内科医院【2:診療所】【診療科目:0】山形県東置賜郡高畠町福沢１６３－１" }, "geometry": { "type": "Point", "coordinates": [ 140.14613, 37.988884 ] } },
{ "type": "Feature", "properties": { "ID": 62206601111, "正式名称": "医療法人　安日クリニック", "機関区分": 2, "都道府県コード": 6, "市区町村コード": 213, "所在地": "山形県南陽市郡山８７７－５", "緯度": 38.044898, "経度": 140.153342, "url": "https://www.iryou.teikyouseido.mhlw.go.jp/znk-web/juminkanja/S2430/initialize?prefCd=06&kikanCd=2206601111&kikanKbn=2", "url2": "http://www.ajitsuclinic.or.jp/", "内容": "医療法人　安日クリニック【2:診療所】【診療科目:0】山形県南陽市郡山８７７－５" }, "geometry": { "type": "Point", "coordinates": [ 140.153342, 38.044898 ] } },
{ "type": "Feature", "properties": { "ID": 62206601137, "正式名称": "酒井耳鼻咽喉科医院", "機関区分": 2, "都道府県コード": 6, "市区町村コード": 202, "所在地": "山形県米沢市木場町", "緯度": 37.91629, "経度": 140.094842, "url": "https://www.iryou.teikyouseido.mhlw.go.jp/znk-web/juminkanja/S2430/initialize?prefCd=06&kikanCd=2206601137&kikanKbn=2", "url2": null, "内容": "酒井耳鼻咽喉科医院【2:診療所】【診療科目:0】山形県米沢市木場町" }, "geometry": { "type": "Point", "coordinates": [ 140.094842, 37.91629 ] } },
{ "type": "Feature", "properties": { "ID": 62206601140, "正式名称": "大辻外科胃腸科医院", "機関区分": 2, "都道府県コード": 6, "市区町村コード": 202, "所在地": "山形県米沢市中央１丁目２番１０号", "緯度": 37.912838, "経度": 140.112754, "url": "https://www.iryou.teikyouseido.mhlw.go.jp/znk-web/juminkanja/S2430/initialize?prefCd=06&kikanCd=2206601140&kikanKbn=2", "url2": "http://www.omn.ne.jp/~isikai/cgi/kanri/top.cgi?iincode=032", "内容": "大辻外科胃腸科医院【2:診療所】【診療科目:0】山形県米沢市中央１丁目２番１０号" }, "geometry": { "type": "Point", "coordinates": [ 140.112754, 37.912838 ] } },
{ "type": "Feature", "properties": { "ID": 62206601153, "正式名称": "医療法人社団根際会もり医院", "機関区分": 2, "都道府県コード": 6, "市区町村コード": 202, "所在地": "山形県米沢市成島町２－１－３５", "緯度": 37.922106, "経度": 140.08764, "url": "https://www.iryou.teikyouseido.mhlw.go.jp/znk-web/juminkanja/S2430/initialize?prefCd=06&kikanCd=2206601153&kikanKbn=2", "url2": null, "内容": "医療法人社団根際会もり医院【2:診療所】【診療科目:0】山形県米沢市成島町２－１－３５" }, "geometry": { "type": "Point", "coordinates": [ 140.08764, 37.922106 ] } },
{ "type": "Feature", "properties": { "ID": 62206601182, "正式名称": "笹井内科クリニック", "機関区分": 2, "都道府県コード": 6, "市区町村コード": 202, "所在地": "山形県米沢市堀川町４ー４１", "緯度": 37.903184, "経度": 140.097924, "url": "https://www.iryou.teikyouseido.mhlw.go.jp/znk-web/juminkanja/S2430/initialize?prefCd=06&kikanCd=2206601182&kikanKbn=2", "url2": null, "内容": "笹井内科クリニック【2:診療所】【診療科目:0】山形県米沢市堀川町４ー４１" }, "geometry": { "type": "Point", "coordinates": [ 140.097924, 37.903184 ] } },
{ "type": "Feature", "properties": { "ID": 62206601209, "正式名称": "羅医院", "機関区分": 2, "都道府県コード": 6, "市区町村コード": 202, "所在地": "山形県米沢市通町４−７−２７", "緯度": 37.891619, "経度": 140.127363, "url": "https://www.iryou.teikyouseido.mhlw.go.jp/znk-web/juminkanja/S2430/initialize?prefCd=06&kikanCd=2206601209&kikanKbn=2", "url2": null, "内容": "羅医院【2:診療所】【診療科目:0】山形県米沢市通町４−７−２７" }, "geometry": { "type": "Point", "coordinates": [ 140.127363, 37.891619 ] } },
{ "type": "Feature", "properties": { "ID": 62206601225, "正式名称": "中山胃腸科内科医院", "機関区分": 2, "都道府県コード": 6, "市区町村コード": 202, "所在地": "山形県米沢市丸の内２－２－５３", "緯度": 37.911505, "経度": 140.108374, "url": "https://www.iryou.teikyouseido.mhlw.go.jp/znk-web/juminkanja/S2430/initialize?prefCd=06&kikanCd=2206601225&kikanKbn=2", "url2": "http://www.omn.ne.jp/~ynakaya/", "内容": "中山胃腸科内科医院【2:診療所】【診療科目:0】山形県米沢市丸の内２－２－５３" }, "geometry": { "type": "Point", "coordinates": [ 140.108374, 37.911505 ] } },
{ "type": "Feature", "properties": { "ID": 62206601238, "正式名称": "渡辺整形外科医院", "機関区分": 2, "都道府県コード": 6, "市区町村コード": 213, "所在地": "山形県南陽市赤湯３４６－３４", "緯度": 38.047789, "経度": 140.163874, "url": "https://www.iryou.teikyouseido.mhlw.go.jp/znk-web/juminkanja/S2430/initialize?prefCd=06&kikanCd=2206601238&kikanKbn=2", "url2": null, "内容": "渡辺整形外科医院【2:診療所】【診療科目:0】山形県南陽市赤湯３４６－３４" }, "geometry": { "type": "Point", "coordinates": [ 140.163874, 38.047789 ] } },
{ "type": "Feature", "properties": { "ID": 62206601241, "正式名称": "大西眼科", "機関区分": 2, "都道府県コード": 6, "市区町村コード": 213, "所在地": "山形県南陽市赤湯２８７５の１", "緯度": 38.046698, "経度": 140.173149, "url": "https://www.iryou.teikyouseido.mhlw.go.jp/znk-web/juminkanja/S2430/initialize?prefCd=06&kikanCd=2206601241&kikanKbn=2", "url2": null, "内容": "大西眼科【2:診療所】【診療科目:0】山形県南陽市赤湯２８７５の１" }, "geometry": { "type": "Point", "coordinates": [ 140.173149, 38.046698 ] } },
{ "type": "Feature", "properties": { "ID": 62206601254, "正式名称": "医療法人堀内医院", "機関区分": 2, "都道府県コード": 6, "市区町村コード": 202, "所在地": "山形県米沢市大町", "緯度": 37.90828, "経度": 140.112541, "url": "https://www.iryou.teikyouseido.mhlw.go.jp/znk-web/juminkanja/S2430/initialize?prefCd=06&kikanCd=2206601254&kikanKbn=2", "url2": null, "内容": "医療法人堀内医院【2:診療所】【診療科目:0】山形県米沢市大町" }, "geometry": { "type": "Point", "coordinates": [ 140.112541, 37.90828 ] } },
{ "type": "Feature", "properties": { "ID": 62206601283, "正式名称": "相田医院", "機関区分": 2, "都道府県コード": 6, "市区町村コード": 381, "所在地": "山形県東置賜郡高畠町糠野目", "緯度": 37.985237, "経度": 140.13974, "url": "https://www.iryou.teikyouseido.mhlw.go.jp/znk-web/juminkanja/S2430/initialize?prefCd=06&kikanCd=2206601283&kikanKbn=2", "url2": null, "内容": "相田医院【2:診療所】【診療科目:0】山形県東置賜郡高畠町糠野目" }, "geometry": { "type": "Point", "coordinates": [ 140.13974, 37.985237 ] } },
{ "type": "Feature", "properties": { "ID": 62206601296, "正式名称": "石山内科クリニック", "機関区分": 2, "都道府県コード": 6, "市区町村コード": 202, "所在地": "山形県米沢市太田町５−１５３０−６７", "緯度": 37.888183, "経度": 140.113745, "url": "https://www.iryou.teikyouseido.mhlw.go.jp/znk-web/juminkanja/S2430/initialize?prefCd=06&kikanCd=2206601296&kikanKbn=2", "url2": "https://www.ishiyamaclinic.com", "内容": "石山内科クリニック【2:診療所】【診療科目:0】山形県米沢市太田町５−１５３０−６７" }, "geometry": { "type": "Point", "coordinates": [ 140.113745, 37.888183 ] } },
{ "type": "Feature", "properties": { "ID": 62206601300, "正式名称": "医療法人さの医院", "機関区分": 2, "都道府県コード": 6, "市区町村コード": 202, "所在地": "山形県米沢市中央３丁目４番３６号", "緯度": 37.915699, "経度": 140.112052, "url": "https://www.iryou.teikyouseido.mhlw.go.jp/znk-web/juminkanja/S2430/initialize?prefCd=06&kikanCd=2206601300&kikanKbn=2", "url2": "https://iin-sano.com", "内容": "医療法人さの医院【2:診療所】【診療科目:0】山形県米沢市中央３丁目４番３６号" }, "geometry": { "type": "Point", "coordinates": [ 140.112052, 37.915699 ] } },
{ "type": "Feature", "properties": { "ID": 62206610045, "正式名称": "こせき腎・泌尿器科こせき小児科", "機関区分": 2, "都道府県コード": 6, "市区町村コード": 202, "所在地": "山形県米沢市大町４－４－１４", "緯度": 37.910347, "経度": 140.114696, "url": "https://www.iryou.teikyouseido.mhlw.go.jp/znk-web/juminkanja/S2430/initialize?prefCd=06&kikanCd=2206610045&kikanKbn=2", "url2": "http://www5.omn.ne.jp/~ckoseki/", "内容": "こせき腎・泌尿器科こせき小児科【2:診療所】【診療科目:0】山形県米沢市大町４－４－１４" }, "geometry": { "type": "Point", "coordinates": [ 140.114696, 37.910347 ] } },
{ "type": "Feature", "properties": { "ID": 62206610058, "正式名称": "徳町アイクリニック", "機関区分": 2, "都道府県コード": 6, "市区町村コード": 202, "所在地": "山形県米沢市徳町１０５ー２", "緯度": 37.923165, "経度": 140.094886, "url": "https://www.iryou.teikyouseido.mhlw.go.jp/znk-web/juminkanja/S2430/initialize?prefCd=06&kikanCd=2206610058&kikanKbn=2", "url2": null, "内容": "徳町アイクリニック【2:診療所】【診療科目:0】山形県米沢市徳町１０５ー２" }, "geometry": { "type": "Point", "coordinates": [ 140.094886, 37.923165 ] } },
{ "type": "Feature", "properties": { "ID": 62206610061, "正式名称": "米沢駅前クリニック", "機関区分": 2, "都道府県コード": 6, "市区町村コード": 202, "所在地": "山形県米沢市下花沢２－７－２０", "緯度": 37.90907, "経度": 140.132028, "url": "https://www.iryou.teikyouseido.mhlw.go.jp/znk-web/juminkanja/S2430/initialize?prefCd=06&kikanCd=2206610061&kikanKbn=2", "url2": "http://www.koutoku.or.jp", "内容": "米沢駅前クリニック【2:診療所】【診療科目:0】山形県米沢市下花沢２－７－２０" }, "geometry": { "type": "Point", "coordinates": [ 140.132028, 37.90907 ] } },
{ "type": "Feature", "properties": { "ID": 62206610074, "正式名称": "金子医院", "機関区分": 2, "都道府県コード": 6, "市区町村コード": 381, "所在地": "山形県東置賜郡高畠町高畠１１３５－２", "緯度": 38.0027, "経度": 140.201828, "url": "https://www.iryou.teikyouseido.mhlw.go.jp/znk-web/juminkanja/S2430/initialize?prefCd=06&kikanCd=2206610074&kikanKbn=2", "url2": "http://kaneko-cl.byoinnavi.jp", "内容": "金子医院【2:診療所】【診療科目:0】山形県東置賜郡高畠町高畠１１３５－２" }, "geometry": { "type": "Point", "coordinates": [ 140.201828, 38.0027 ] } },
{ "type": "Feature", "properties": { "ID": 62206610120, "正式名称": "公立置賜川西診療所", "機関区分": 2, "都道府県コード": 6, "市区町村コード": 382, "所在地": "山形県東置賜郡川西町上小松２９１８番地２", "緯度": 38.00198, "経度": 140.040235, "url": "https://www.iryou.teikyouseido.mhlw.go.jp/znk-web/juminkanja/S2430/initialize?prefCd=06&kikanCd=2206610120&kikanKbn=2", "url2": "http://www.okitama-hp.or.jp/", "内容": "公立置賜川西診療所【2:診療所】【診療科目:0】山形県東置賜郡川西町上小松２９１８番地２" }, "geometry": { "type": "Point", "coordinates": [ 140.040235, 38.00198 ] } },
{ "type": "Feature", "properties": { "ID": 62206610146, "正式名称": "医療法人　庄司眼科クリニック", "機関区分": 2, "都道府県コード": 6, "市区町村コード": 202, "所在地": "山形県米沢市徳町４−４７", "緯度": 37.923038, "経度": 140.101039, "url": "https://www.iryou.teikyouseido.mhlw.go.jp/znk-web/juminkanja/S2430/initialize?prefCd=06&kikanCd=2206610146&kikanKbn=2", "url2": null, "内容": "医療法人　庄司眼科クリニック【2:診療所】【診療科目:0】山形県米沢市徳町４−４７" }, "geometry": { "type": "Point", "coordinates": [ 140.101039, 37.923038 ] } },
{ "type": "Feature", "properties": { "ID": 62206610159, "正式名称": "たかだ内科", "機関区分": 2, "都道府県コード": 6, "市区町村コード": 202, "所在地": "山形県米沢市万世町金谷６６６", "緯度": 37.90379, "経度": 140.149373, "url": "https://www.iryou.teikyouseido.mhlw.go.jp/znk-web/juminkanja/S2430/initialize?prefCd=06&kikanCd=2206610159&kikanKbn=2", "url2": "http://www3.omn.ne.jp/~takadakz", "内容": "たかだ内科【2:診療所】【診療科目:0】山形県米沢市万世町金谷６６６" }, "geometry": { "type": "Point", "coordinates": [ 140.149373, 37.90379 ] } },
{ "type": "Feature", "properties": { "ID": 62206610175, "正式名称": "斎藤内科循環器科クリニック", "機関区分": 2, "都道府県コード": 6, "市区町村コード": 382, "所在地": "山形県東置賜郡川西町上小松１０６８－６", "緯度": 38.005035, "経度": 140.051406, "url": "https://www.iryou.teikyouseido.mhlw.go.jp/znk-web/juminkanja/S2430/initialize?prefCd=06&kikanCd=2206610175&kikanKbn=2", "url2": "http://www.saitonaika-junkankika.com/", "内容": "斎藤内科循環器科クリニック【2:診療所】【診療科目:0】山形県東置賜郡川西町上小松１０６８－６" }, "geometry": { "type": "Point", "coordinates": [ 140.051406, 38.005035 ] } },
{ "type": "Feature", "properties": { "ID": 62206610188, "正式名称": "田中クリニック", "機関区分": 2, "都道府県コード": 6, "市区町村コード": 202, "所在地": "山形県米沢市川井２３５６番地の１", "緯度": 37.923838, "経度": 140.145695, "url": "https://www.iryou.teikyouseido.mhlw.go.jp/znk-web/juminkanja/S2430/initialize?prefCd=06&kikanCd=2206610188&kikanKbn=2", "url2": null, "内容": "田中クリニック【2:診療所】【診療科目:0】山形県米沢市川井２３５６番地の１" }, "geometry": { "type": "Point", "coordinates": [ 140.145695, 37.923838 ] } },
{ "type": "Feature", "properties": { "ID": 62206610247, "正式名称": "まつはし内科胃腸科クリニック", "機関区分": 2, "都道府県コード": 6, "市区町村コード": 381, "所在地": "山形県東置賜郡高畠町大字高畠２７６番地の８", "緯度": 37.998873, "経度": 140.19141, "url": "https://www.iryou.teikyouseido.mhlw.go.jp/znk-web/juminkanja/S2430/initialize?prefCd=06&kikanCd=2206610247&kikanKbn=2", "url2": null, "内容": "まつはし内科胃腸科クリニック【2:診療所】【診療科目:0】山形県東置賜郡高畠町大字高畠２７６番地の８" }, "geometry": { "type": "Point", "coordinates": [ 140.19141, 37.998873 ] } },
{ "type": "Feature", "properties": { "ID": 62206610263, "正式名称": "医療法人中村循環器科医院", "機関区分": 2, "都道府県コード": 6, "市区町村コード": 209, "所在地": "山形県長井市栄町６−３１", "緯度": 38.107246, "経度": 140.036855, "url": "https://www.iryou.teikyouseido.mhlw.go.jp/znk-web/juminkanja/S2430/initialize?prefCd=06&kikanCd=2206610263&kikanKbn=2", "url2": null, "内容": "医療法人中村循環器科医院【2:診療所】【診療科目:0】山形県長井市栄町６−３１" }, "geometry": { "type": "Point", "coordinates": [ 140.036855, 38.107246 ] } },
{ "type": "Feature", "properties": { "ID": 62206610276, "正式名称": "川合耳鼻咽喉科", "機関区分": 2, "都道府県コード": 6, "市区町村コード": 213, "所在地": "山形県南陽市島貫５９９－１", "緯度": 38.047384, "経度": 140.145409, "url": "https://www.iryou.teikyouseido.mhlw.go.jp/znk-web/juminkanja/S2430/initialize?prefCd=06&kikanCd=2206610276&kikanKbn=2", "url2": "http://www.kawaijibika.com", "内容": "川合耳鼻咽喉科【2:診療所】【診療科目:0】山形県南陽市島貫５９９－１" }, "geometry": { "type": "Point", "coordinates": [ 140.145409, 38.047384 ] } },
{ "type": "Feature", "properties": { "ID": 62206610289, "正式名称": "なかさとこどもクリニック", "機関区分": 2, "都道府県コード": 6, "市区町村コード": 209, "所在地": "山形県長井市小出３９３０－３", "緯度": 38.09142, "経度": 140.039619, "url": "https://www.iryou.teikyouseido.mhlw.go.jp/znk-web/juminkanja/S2430/initialize?prefCd=06&kikanCd=2206610289&kikanKbn=2", "url2": "http://www.nakasato-kodomo.com", "内容": "なかさとこどもクリニック【2:診療所】【診療科目:0】山形県長井市小出３９３０－３" }, "geometry": { "type": "Point", "coordinates": [ 140.039619, 38.09142 ] } },
{ "type": "Feature", "properties": { "ID": 62206610292, "正式名称": "春日皮フ科", "機関区分": 2, "都道府県コード": 6, "市区町村コード": 202, "所在地": "山形県米沢市春日二丁目３−５０", "緯度": 37.922304, "経度": 140.109349, "url": "https://www.iryou.teikyouseido.mhlw.go.jp/znk-web/juminkanja/S2430/initialize?prefCd=06&kikanCd=2206610292&kikanKbn=2", "url2": null, "内容": "春日皮フ科【2:診療所】【診療科目:0】山形県米沢市春日二丁目３−５０" }, "geometry": { "type": "Point", "coordinates": [ 140.109349, 37.922304 ] } },
{ "type": "Feature", "properties": { "ID": 62206610322, "正式名称": "さとうクリニック", "機関区分": 2, "都道府県コード": 6, "市区町村コード": 213, "所在地": "山形県南陽市宮内", "緯度": 38.074878, "経度": 140.139936, "url": "https://www.iryou.teikyouseido.mhlw.go.jp/znk-web/juminkanja/S2430/initialize?prefCd=06&kikanCd=2206610322&kikanKbn=2", "url2": null, "内容": "さとうクリニック【2:診療所】【診療科目:0】山形県南陽市宮内" }, "geometry": { "type": "Point", "coordinates": [ 140.139936, 38.074878 ] } },
{ "type": "Feature", "properties": { "ID": 62206610335, "正式名称": "いまい医院", "機関区分": 2, "都道府県コード": 6, "市区町村コード": 202, "所在地": "山形県米沢市花沢町", "緯度": 37.918818, "経度": 140.121389, "url": "https://www.iryou.teikyouseido.mhlw.go.jp/znk-web/juminkanja/S2430/initialize?prefCd=06&kikanCd=2206610335&kikanKbn=2", "url2": "http://www.omn.ne.jp/~isikai/cgi/kanri/top.cgi?iincode=060", "内容": "いまい医院【2:診療所】【診療科目:0】山形県米沢市花沢町" }, "geometry": { "type": "Point", "coordinates": [ 140.121389, 37.918818 ] } },
{ "type": "Feature", "properties": { "ID": 62206610348, "正式名称": "前山耳鼻咽喉クリニック", "機関区分": 2, "都道府県コード": 6, "市区町村コード": 209, "所在地": "山形県長井市泉１９２６－１２", "緯度": 38.087988, "経度": 140.036994, "url": "https://www.iryou.teikyouseido.mhlw.go.jp/znk-web/juminkanja/S2430/initialize?prefCd=06&kikanCd=2206610348&kikanKbn=2", "url2": "http://maecl.jp/index.html", "内容": "前山耳鼻咽喉クリニック【2:診療所】【診療科目:0】山形県長井市泉１９２６－１２" }, "geometry": { "type": "Point", "coordinates": [ 140.036994, 38.087988 ] } },
{ "type": "Feature", "properties": { "ID": 62206610351, "正式名称": "はぎの内科医院", "機関区分": 2, "都道府県コード": 6, "市区町村コード": 209, "所在地": "山形県長井市東町１－１", "緯度": 38.10716, "経度": 140.042079, "url": "https://www.iryou.teikyouseido.mhlw.go.jp/znk-web/juminkanja/S2430/initialize?prefCd=06&kikanCd=2206610351&kikanKbn=2", "url2": "https://hagino-clinic.jp/", "内容": "はぎの内科医院【2:診療所】【診療科目:0】山形県長井市東町１－１" }, "geometry": { "type": "Point", "coordinates": [ 140.042079, 38.10716 ] } },
{ "type": "Feature", "properties": { "ID": 62206610364, "正式名称": "医療法人社団　大塚医院", "機関区分": 2, "都道府県コード": 6, "市区町村コード": 213, "所在地": "山形県南陽市赤湯３９３", "緯度": 38.047142, "経度": 140.166266, "url": "https://www.iryou.teikyouseido.mhlw.go.jp/znk-web/juminkanja/S2430/initialize?prefCd=06&kikanCd=2206610364&kikanKbn=2", "url2": null, "内容": "医療法人社団　大塚医院【2:診療所】【診療科目:0】山形県南陽市赤湯３９３" }, "geometry": { "type": "Point", "coordinates": [ 140.166266, 38.047142 ] } },
{ "type": "Feature", "properties": { "ID": 62206610377, "正式名称": "石井ファミリークリニック", "機関区分": 2, "都道府県コード": 6, "市区町村コード": 381, "所在地": "山形県東置賜郡高畠町相森５７―１３", "緯度": 38.003867, "経度": 140.183302, "url": "https://www.iryou.teikyouseido.mhlw.go.jp/znk-web/juminkanja/S2430/initialize?prefCd=06&kikanCd=2206610377&kikanKbn=2", "url2": "http://www.ishii-fc.jp/", "内容": "石井ファミリークリニック【2:診療所】【診療科目:0】山形県東置賜郡高畠町相森５７―１３" }, "geometry": { "type": "Point", "coordinates": [ 140.183302, 38.003867 ] } },
{ "type": "Feature", "properties": { "ID": 62206610380, "正式名称": "あかゆ小児クリニック", "機関区分": 2, "都道府県コード": 6, "市区町村コード": 213, "所在地": "山形県南陽市椚塚", "緯度": 38.044086, "経度": 140.15983, "url": "https://www.iryou.teikyouseido.mhlw.go.jp/znk-web/juminkanja/S2430/initialize?prefCd=06&kikanCd=2206610380&kikanKbn=2", "url2": "https://akayu-child.jp", "内容": "あかゆ小児クリニック【2:診療所】【診療科目:0】山形県南陽市椚塚" }, "geometry": { "type": "Point", "coordinates": [ 140.15983, 38.044086 ] } },
{ "type": "Feature", "properties": { "ID": 62206610407, "正式名称": "飯豊町国民健康保険診療所", "機関区分": 2, "都道府県コード": 6, "市区町村コード": 403, "所在地": "山形県西置賜郡飯豊町椿３６５４ー１", "緯度": 38.044086, "経度": 139.990733, "url": "https://www.iryou.teikyouseido.mhlw.go.jp/znk-web/juminkanja/S2430/initialize?prefCd=06&kikanCd=2206610407&kikanKbn=2", "url2": "http://www.town.iide.yamagata.jp", "内容": "飯豊町国民健康保険診療所【2:診療所】【診療科目:0】山形県西置賜郡飯豊町椿３６５４ー１" }, "geometry": { "type": "Point", "coordinates": [ 139.990733, 38.044086 ] } },
{ "type": "Feature", "properties": { "ID": 62206610423, "正式名称": "さくらクリニック", "機関区分": 2, "都道府県コード": 6, "市区町村コード": 202, "所在地": "山形県米沢市塩井町塩野１４９５−５", "緯度": 37.928436, "経度": 140.102874, "url": "https://www.iryou.teikyouseido.mhlw.go.jp/znk-web/juminkanja/S2430/initialize?prefCd=06&kikanCd=2206610423&kikanKbn=2", "url2": "http://www.sa-ku-ra-clinic.com", "内容": "さくらクリニック【2:診療所】【診療科目:0】山形県米沢市塩井町塩野１４９５−５" }, "geometry": { "type": "Point", "coordinates": [ 140.102874, 37.928436 ] } },
{ "type": "Feature", "properties": { "ID": 62206610436, "正式名称": "かとう整形外科クリニック", "機関区分": 2, "都道府県コード": 6, "市区町村コード": 202, "所在地": "山形県米沢市御廟３−２−１０", "緯度": 37.905847, "経度": 140.09514, "url": "https://www.iryou.teikyouseido.mhlw.go.jp/znk-web/juminkanja/S2430/initialize?prefCd=06&kikanCd=2206610436&kikanKbn=2", "url2": "https://katoseikeigeka.jp", "内容": "かとう整形外科クリニック【2:診療所】【診療科目:0】山形県米沢市御廟３−２−１０" }, "geometry": { "type": "Point", "coordinates": [ 140.09514, 37.905847 ] } },
{ "type": "Feature", "properties": { "ID": 62206610478, "正式名称": "赤湯駅前クリニック", "機関区分": 2, "都道府県コード": 6, "市区町村コード": 213, "所在地": "山形県南陽市三間通１２６−１１", "緯度": 38.04826, "経度": 140.152081, "url": "https://www.iryou.teikyouseido.mhlw.go.jp/znk-web/juminkanja/S2430/initialize?prefCd=06&kikanCd=2206610478&kikanKbn=2", "url2": "http://www.arzt.jp", "内容": "赤湯駅前クリニック【2:診療所】【診療科目:0】山形県南陽市三間通１２６−１１" }, "geometry": { "type": "Point", "coordinates": [ 140.152081, 38.04826 ] } },
{ "type": "Feature", "properties": { "ID": 62206610508, "正式名称": "田中クリニック", "機関区分": 2, "都道府県コード": 6, "市区町村コード": 401, "所在地": "山形県西置賜郡小国町小国町１７０－２", "緯度": 38.060108, "経度": 139.747086, "url": "https://www.iryou.teikyouseido.mhlw.go.jp/znk-web/juminkanja/S2430/initialize?prefCd=06&kikanCd=2206610508&kikanKbn=2", "url2": null, "内容": "田中クリニック【2:診療所】【診療科目:0】山形県西置賜郡小国町小国町１７０－２" }, "geometry": { "type": "Point", "coordinates": [ 139.747086, 38.060108 ] } },
{ "type": "Feature", "properties": { "ID": 62206610524, "正式名称": "ゆめクリニック", "機関区分": 2, "都道府県コード": 6, "市区町村コード": 202, "所在地": "山形県米沢市東３丁目９番３号", "緯度": 37.90785, "経度": 140.124918, "url": "https://www.iryou.teikyouseido.mhlw.go.jp/znk-web/juminkanja/S2430/initialize?prefCd=06&kikanCd=2206610524&kikanKbn=2", "url2": "www.yumeclinic.com", "内容": "ゆめクリニック【2:診療所】【診療科目:0】山形県米沢市東３丁目９番３号" }, "geometry": { "type": "Point", "coordinates": [ 140.124918, 37.90785 ] } },
{ "type": "Feature", "properties": { "ID": 62206610540, "正式名称": "医療法人花沢アイクリニック", "機関区分": 2, "都道府県コード": 6, "市区町村コード": 202, "所在地": "山形県米沢市花沢町", "緯度": 37.91901, "経度": 140.121128, "url": "https://www.iryou.teikyouseido.mhlw.go.jp/znk-web/juminkanja/S2430/initialize?prefCd=06&kikanCd=2206610540&kikanKbn=2", "url2": null, "内容": "医療法人花沢アイクリニック【2:診療所】【診療科目:0】山形県米沢市花沢町" }, "geometry": { "type": "Point", "coordinates": [ 140.121128, 37.91901 ] } },
{ "type": "Feature", "properties": { "ID": 62206610553, "正式名称": "いからし内科クリニック", "機関区分": 2, "都道府県コード": 6, "市区町村コード": 381, "所在地": "山形県東置賜郡高畠町福沢南１１－４", "緯度": 37.992008, "経度": 140.149138, "url": "https://www.iryou.teikyouseido.mhlw.go.jp/znk-web/juminkanja/S2430/initialize?prefCd=06&kikanCd=2206610553&kikanKbn=2", "url2": null, "内容": "いからし内科クリニック【2:診療所】【診療科目:0】山形県東置賜郡高畠町福沢南１１－４" }, "geometry": { "type": "Point", "coordinates": [ 140.149138, 37.992008 ] } },
{ "type": "Feature", "properties": { "ID": 62206610609, "正式名称": "産科婦人科島貫医院", "機関区分": 2, "都道府県コード": 6, "市区町村コード": 202, "所在地": "山形県米沢市中央２ー５ー１２", "緯度": 37.912815, "経度": 140.108026, "url": "https://www.iryou.teikyouseido.mhlw.go.jp/znk-web/juminkanja/S2430/initialize?prefCd=06&kikanCd=2206610609&kikanKbn=2", "url2": "https://www.shimanuki-clinic.jp/", "内容": "産科婦人科島貫医院【2:診療所】【診療科目:0】山形県米沢市中央２ー５ー１２" }, "geometry": { "type": "Point", "coordinates": [ 140.108026, 37.912815 ] } },
{ "type": "Feature", "properties": { "ID": 62206610641, "正式名称": "ごとう整形外科クリニック", "機関区分": 2, "都道府県コード": 6, "市区町村コード": 202, "所在地": "山形県米沢市花沢町２６８７－１", "緯度": 37.918892, "経度": 140.122127, "url": "https://www.iryou.teikyouseido.mhlw.go.jp/znk-web/juminkanja/S2430/initialize?prefCd=06&kikanCd=2206610641&kikanKbn=2", "url2": "https://gotoseikei.com/", "内容": "ごとう整形外科クリニック【2:診療所】【診療科目:0】山形県米沢市花沢町２６８７－１" }, "geometry": { "type": "Point", "coordinates": [ 140.122127, 37.918892 ] } },
{ "type": "Feature", "properties": { "ID": 62206610696, "正式名称": "上領眼科クリニック", "機関区分": 2, "都道府県コード": 6, "市区町村コード": 381, "所在地": "山形県東置賜郡高畠町福沢５９６―３", "緯度": 37.993098, "経度": 140.146329, "url": "https://www.iryou.teikyouseido.mhlw.go.jp/znk-web/juminkanja/S2430/initialize?prefCd=06&kikanCd=2206610696&kikanKbn=2", "url2": "http://www.kamiryo.jp", "内容": "上領眼科クリニック【2:診療所】【診療科目:0】山形県東置賜郡高畠町福沢５９６―３" }, "geometry": { "type": "Point", "coordinates": [ 140.146329, 37.993098 ] } },
{ "type": "Feature", "properties": { "ID": 62206610713, "正式名称": "黄木脳神経クリニック", "機関区分": 2, "都道府県コード": 6, "市区町村コード": 202, "所在地": "山形県米沢市中田町", "緯度": 37.942074, "経度": 140.1182, "url": "https://www.iryou.teikyouseido.mhlw.go.jp/znk-web/juminkanja/S2430/initialize?prefCd=06&kikanCd=2206610713&kikanKbn=2", "url2": "http://onc2012.jimdo.com", "内容": "黄木脳神経クリニック【2:診療所】【診療科目:0】山形県米沢市中田町" }, "geometry": { "type": "Point", "coordinates": [ 140.1182, 37.942074 ] } },
{ "type": "Feature", "properties": { "ID": 62206610771, "正式名称": "医療法人社団　きじまキッズクリニック", "機関区分": 2, "都道府県コード": 6, "市区町村コード": 382, "所在地": "山形県東置賜郡川西町上小松９１５－５", "緯度": 38.004329, "経度": 140.043512, "url": "https://www.iryou.teikyouseido.mhlw.go.jp/znk-web/juminkanja/S2430/initialize?prefCd=06&kikanCd=2206610771&kikanKbn=2", "url2": "http://website2.infomity.net/82000000581/", "内容": "医療法人社団　きじまキッズクリニック【2:診療所】【診療科目:0】山形県東置賜郡川西町上小松９１５－５" }, "geometry": { "type": "Point", "coordinates": [ 140.043512, 38.004329 ] } },
{ "type": "Feature", "properties": { "ID": 62206610797, "正式名称": "医療法人大道寺医院", "機関区分": 2, "都道府県コード": 6, "市区町村コード": 202, "所在地": "山形県米沢市東３－４－４１", "緯度": 37.908535, "経度": 140.126098, "url": "https://www.iryou.teikyouseido.mhlw.go.jp/znk-web/juminkanja/S2430/initialize?prefCd=06&kikanCd=2206610797&kikanKbn=2", "url2": "http://www.omn.ne.jp/~isikai/", "内容": "医療法人大道寺医院【2:診療所】【診療科目:0】山形県米沢市東３－４－４１" }, "geometry": { "type": "Point", "coordinates": [ 140.126098, 37.908535 ] } },
{ "type": "Feature", "properties": { "ID": 62206610801, "正式名称": "きだ内科クリニック", "機関区分": 2, "都道府県コード": 6, "市区町村コード": 202, "所在地": "山形県米沢市金池６－４－１", "緯度": 37.925431, "経度": 140.116095, "url": "https://www.iryou.teikyouseido.mhlw.go.jp/znk-web/juminkanja/S2430/initialize?prefCd=06&kikanCd=2206610801&kikanKbn=2", "url2": "http://www.omn.ne.jp/~isikai/cgi/kanri/top.cgi?iincode=067", "内容": "きだ内科クリニック【2:診療所】【診療科目:0】山形県米沢市金池６－４－１" }, "geometry": { "type": "Point", "coordinates": [ 140.116095, 37.925431 ] } },
{ "type": "Feature", "properties": { "ID": 62206610830, "正式名称": "医療法人よこやまクリニック", "機関区分": 2, "都道府県コード": 6, "市区町村コード": 202, "所在地": "山形県米沢市東１丁目３－２１", "緯度": 37.904109, "経度": 140.128047, "url": "https://www.iryou.teikyouseido.mhlw.go.jp/znk-web/juminkanja/S2430/initialize?prefCd=06&kikanCd=2206610830&kikanKbn=2", "url2": null, "内容": "医療法人よこやまクリニック【2:診療所】【診療科目:0】山形県米沢市東１丁目３－２１" }, "geometry": { "type": "Point", "coordinates": [ 140.128047, 37.904109 ] } },
{ "type": "Feature", "properties": { "ID": 62206611534, "正式名称": "こまがた医院", "機関区分": 2, "都道府県コード": 6, "市区町村コード": 202, "所在地": "山形県米沢市成島町", "緯度": 37.92132, "経度": 140.08679, "url": "https://www.iryou.teikyouseido.mhlw.go.jp/znk-web/juminkanja/S2430/initialize?prefCd=06&kikanCd=2206611534&kikanKbn=2", "url2": null, "内容": "こまがた医院【2:診療所】【診療科目:0】山形県米沢市成島町" }, "geometry": { "type": "Point", "coordinates": [ 140.08679, 37.92132 ] } },
{ "type": "Feature", "properties": { "ID": 62206611749, "正式名称": "南陽矢吹クリニック", "機関区分": 2, "都道府県コード": 6, "市区町村コード": 213, "所在地": "山形県南陽市若狭郷屋９１７－１１", "緯度": 38.052489, "経度": 140.145288, "url": "https://www.iryou.teikyouseido.mhlw.go.jp/znk-web/juminkanja/S2430/initialize?prefCd=06&kikanCd=2206611749&kikanKbn=2", "url2": "http://www.seieig.or.jp", "内容": "南陽矢吹クリニック【2:診療所】【診療科目:0】山形県南陽市若狭郷屋９１７－１１" }, "geometry": { "type": "Point", "coordinates": [ 140.145288, 38.052489 ] } },
{ "type": "Feature", "properties": { "ID": 62206611912, "正式名称": "おきたまフラワークリニック", "機関区分": 2, "都道府県コード": 6, "市区町村コード": 382, "所在地": "山形県東置賜郡川西町西大塚１６２３－１", "緯度": 38.048697, "経度": 140.05903, "url": "https://www.iryou.teikyouseido.mhlw.go.jp/znk-web/juminkanja/S2430/initialize?prefCd=06&kikanCd=2206611912&kikanKbn=2", "url2": "https://okitama.jadecom.or.jp", "内容": "おきたまフラワークリニック【2:診療所】【診療科目:0】山形県東置賜郡川西町西大塚１６２３－１" }, "geometry": { "type": "Point", "coordinates": [ 140.05903, 38.048697 ] } },
{ "type": "Feature", "properties": { "ID": 62206611938, "正式名称": "みみはなのど　さいとうクリニック", "機関区分": 2, "都道府県コード": 6, "市区町村コード": 202, "所在地": "山形県米沢市東３丁目４番３６号", "緯度": 37.908038, "経度": 140.125648, "url": "https://www.iryou.teikyouseido.mhlw.go.jp/znk-web/juminkanja/S2430/initialize?prefCd=06&kikanCd=2206611938&kikanKbn=2", "url2": "https://saito-clinic.biz/", "内容": "みみはなのど　さいとうクリニック【2:診療所】【診療科目:0】山形県米沢市東３丁目４番３６号" }, "geometry": { "type": "Point", "coordinates": [ 140.125648, 37.908038 ] } },
{ "type": "Feature", "properties": { "ID": 62206612036, "正式名称": "さゆりクリニック", "機関区分": 2, "都道府県コード": 6, "市区町村コード": 403, "所在地": "山形県西置賜郡飯豊町萩生４３６２", "緯度": 38.060711, "経度": 139.999132, "url": "https://www.iryou.teikyouseido.mhlw.go.jp/znk-web/juminkanja/S2430/initialize?prefCd=06&kikanCd=2206612036&kikanKbn=2", "url2": null, "内容": "さゆりクリニック【2:診療所】【診療科目:0】山形県西置賜郡飯豊町萩生４３６２" }, "geometry": { "type": "Point", "coordinates": [ 139.999132, 38.060711 ] } },
{ "type": "Feature", "properties": { "ID": 62206612225, "正式名称": "いなげ内科呼吸器内科医院", "機関区分": 2, "都道府県コード": 6, "市区町村コード": 382, "所在地": "山形県東置賜郡川西町西大塚１４０１番地１", "緯度": 38.048077, "経度": 140.058927, "url": "https://www.iryou.teikyouseido.mhlw.go.jp/znk-web/juminkanja/S2430/initialize?prefCd=06&kikanCd=2206612225&kikanKbn=2", "url2": "https://www.inage-respiratory-clinic.com", "内容": "いなげ内科呼吸器内科医院【2:診療所】【診療科目:0】山形県東置賜郡川西町西大塚１４０１番地１" }, "geometry": { "type": "Point", "coordinates": [ 140.058927, 38.048077 ] } },
{ "type": "Feature", "properties": { "ID": 62206612238, "正式名称": "置賜・整形外科まつきクリニック", "機関区分": 2, "都道府県コード": 6, "市区町村コード": 382, "所在地": "山形県東置賜郡川西町西大塚１６２０ー４", "緯度": 38.047954, "経度": 140.059727, "url": "https://www.iryou.teikyouseido.mhlw.go.jp/znk-web/juminkanja/S2430/initialize?prefCd=06&kikanCd=2206612238&kikanKbn=2", "url2": "matsuki-clinic.net", "内容": "置賜・整形外科まつきクリニック【2:診療所】【診療科目:0】山形県東置賜郡川西町西大塚１６２０ー４" }, "geometry": { "type": "Point", "coordinates": [ 140.059727, 38.047954 ] } },
{ "type": "Feature", "properties": { "ID": 62206612254, "正式名称": "あけぼのブナの森診療所", "機関区分": 2, "都道府県コード": 6, "市区町村コード": 401, "所在地": "山形県西置賜郡小国町あけぼの２ー７ー１２", "緯度": 38.053774, "経度": 139.757171, "url": "https://www.iryou.teikyouseido.mhlw.go.jp/znk-web/juminkanja/S2430/initialize?prefCd=06&kikanCd=2206612254&kikanKbn=2", "url2": "https://bunanomori-clinic.net", "内容": "あけぼのブナの森診療所【2:診療所】【診療科目:0】山形県西置賜郡小国町あけぼの２ー７ー１２" }, "geometry": { "type": "Point", "coordinates": [ 139.757171, 38.053774 ] } },
{ "type": "Feature", "properties": { "ID": 62206612283, "正式名称": "池田皮膚科クリニック米沢院", "機関区分": 2, "都道府県コード": 6, "市区町村コード": 202, "所在地": "山形県米沢市金池３丁目２番３１号", "緯度": 37.921009, "経度": 140.114642, "url": "https://www.iryou.teikyouseido.mhlw.go.jp/znk-web/juminkanja/S2430/initialize?prefCd=06&kikanCd=2206612283&kikanKbn=2", "url2": "https://ikedaclinic.net/yonezawa/", "内容": "池田皮膚科クリニック米沢院【2:診療所】【診療科目:0】山形県米沢市金池３丁目２番３１号" }, "geometry": { "type": "Point", "coordinates": [ 140.114642, 37.921009 ] } },
{ "type": "Feature", "properties": { "ID": 62206612296, "正式名称": "あづま診療所", "機関区分": 2, "都道府県コード": 6, "市区町村コード": 202, "所在地": "山形県米沢市李山８１３２―１１", "緯度": 37.861062, "経度": 140.098275, "url": "https://www.iryou.teikyouseido.mhlw.go.jp/znk-web/juminkanja/S2430/initialize?prefCd=06&kikanCd=2206612296&kikanKbn=2", "url2": "http://www.y-aduma.com/", "内容": "あづま診療所【2:診療所】【診療科目:0】山形県米沢市李山８１３２―１１" }, "geometry": { "type": "Point", "coordinates": [ 140.098275, 37.861062 ] } },
{ "type": "Feature", "properties": { "ID": 62206612300, "正式名称": "三須内科ハートクリニック", "機関区分": 2, "都道府県コード": 6, "市区町村コード": 213, "所在地": "山形県南陽市宮内３４５３", "緯度": 38.075501, "経度": 140.138573, "url": "https://www.iryou.teikyouseido.mhlw.go.jp/znk-web/juminkanja/S2430/initialize?prefCd=06&kikanCd=2206612300&kikanKbn=2", "url2": "https://www.misu-heart-clinic.com", "内容": "三須内科ハートクリニック【2:診療所】【診療科目:0】山形県南陽市宮内３４５３" }, "geometry": { "type": "Point", "coordinates": [ 140.138573, 38.075501 ] } },
{ "type": "Feature", "properties": { "ID": 62206612313, "正式名称": "医療法人社団　かつみ内科クリニック　中央院", "機関区分": 2, "都道府県コード": 6, "市区町村コード": 202, "所在地": "山形県米沢市中央７－１－３０", "緯度": 37.91978, "経度": 140.108154, "url": "https://www.iryou.teikyouseido.mhlw.go.jp/znk-web/juminkanja/S2430/initialize?prefCd=06&kikanCd=2206612313&kikanKbn=2", "url2": "https://katsumi-naika-clinic.or.jp", "内容": "医療法人社団　かつみ内科クリニック　中央院【2:診療所】【診療科目:0】山形県米沢市中央７－１－３０" }, "geometry": { "type": "Point", "coordinates": [ 140.108154, 37.91978 ] } },
{ "type": "Feature", "properties": { "ID": 62206612326, "正式名称": "かつみ内科クリニック　赤湯", "機関区分": 2, "都道府県コード": 6, "市区町村コード": 213, "所在地": "山形県南陽市島貫５９０－１５", "緯度": 38.046881, "経度": 140.146025, "url": "https://www.iryou.teikyouseido.mhlw.go.jp/znk-web/juminkanja/S2430/initialize?prefCd=06&kikanCd=2206612326&kikanKbn=2", "url2": null, "内容": "かつみ内科クリニック　赤湯【2:診療所】【診療科目:0】山形県南陽市島貫５９０－１５" }, "geometry": { "type": "Point", "coordinates": [ 140.146025, 38.046881 ] } },
{ "type": "Feature", "properties": { "ID": 62206612339, "正式名称": "三友堂クリニック", "機関区分": 2, "都道府県コード": 6, "市区町村コード": 202, "所在地": "山形県米沢市成島町３丁目２番９０号", "緯度": 37.922967, "経度": 140.090297, "url": "https://www.iryou.teikyouseido.mhlw.go.jp/znk-web/juminkanja/S2430/initialize?prefCd=06&kikanCd=2206612339&kikanKbn=2", "url2": "http://www.sanyudo.or.jp", "内容": "三友堂クリニック【2:診療所】【診療科目:0】山形県米沢市成島町３丁目２番９０号" }, "geometry": { "type": "Point", "coordinates": [ 140.090297, 37.922967 ] } },
{ "type": "Feature", "properties": { "ID": 62206612717, "正式名称": "ほさか窪田クリニック", "機関区分": 2, "都道府県コード": 6, "市区町村コード": 202, "所在地": "山形県米沢市窪田町窪田１３０６－１", "緯度": 37.96611, "経度": 140.13477, "url": "https://www.iryou.teikyouseido.mhlw.go.jp/znk-web/juminkanja/S2430/initialize?prefCd=06&kikanCd=2206612717&kikanKbn=2", "url2": null, "内容": "ほさか窪田クリニック【2:診療所】【診療科目:0】山形県米沢市窪田町窪田１３０６－１" }, "geometry": { "type": "Point", "coordinates": [ 140.13477, 37.96611 ] } },
{ "type": "Feature", "properties": { "ID": 62206613017, "正式名称": "渡部眼科クリニック", "機関区分": 2, "都道府県コード": 6, "市区町村コード": 202, "所在地": "山形県米沢市成島町３丁目３３３１－１", "緯度": 37.92132, "経度": 140.08679, "url": "https://www.iryou.teikyouseido.mhlw.go.jp/znk-web/juminkanja/S2430/initialize?prefCd=06&kikanCd=2206613017&kikanKbn=2", "url2": "https://watanabe-ganka-cl.jp/", "内容": "渡部眼科クリニック【2:診療所】【診療科目:0】山形県米沢市成島町３丁目３３３１－１" }, "geometry": { "type": "Point", "coordinates": [ 140.08679, 37.92132 ] } },
{ "type": "Feature", "properties": { "ID": 62206620019, "正式名称": "島貫小児科医院", "機関区分": 2, "都道府県コード": 6, "市区町村コード": 204, "所在地": "山形県酒田市あきほ町６５８番４", "緯度": 38.889667, "経度": 139.849623, "url": "https://www.iryou.teikyouseido.mhlw.go.jp/znk-web/juminkanja/S2430/initialize?prefCd=06&kikanCd=2206620019&kikanKbn=2", "url2": null, "内容": "島貫小児科医院【2:診療所】【診療科目:0】山形県酒田市あきほ町６５８番４" }, "geometry": { "type": "Point", "coordinates": [ 139.849623, 38.889667 ] } },
{ "type": "Feature", "properties": { "ID": 62206620022, "正式名称": "石沢内科胃腸科医院", "機関区分": 2, "都道府県コード": 6, "市区町村コード": 204, "所在地": "山形県酒田市亀ヶ崎二丁目２番５７号", "緯度": 38.907506, "経度": 139.843504, "url": "https://www.iryou.teikyouseido.mhlw.go.jp/znk-web/juminkanja/S2430/initialize?prefCd=06&kikanCd=2206620022&kikanKbn=2", "url2": null, "内容": "石沢内科胃腸科医院【2:診療所】【診療科目:0】山形県酒田市亀ヶ崎二丁目２番５７号" }, "geometry": { "type": "Point", "coordinates": [ 139.843504, 38.907506 ] } },
{ "type": "Feature", "properties": { "ID": 62206620035, "正式名称": "鶴岡協立病院附属クリニック", "機関区分": 2, "都道府県コード": 6, "市区町村コード": 203, "所在地": "山形県鶴岡市文園町１１－３", "緯度": 38.714684, "経度": 139.827317, "url": "https://www.iryou.teikyouseido.mhlw.go.jp/znk-web/juminkanja/S2430/initialize?prefCd=06&kikanCd=2206620035&kikanKbn=2", "url2": "https://y-mcoop.com/clinic/", "内容": "鶴岡協立病院附属クリニック【2:診療所】【診療科目:0】山形県鶴岡市文園町１１－３" }, "geometry": { "type": "Point", "coordinates": [ 139.827317, 38.714684 ] } },
{ "type": "Feature", "properties": { "ID": 62206620080, "正式名称": "川上医院", "機関区分": 2, "都道府県コード": 6, "市区町村コード": 203, "所在地": "山形県鶴岡市本町三丁目７－１０", "緯度": 38.725411, "経度": 139.822717, "url": "https://www.iryou.teikyouseido.mhlw.go.jp/znk-web/juminkanja/S2430/initialize?prefCd=06&kikanCd=2206620080&kikanKbn=2", "url2": null, "内容": "川上医院【2:診療所】【診療科目:0】山形県鶴岡市本町三丁目７－１０" }, "geometry": { "type": "Point", "coordinates": [ 139.822717, 38.725411 ] } },
{ "type": "Feature", "properties": { "ID": 62206620136, "正式名称": "藤吉内科医院", "機関区分": 2, "都道府県コード": 6, "市区町村コード": 203, "所在地": "山形県鶴岡市山王町１４ー１５", "緯度": 38.729816, "経度": 139.836363, "url": "https://www.iryou.teikyouseido.mhlw.go.jp/znk-web/juminkanja/S2430/initialize?prefCd=06&kikanCd=2206620136&kikanKbn=2", "url2": "http://www13.plala.or.jp/fujiyoshi-naika/", "内容": "藤吉内科医院【2:診療所】【診療科目:0】山形県鶴岡市山王町１４ー１５" }, "geometry": { "type": "Point", "coordinates": [ 139.836363, 38.729816 ] } },
{ "type": "Feature", "properties": { "ID": 62206620165, "正式名称": "医療法人外科内科渡邊クリニック", "機関区分": 2, "都道府県コード": 6, "市区町村コード": 204, "所在地": "山形県酒田市亀ケ崎３－２－１", "緯度": 38.905501, "経度": 139.842271, "url": "https://www.iryou.teikyouseido.mhlw.go.jp/znk-web/juminkanja/S2430/initialize?prefCd=06&kikanCd=2206620165&kikanKbn=2", "url2": null, "内容": "医療法人外科内科渡邊クリニック【2:診療所】【診療科目:0】山形県酒田市亀ケ崎３－２－１" }, "geometry": { "type": "Point", "coordinates": [ 139.842271, 38.905501 ] } },
{ "type": "Feature", "properties": { "ID": 62206620178, "正式名称": "いくま内科胃腸科クリニック", "機関区分": 2, "都道府県コード": 6, "市区町村コード": 204, "所在地": "山形県酒田市錦町五丁目３２−６９８", "緯度": 38.87789, "経度": 139.833963, "url": "https://www.iryou.teikyouseido.mhlw.go.jp/znk-web/juminkanja/S2430/initialize?prefCd=06&kikanCd=2206620178&kikanKbn=2", "url2": "https://www.ikuma-clinic.com", "内容": "いくま内科胃腸科クリニック【2:診療所】【診療科目:0】山形県酒田市錦町五丁目３２−６９８" }, "geometry": { "type": "Point", "coordinates": [ 139.833963, 38.87789 ] } },
{ "type": "Feature", "properties": { "ID": 62206620194, "正式名称": "さとう内科クリニック", "機関区分": 2, "都道府県コード": 6, "市区町村コード": 204, "所在地": "山形県酒田市東泉町一丁目１２ー５０", "緯度": 38.929621, "経度": 139.847003, "url": "https://www.iryou.teikyouseido.mhlw.go.jp/znk-web/juminkanja/S2430/initialize?prefCd=06&kikanCd=2206620194&kikanKbn=2", "url2": "http://www6.ocn.ne.jp/~smc/index.html", "内容": "さとう内科クリニック【2:診療所】【診療科目:0】山形県酒田市東泉町一丁目１２ー５０" }, "geometry": { "type": "Point", "coordinates": [ 139.847003, 38.929621 ] } },
{ "type": "Feature", "properties": { "ID": 62206620211, "正式名称": "健生ふれあいクリニック", "機関区分": 2, "都道府県コード": 6, "市区町村コード": 204, "所在地": "山形県酒田市泉町１番１６", "緯度": 38.933896, "経度": 139.847414, "url": "https://www.iryou.teikyouseido.mhlw.go.jp/znk-web/juminkanja/S2430/initialize?prefCd=06&kikanCd=2206620211&kikanKbn=2", "url2": "https://www.ken-sei.or.jp/", "内容": "健生ふれあいクリニック【2:診療所】【診療科目:0】山形県酒田市泉町１番１６" }, "geometry": { "type": "Point", "coordinates": [ 139.847414, 38.933896 ] } },
{ "type": "Feature", "properties": { "ID": 62206620224, "正式名称": "山原整形外科クリニック", "機関区分": 2, "都道府県コード": 6, "市区町村コード": 204, "所在地": "山形県酒田市大宮", "緯度": 38.889672, "経度": 139.859722, "url": "https://www.iryou.teikyouseido.mhlw.go.jp/znk-web/juminkanja/S2430/initialize?prefCd=06&kikanCd=2206620224&kikanKbn=2", "url2": "http://yamaharaseikeige.sakura.ne.jp", "内容": "山原整形外科クリニック【2:診療所】【診療科目:0】山形県酒田市大宮" }, "geometry": { "type": "Point", "coordinates": [ 139.859722, 38.889672 ] } },
{ "type": "Feature", "properties": { "ID": 62206620253, "正式名称": "いでは診療所", "機関区分": 2, "都道府県コード": 6, "市区町村コード": 203, "所在地": "山形県鶴岡市羽黒町荒川字谷地堰４２ー４", "緯度": 38.718338, "経度": 139.89948, "url": "https://www.iryou.teikyouseido.mhlw.go.jp/znk-web/juminkanja/S2430/initialize?prefCd=06&kikanCd=2206620253&kikanKbn=2", "url2": "ideha-sinryoujyojyo.com", "内容": "いでは診療所【2:診療所】【診療科目:0】山形県鶴岡市羽黒町荒川字谷地堰４２ー４" }, "geometry": { "type": "Point", "coordinates": [ 139.89948, 38.718338 ] } },
{ "type": "Feature", "properties": { "ID": 62206620279, "正式名称": "安孫子皮ふ科", "機関区分": 2, "都道府県コード": 6, "市区町村コード": 204, "所在地": "山形県酒田市亀ケ崎７－１－５", "緯度": 38.898135, "経度": 139.847909, "url": "https://www.iryou.teikyouseido.mhlw.go.jp/znk-web/juminkanja/S2430/initialize?prefCd=06&kikanCd=2206620279&kikanKbn=2", "url2": null, "内容": "安孫子皮ふ科【2:診療所】【診療科目:0】山形県酒田市亀ケ崎７－１－５" }, "geometry": { "type": "Point", "coordinates": [ 139.847909, 38.898135 ] } },
{ "type": "Feature", "properties": { "ID": 62206620282, "正式名称": "長島整形外科クリニック", "機関区分": 2, "都道府県コード": 6, "市区町村コード": 204, "所在地": "山形県酒田市駅東２－４－８", "緯度": 38.923641, "経度": 139.848886, "url": "https://www.iryou.teikyouseido.mhlw.go.jp/znk-web/juminkanja/S2430/initialize?prefCd=06&kikanCd=2206620282&kikanKbn=2", "url2": null, "内容": "長島整形外科クリニック【2:診療所】【診療科目:0】山形県酒田市駅東２－４－８" }, "geometry": { "type": "Point", "coordinates": [ 139.848886, 38.923641 ] } },
{ "type": "Feature", "properties": { "ID": 62206620312, "正式名称": "医療法人菊地内科クリニック", "機関区分": 2, "都道府県コード": 6, "市区町村コード": 203, "所在地": "山形県鶴岡市東原町２５番５１号", "緯度": 38.718662, "経度": 139.84444, "url": "https://www.iryou.teikyouseido.mhlw.go.jp/znk-web/juminkanja/S2430/initialize?prefCd=06&kikanCd=2206620312&kikanKbn=2", "url2": null, "内容": "医療法人菊地内科クリニック【2:診療所】【診療科目:0】山形県鶴岡市東原町２５番５１号" }, "geometry": { "type": "Point", "coordinates": [ 139.84444, 38.718662 ] } },
{ "type": "Feature", "properties": { "ID": 62206620325, "正式名称": "荻原耳鼻咽喉科医院", "機関区分": 2, "都道府県コード": 6, "市区町村コード": 204, "所在地": "山形県酒田市駅東二丁目４番１３号", "緯度": 38.923408, "経度": 139.849062, "url": "https://www.iryou.teikyouseido.mhlw.go.jp/znk-web/juminkanja/S2430/initialize?prefCd=06&kikanCd=2206620325&kikanKbn=2", "url2": null, "内容": "荻原耳鼻咽喉科医院【2:診療所】【診療科目:0】山形県酒田市駅東二丁目４番１３号" }, "geometry": { "type": "Point", "coordinates": [ 139.849062, 38.923408 ] } },
{ "type": "Feature", "properties": { "ID": 62206620354, "正式名称": "きれん耳鼻咽喉科医院", "機関区分": 2, "都道府県コード": 6, "市区町村コード": 204, "所在地": "山形県酒田市あきほ町６５９―１", "緯度": 38.889358, "経度": 139.849954, "url": "https://www.iryou.teikyouseido.mhlw.go.jp/znk-web/juminkanja/S2430/initialize?prefCd=06&kikanCd=2206620354&kikanKbn=2", "url2": "http://www.myclinic.ne.jp/kiren/", "内容": "きれん耳鼻咽喉科医院【2:診療所】【診療科目:0】山形県酒田市あきほ町６５９―１" }, "geometry": { "type": "Point", "coordinates": [ 139.849954, 38.889358 ] } },
{ "type": "Feature", "properties": { "ID": 62206620383, "正式名称": "ほんまクリニック", "機関区分": 2, "都道府県コード": 6, "市区町村コード": 204, "所在地": "山形県酒田市新橋　１丁目１４－１０", "緯度": 38.922094, "経度": 139.853908, "url": "https://www.iryou.teikyouseido.mhlw.go.jp/znk-web/juminkanja/S2430/initialize?prefCd=06&kikanCd=2206620383&kikanKbn=2", "url2": null, "内容": "ほんまクリニック【2:診療所】【診療科目:0】山形県酒田市新橋　１丁目１４－１０" }, "geometry": { "type": "Point", "coordinates": [ 139.853908, 38.922094 ] } },
{ "type": "Feature", "properties": { "ID": 62206620396, "正式名称": "医療法人まつざわ眼科", "機関区分": 2, "都道府県コード": 6, "市区町村コード": 204, "所在地": "山形県酒田市亀ケ崎１丁目１０－１", "緯度": 38.906887, "経度": 139.842398, "url": "https://www.iryou.teikyouseido.mhlw.go.jp/znk-web/juminkanja/S2430/initialize?prefCd=06&kikanCd=2206620396&kikanKbn=2", "url2": "http://www.matsuzawaganka.com/", "内容": "医療法人まつざわ眼科【2:診療所】【診療科目:0】山形県酒田市亀ケ崎１丁目１０－１" }, "geometry": { "type": "Point", "coordinates": [ 139.842398, 38.906887 ] } },
{ "type": "Feature", "properties": { "ID": 62206620413, "正式名称": "庄南クリニック", "機関区分": 2, "都道府県コード": 6, "市区町村コード": 203, "所在地": "山形県鶴岡市美咲町２４－８", "緯度": 38.737376, "経度": 139.801538, "url": "https://www.iryou.teikyouseido.mhlw.go.jp/znk-web/juminkanja/S2430/initialize?prefCd=06&kikanCd=2206620413&kikanKbn=2", "url2": "http://www.shonan-clinic-lp.com", "内容": "庄南クリニック【2:診療所】【診療科目:0】山形県鶴岡市美咲町２４－８" }, "geometry": { "type": "Point", "coordinates": [ 139.801538, 38.737376 ] } },
{ "type": "Feature", "properties": { "ID": 62206620468, "正式名称": "三浦クリニック", "機関区分": 2, "都道府県コード": 6, "市区町村コード": 203, "所在地": "山形県鶴岡市美咲町２７－３", "緯度": 38.738323, "経度": 139.799719, "url": "https://www.iryou.teikyouseido.mhlw.go.jp/znk-web/juminkanja/S2430/initialize?prefCd=06&kikanCd=2206620468&kikanKbn=2", "url2": null, "内容": "三浦クリニック【2:診療所】【診療科目:0】山形県鶴岡市美咲町２７－３" }, "geometry": { "type": "Point", "coordinates": [ 139.799719, 38.738323 ] } },
{ "type": "Feature", "properties": { "ID": 62206620471, "正式名称": "すずき整形外科", "機関区分": 2, "都道府県コード": 6, "市区町村コード": 203, "所在地": "山形県鶴岡市藤島字笹花４２－３４", "緯度": 38.766702, "経度": 139.904503, "url": "https://www.iryou.teikyouseido.mhlw.go.jp/znk-web/juminkanja/S2430/initialize?prefCd=06&kikanCd=2206620471&kikanKbn=2", "url2": "https://www.suzukiseikeigeka-tsuruoka.com/", "内容": "すずき整形外科【2:診療所】【診療科目:0】山形県鶴岡市藤島字笹花４２－３４" }, "geometry": { "type": "Point", "coordinates": [ 139.904503, 38.766702 ] } },
{ "type": "Feature", "properties": { "ID": 62206620501, "正式名称": "おおたきこどもクリニック", "機関区分": 2, "都道府県コード": 6, "市区町村コード": 204, "所在地": "山形県酒田市東泉町５−８−２", "緯度": 38.933771, "経度": 139.853025, "url": "https://www.iryou.teikyouseido.mhlw.go.jp/znk-web/juminkanja/S2430/initialize?prefCd=06&kikanCd=2206620501&kikanKbn=2", "url2": "http://www.otaki-kodomo.com", "内容": "おおたきこどもクリニック【2:診療所】【診療科目:0】山形県酒田市東泉町５−８−２" }, "geometry": { "type": "Point", "coordinates": [ 139.853025, 38.933771 ] } },
{ "type": "Feature", "properties": { "ID": 62206620530, "正式名称": "古谷眼科クリニック", "機関区分": 2, "都道府県コード": 6, "市区町村コード": 428, "所在地": "山形県東田川郡庄内町余目字猿田９２‐１２", "緯度": 38.84501, "経度": 139.90552, "url": "https://www.iryou.teikyouseido.mhlw.go.jp/znk-web/juminkanja/S2430/initialize?prefCd=06&kikanCd=2206620530&kikanKbn=2", "url2": null, "内容": "古谷眼科クリニック【2:診療所】【診療科目:0】山形県東田川郡庄内町余目字猿田９２‐１２" }, "geometry": { "type": "Point", "coordinates": [ 139.90552, 38.84501 ] } },
{ "type": "Feature", "properties": { "ID": 62206620543, "正式名称": "医療法人いぶき会宝田整形外科クリニック", "機関区分": 2, "都道府県コード": 6, "市区町村コード": 203, "所在地": "山形県鶴岡市宝田一丁目９０－８０", "緯度": 38.74262, "経度": 139.831871, "url": "https://www.iryou.teikyouseido.mhlw.go.jp/znk-web/juminkanja/S2430/initialize?prefCd=06&kikanCd=2206620543&kikanKbn=2", "url2": "http://www.takaradaseikei.com/", "内容": "医療法人いぶき会宝田整形外科クリニック【2:診療所】【診療科目:0】山形県鶴岡市宝田一丁目９０－８０" }, "geometry": { "type": "Point", "coordinates": [ 139.831871, 38.74262 ] } },
{ "type": "Feature", "properties": { "ID": 62206620572, "正式名称": "おおかつ眼科", "機関区分": 2, "都道府県コード": 6, "市区町村コード": 203, "所在地": "山形県鶴岡市錦町２０番１８号", "緯度": 38.736674, "経度": 139.830475, "url": "https://www.iryou.teikyouseido.mhlw.go.jp/znk-web/juminkanja/S2430/initialize?prefCd=06&kikanCd=2206620572&kikanKbn=2", "url2": null, "内容": "おおかつ眼科【2:診療所】【診療科目:0】山形県鶴岡市錦町２０番１８号" }, "geometry": { "type": "Point", "coordinates": [ 139.830475, 38.736674 ] } },
{ "type": "Feature", "properties": { "ID": 62206620585, "正式名称": "かめがさき整形外科", "機関区分": 2, "都道府県コード": 6, "市区町村コード": 204, "所在地": "山形県酒田市亀ケ崎３－２－１３", "緯度": 38.904845, "経度": 139.843312, "url": "https://www.iryou.teikyouseido.mhlw.go.jp/znk-web/juminkanja/S2430/initialize?prefCd=06&kikanCd=2206620585&kikanKbn=2", "url2": null, "内容": "かめがさき整形外科【2:診療所】【診療科目:0】山形県酒田市亀ケ崎３－２－１３" }, "geometry": { "type": "Point", "coordinates": [ 139.843312, 38.904845 ] } },
{ "type": "Feature", "properties": { "ID": 62206620602, "正式名称": "乙黒医院", "機関区分": 2, "都道府県コード": 6, "市区町村コード": 203, "所在地": "山形県鶴岡市桜新町３番２２号", "緯度": 38.717537, "経度": 139.839108, "url": "https://www.iryou.teikyouseido.mhlw.go.jp/znk-web/juminkanja/S2430/initialize?prefCd=06&kikanCd=2206620602&kikanKbn=2", "url2": null, "内容": "乙黒医院【2:診療所】【診療科目:0】山形県鶴岡市桜新町３番２２号" }, "geometry": { "type": "Point", "coordinates": [ 139.839108, 38.717537 ] } },
{ "type": "Feature", "properties": { "ID": 62206620615, "正式名称": "医療法人雄心会　伊藤耳鼻咽喉科医院", "機関区分": 2, "都道府県コード": 6, "市区町村コード": 203, "所在地": "山形県鶴岡市馬場町７−２８", "緯度": 38.72815, "経度": 139.829167, "url": "https://www.iryou.teikyouseido.mhlw.go.jp/znk-web/juminkanja/S2430/initialize?prefCd=06&kikanCd=2206620615&kikanKbn=2", "url2": "https://www.itoh-ent.net", "内容": "医療法人雄心会　伊藤耳鼻咽喉科医院【2:診療所】【診療科目:0】山形県鶴岡市馬場町７−２８" }, "geometry": { "type": "Point", "coordinates": [ 139.829167, 38.72815 ] } },
{ "type": "Feature", "properties": { "ID": 62206620628, "正式名称": "須田内科クリニック", "機関区分": 2, "都道府県コード": 6, "市区町村コード": 203, "所在地": "山形県鶴岡市宝田一丁目９番８６号", "緯度": 38.742926, "経度": 139.831039, "url": "https://www.iryou.teikyouseido.mhlw.go.jp/znk-web/juminkanja/S2430/initialize?prefCd=06&kikanCd=2206620628&kikanKbn=2", "url2": null, "内容": "須田内科クリニック【2:診療所】【診療科目:0】山形県鶴岡市宝田一丁目９番８６号" }, "geometry": { "type": "Point", "coordinates": [ 139.831039, 38.742926 ] } },
{ "type": "Feature", "properties": { "ID": 62206620644, "正式名称": "小真木原クリニック", "機関区分": 2, "都道府県コード": 6, "市区町村コード": 203, "所在地": "山形県鶴岡市日枝字小真木原１１６番地３", "緯度": 38.710779, "経度": 139.816046, "url": "https://www.iryou.teikyouseido.mhlw.go.jp/znk-web/juminkanja/S2430/initialize?prefCd=06&kikanCd=2206620644&kikanKbn=2", "url2": null, "内容": "小真木原クリニック【2:診療所】【診療科目:0】山形県鶴岡市日枝字小真木原１１６番地３" }, "geometry": { "type": "Point", "coordinates": [ 139.816046, 38.710779 ] } },
{ "type": "Feature", "properties": { "ID": 62206620657, "正式名称": "浅野内科クリニック", "機関区分": 2, "都道府県コード": 6, "市区町村コード": 204, "所在地": "山形県酒田市あきほ町６５３－９", "緯度": 38.889914, "経度": 139.850712, "url": "https://www.iryou.teikyouseido.mhlw.go.jp/znk-web/juminkanja/S2430/initialize?prefCd=06&kikanCd=2206620657&kikanKbn=2", "url2": "http://www.e-yamagata.com/town/09-03/0234221880/", "内容": "浅野内科クリニック【2:診療所】【診療科目:0】山形県酒田市あきほ町６５３－９" }, "geometry": { "type": "Point", "coordinates": [ 139.850712, 38.889914 ] } },
{ "type": "Feature", "properties": { "ID": 62206620699, "正式名称": "酒田市休日診療所", "機関区分": 2, "都道府県コード": 6, "市区町村コード": 204, "所在地": "山形県酒田市船場町二丁目１番３１号", "緯度": 38.913886, "経度": 139.832621, "url": "https://www.iryou.teikyouseido.mhlw.go.jp/znk-web/juminkanja/S2430/initialize?prefCd=06&kikanCd=2206620699&kikanKbn=2", "url2": null, "内容": "酒田市休日診療所【2:診療所】【診療科目:0】山形県酒田市船場町二丁目１番３１号" }, "geometry": { "type": "Point", "coordinates": [ 139.832621, 38.913886 ] } },
{ "type": "Feature", "properties": { "ID": 62206620716, "正式名称": "くろき脳神経クリニック", "機関区分": 2, "都道府県コード": 6, "市区町村コード": 204, "所在地": "山形県酒田市富士見町三丁目２−３", "緯度": 38.920686, "経度": 139.864066, "url": "https://www.iryou.teikyouseido.mhlw.go.jp/znk-web/juminkanja/S2430/initialize?prefCd=06&kikanCd=2206620716&kikanKbn=2", "url2": "http://www.kuroki-nc.com", "内容": "くろき脳神経クリニック【2:診療所】【診療科目:0】山形県酒田市富士見町三丁目２−３" }, "geometry": { "type": "Point", "coordinates": [ 139.864066, 38.920686 ] } },
{ "type": "Feature", "properties": { "ID": 62206620729, "正式名称": "医療法人藤森クリニック", "機関区分": 2, "都道府県コード": 6, "市区町村コード": 204, "所在地": "山形県酒田市亀ヶ崎３丁目７−１３", "緯度": 38.904154, "経度": 139.846026, "url": "https://www.iryou.teikyouseido.mhlw.go.jp/znk-web/juminkanja/S2430/initialize?prefCd=06&kikanCd=2206620729&kikanKbn=2", "url2": null, "内容": "医療法人藤森クリニック【2:診療所】【診療科目:0】山形県酒田市亀ヶ崎３丁目７−１３" }, "geometry": { "type": "Point", "coordinates": [ 139.846026, 38.904154 ] } },
{ "type": "Feature", "properties": { "ID": 62206620732, "正式名称": "みかわキッズクリニック", "機関区分": 2, "都道府県コード": 6, "市区町村コード": 426, "所在地": "山形県東田川郡三川町猪子字大堰端３７９－７", "緯度": 38.817495, "経度": 139.838511, "url": "https://www.iryou.teikyouseido.mhlw.go.jp/znk-web/juminkanja/S2430/initialize?prefCd=06&kikanCd=2206620732&kikanKbn=2", "url2": "http://www.mikawakids.jp/", "内容": "みかわキッズクリニック【2:診療所】【診療科目:0】山形県東田川郡三川町猪子字大堰端３７９－７" }, "geometry": { "type": "Point", "coordinates": [ 139.838511, 38.817495 ] } },
{ "type": "Feature", "properties": { "ID": 62206620745, "正式名称": "美咲クリニック", "機関区分": 2, "都道府県コード": 6, "市区町村コード": 203, "所在地": "山形県鶴岡市美咲町２５番５号", "緯度": 38.736808, "経度": 139.800368, "url": "https://www.iryou.teikyouseido.mhlw.go.jp/znk-web/juminkanja/S2430/initialize?prefCd=06&kikanCd=2206620745&kikanKbn=2", "url2": "http://www.misaki-mc.com/", "内容": "美咲クリニック【2:診療所】【診療科目:0】山形県鶴岡市美咲町２５番５号" }, "geometry": { "type": "Point", "coordinates": [ 139.800368, 38.736808 ] } },
{ "type": "Feature", "properties": { "ID": 62206620758, "正式名称": "皮ふ科さいとう医院", "機関区分": 2, "都道府県コード": 6, "市区町村コード": 204, "所在地": "山形県酒田市あきほ町６５８−６", "緯度": 38.889672, "経度": 139.849443, "url": "https://www.iryou.teikyouseido.mhlw.go.jp/znk-web/juminkanja/S2430/initialize?prefCd=06&kikanCd=2206620758&kikanKbn=2", "url2": "http://www1.ocn.ne.jp/~saitoh12/", "内容": "皮ふ科さいとう医院【2:診療所】【診療科目:0】山形県酒田市あきほ町６５８−６" }, "geometry": { "type": "Point", "coordinates": [ 139.849443, 38.889672 ] } },
{ "type": "Feature", "properties": { "ID": 62206620761, "正式名称": "医療法人社団池田内科医院", "機関区分": 2, "都道府県コード": 6, "市区町村コード": 204, "所在地": "山形県酒田市広野字末広１０５番地４", "緯度": 38.847994, "経度": 139.846805, "url": "https://www.iryou.teikyouseido.mhlw.go.jp/znk-web/juminkanja/S2430/initialize?prefCd=06&kikanCd=2206620761&kikanKbn=2", "url2": null, "内容": "医療法人社団池田内科医院【2:診療所】【診療科目:0】山形県酒田市広野字末広１０５番地４" }, "geometry": { "type": "Point", "coordinates": [ 139.846805, 38.847994 ] } },
{ "type": "Feature", "properties": { "ID": 62206620804, "正式名称": "ましま内科クリニック", "機関区分": 2, "都道府県コード": 6, "市区町村コード": 203, "所在地": "山形県鶴岡市ほなみ町７−１１", "緯度": 38.716657, "経度": 139.843804, "url": "https://www.iryou.teikyouseido.mhlw.go.jp/znk-web/juminkanja/S2430/initialize?prefCd=06&kikanCd=2206620804&kikanKbn=2", "url2": "mashima-clinic.care", "内容": "ましま内科クリニック【2:診療所】【診療科目:0】山形県鶴岡市ほなみ町７−１１" }, "geometry": { "type": "Point", "coordinates": [ 139.843804, 38.716657 ] } },
{ "type": "Feature", "properties": { "ID": 62206620846, "正式名称": "志田整形外科医院", "機関区分": 2, "都道府県コード": 6, "市区町村コード": 203, "所在地": "山形県鶴岡市みどり町１８－５", "緯度": 38.733509, "経度": 139.806744, "url": "https://www.iryou.teikyouseido.mhlw.go.jp/znk-web/juminkanja/S2430/initialize?prefCd=06&kikanCd=2206620846&kikanKbn=2", "url2": "http://www.shidaseikei.com", "内容": "志田整形外科医院【2:診療所】【診療科目:0】山形県鶴岡市みどり町１８－５" }, "geometry": { "type": "Point", "coordinates": [ 139.806744, 38.733509 ] } },
{ "type": "Feature", "properties": { "ID": 62206620859, "正式名称": "さくらこころのクリニック", "機関区分": 2, "都道府県コード": 6, "市区町村コード": 204, "所在地": "山形県酒田市東大町２－６－４", "緯度": 38.908395, "経度": 139.855048, "url": "https://www.iryou.teikyouseido.mhlw.go.jp/znk-web/juminkanja/S2430/initialize?prefCd=06&kikanCd=2206620859&kikanKbn=2", "url2": "https://sakurakokoro.tkc.best-hp.jp/home", "内容": "さくらこころのクリニック【2:診療所】【診療科目:0】山形県酒田市東大町２－６－４" }, "geometry": { "type": "Point", "coordinates": [ 139.855048, 38.908395 ] } },
{ "type": "Feature", "properties": { "ID": 62206620875, "正式名称": "鶴岡市休日夜間診療所", "機関区分": 2, "都道府県コード": 6, "市区町村コード": 203, "所在地": "山形県鶴岡市泉町５－３０", "緯度": 38.730608, "経度": 139.829314, "url": "https://www.iryou.teikyouseido.mhlw.go.jp/znk-web/juminkanja/S2430/initialize?prefCd=06&kikanCd=2206620875&kikanKbn=2", "url2": "http://www.city.tsuruoka.lg.jp/kenko/iryo/kyujitsu/kenko0120150601-1.html", "内容": "鶴岡市休日夜間診療所【2:診療所】【診療科目:0】山形県鶴岡市泉町５－３０" }, "geometry": { "type": "Point", "coordinates": [ 139.829314, 38.730608 ] } },
{ "type": "Feature", "properties": { "ID": 62206620888, "正式名称": "はらだこども医院", "機関区分": 2, "都道府県コード": 6, "市区町村コード": 203, "所在地": "山形県鶴岡市西新斎町３―７", "緯度": 38.733649, "経度": 139.814157, "url": "https://www.iryou.teikyouseido.mhlw.go.jp/znk-web/juminkanja/S2430/initialize?prefCd=06&kikanCd=2206620888&kikanKbn=2", "url2": null, "内容": "はらだこども医院【2:診療所】【診療科目:0】山形県鶴岡市西新斎町３―７" }, "geometry": { "type": "Point", "coordinates": [ 139.814157, 38.733649 ] } },
{ "type": "Feature", "properties": { "ID": 62206620921, "正式名称": "心臓・血圧満天クリニック", "機関区分": 2, "都道府県コード": 6, "市区町村コード": 203, "所在地": "山形県鶴岡市のぞみ町５番１７号", "緯度": 38.714474, "経度": 139.834922, "url": "https://www.iryou.teikyouseido.mhlw.go.jp/znk-web/juminkanja/S2430/initialize?prefCd=06&kikanCd=2206620921&kikanKbn=2", "url2": "http://www.mantenclinic.net/", "内容": "心臓・血圧満天クリニック【2:診療所】【診療科目:0】山形県鶴岡市のぞみ町５番１７号" }, "geometry": { "type": "Point", "coordinates": [ 139.834922, 38.714474 ] } },
{ "type": "Feature", "properties": { "ID": 62206620934, "正式名称": "さかい往診クリニック", "機関区分": 2, "都道府県コード": 6, "市区町村コード": 204, "所在地": "山形県酒田市みずほ２−２０−７", "緯度": 38.902701, "経度": 139.851843, "url": "https://www.iryou.teikyouseido.mhlw.go.jp/znk-web/juminkanja/S2430/initialize?prefCd=06&kikanCd=2206620934&kikanKbn=2", "url2": null, "内容": "さかい往診クリニック【2:診療所】【診療科目:0】山形県酒田市みずほ２−２０−７" }, "geometry": { "type": "Point", "coordinates": [ 139.851843, 38.902701 ] } },
{ "type": "Feature", "properties": { "ID": 62206620963, "正式名称": "温海クリニック", "機関区分": 2, "都道府県コード": 6, "市区町村コード": 203, "所在地": "山形県鶴岡市温海字温海２８－３", "緯度": 38.6247, "経度": 139.591502, "url": "https://www.iryou.teikyouseido.mhlw.go.jp/znk-web/juminkanja/S2430/initialize?prefCd=06&kikanCd=2206620963&kikanKbn=2", "url2": null, "内容": "温海クリニック【2:診療所】【診療科目:0】山形県鶴岡市温海字温海２８－３" }, "geometry": { "type": "Point", "coordinates": [ 139.591502, 38.6247 ] } },
{ "type": "Feature", "properties": { "ID": 62206620976, "正式名称": "奥山皮フ科", "機関区分": 2, "都道府県コード": 6, "市区町村コード": 203, "所在地": "山形県鶴岡市切添町", "緯度": 38.730103, "経度": 139.842799, "url": "https://www.iryou.teikyouseido.mhlw.go.jp/znk-web/juminkanja/S2430/initialize?prefCd=06&kikanCd=2206620976&kikanKbn=2", "url2": "http://www.okuyamahihuka.com/", "内容": "奥山皮フ科【2:診療所】【診療科目:0】山形県鶴岡市切添町" }, "geometry": { "type": "Point", "coordinates": [ 139.842799, 38.730103 ] } },
{ "type": "Feature", "properties": { "ID": 62206620989, "正式名称": "さとう整形外科クリニック", "機関区分": 2, "都道府県コード": 6, "市区町村コード": 203, "所在地": "山形県鶴岡市城北町２６－１０", "緯度": 38.736402, "経度": 139.820026, "url": "https://www.iryou.teikyouseido.mhlw.go.jp/znk-web/juminkanja/S2430/initialize?prefCd=06&kikanCd=2206620989&kikanKbn=2", "url2": "https://www.satoseikei.com/", "内容": "さとう整形外科クリニック【2:診療所】【診療科目:0】山形県鶴岡市城北町２６－１０" }, "geometry": { "type": "Point", "coordinates": [ 139.820026, 38.736402 ] } },
{ "type": "Feature", "properties": { "ID": 62206621016, "正式名称": "しょうない眼科", "機関区分": 2, "都道府県コード": 6, "市区町村コード": 204, "所在地": "山形県酒田市大宮町１－４－１７", "緯度": 38.889563, "経度": 139.856214, "url": "https://www.iryou.teikyouseido.mhlw.go.jp/znk-web/juminkanja/S2430/initialize?prefCd=06&kikanCd=2206621016&kikanKbn=2", "url2": null, "内容": "しょうない眼科【2:診療所】【診療科目:0】山形県酒田市大宮町１－４－１７" }, "geometry": { "type": "Point", "coordinates": [ 139.856214, 38.889563 ] } },
{ "type": "Feature", "properties": { "ID": 62206621045, "正式名称": "わたべクリニック", "機関区分": 2, "都道府県コード": 6, "市区町村コード": 204, "所在地": "山形県酒田市みずほ１－２－２０", "緯度": 38.90692, "経度": 139.849156, "url": "https://www.iryou.teikyouseido.mhlw.go.jp/znk-web/juminkanja/S2430/initialize?prefCd=06&kikanCd=2206621045&kikanKbn=2", "url2": "https://www.watabeclinic.com/", "内容": "わたべクリニック【2:診療所】【診療科目:0】山形県酒田市みずほ１－２－２０" }, "geometry": { "type": "Point", "coordinates": [ 139.849156, 38.90692 ] } },
{ "type": "Feature", "properties": { "ID": 62206621061, "正式名称": "遠藤医院", "機関区分": 2, "都道府県コード": 6, "市区町村コード": 203, "所在地": "山形県鶴岡市板井川字片茎８０番地", "緯度": 38.648923, "経度": 139.849801, "url": "https://www.iryou.teikyouseido.mhlw.go.jp/znk-web/juminkanja/S2430/initialize?prefCd=06&kikanCd=2206621061&kikanKbn=2", "url2": null, "内容": "遠藤医院【2:診療所】【診療科目:0】山形県鶴岡市板井川字片茎８０番地" }, "geometry": { "type": "Point", "coordinates": [ 139.849801, 38.648923 ] } },
{ "type": "Feature", "properties": { "ID": 62206621074, "正式名称": "川口耳鼻咽喉科クリニック", "機関区分": 2, "都道府県コード": 6, "市区町村コード": 204, "所在地": "山形県酒田市若竹町２−３−２", "緯度": 38.90212, "経度": 139.838552, "url": "https://www.iryou.teikyouseido.mhlw.go.jp/znk-web/juminkanja/S2430/initialize?prefCd=06&kikanCd=2206621074&kikanKbn=2", "url2": "http://www.clinic-kawaguchi.com/", "内容": "川口耳鼻咽喉科クリニック【2:診療所】【診療科目:0】山形県酒田市若竹町２−３−２" }, "geometry": { "type": "Point", "coordinates": [ 139.838552, 38.90212 ] } },
{ "type": "Feature", "properties": { "ID": 62206621087, "正式名称": "今泉クリニック", "機関区分": 2, "都道府県コード": 6, "市区町村コード": 204, "所在地": "山形県酒田市若浜町５－２９", "緯度": 38.913444, "経度": 139.849808, "url": "https://www.iryou.teikyouseido.mhlw.go.jp/znk-web/juminkanja/S2430/initialize?prefCd=06&kikanCd=2206621087&kikanKbn=2", "url2": null, "内容": "今泉クリニック【2:診療所】【診療科目:0】山形県酒田市若浜町５－２９" }, "geometry": { "type": "Point", "coordinates": [ 139.849808, 38.913444 ] } },
{ "type": "Feature", "properties": { "ID": 62206621090, "正式名称": "森田内科クリニック", "機関区分": 2, "都道府県コード": 6, "市区町村コード": 428, "所在地": "山形県東田川郡庄内町余目字土堤下１９－３", "緯度": 38.844523, "経度": 139.904532, "url": "https://www.iryou.teikyouseido.mhlw.go.jp/znk-web/juminkanja/S2430/initialize?prefCd=06&kikanCd=2206621090&kikanKbn=2", "url2": null, "内容": "森田内科クリニック【2:診療所】【診療科目:0】山形県東田川郡庄内町余目字土堤下１９－３" }, "geometry": { "type": "Point", "coordinates": [ 139.904532, 38.844523 ] } },
{ "type": "Feature", "properties": { "ID": 62206621407, "正式名称": "山内循環器クリニック", "機関区分": 2, "都道府県コード": 6, "市区町村コード": 203, "所在地": "山形県鶴岡市泉町７－５６", "緯度": 38.730093, "経度": 139.829676, "url": "https://www.iryou.teikyouseido.mhlw.go.jp/znk-web/juminkanja/S2430/initialize?prefCd=06&kikanCd=2206621407&kikanKbn=2", "url2": "http://www.yamauchi-heart.jp", "内容": "山内循環器クリニック【2:診療所】【診療科目:0】山形県鶴岡市泉町７－５６" }, "geometry": { "type": "Point", "coordinates": [ 139.829676, 38.730093 ] } },
{ "type": "Feature", "properties": { "ID": 62206621641, "正式名称": "なごみクリニック", "機関区分": 2, "都道府県コード": 6, "市区町村コード": 203, "所在地": "山形県鶴岡市桜新町１３−３", "緯度": 38.71797, "経度": 139.840544, "url": "https://www.iryou.teikyouseido.mhlw.go.jp/znk-web/juminkanja/S2430/initialize?prefCd=06&kikanCd=2206621641&kikanKbn=2", "url2": "http://nagomi-clinic.net/", "内容": "なごみクリニック【2:診療所】【診療科目:0】山形県鶴岡市桜新町１３−３" }, "geometry": { "type": "Point", "coordinates": [ 139.840544, 38.71797 ] } },
{ "type": "Feature", "properties": { "ID": 62206621699, "正式名称": "いちごレディースクリニック", "機関区分": 2, "都道府県コード": 6, "市区町村コード": 204, "所在地": "山形県酒田市ゆたか２丁目７−４", "緯度": 38.937283, "経度": 139.844547, "url": "https://www.iryou.teikyouseido.mhlw.go.jp/znk-web/juminkanja/S2430/initialize?prefCd=06&kikanCd=2206621699&kikanKbn=2", "url2": "ohtaiin.jp", "内容": "いちごレディースクリニック【2:診療所】【診療科目:0】山形県酒田市ゆたか２丁目７−４" }, "geometry": { "type": "Point", "coordinates": [ 139.844547, 38.937283 ] } },
{ "type": "Feature", "properties": { "ID": 62206621742, "正式名称": "こころの花クリニック", "機関区分": 2, "都道府県コード": 6, "市区町村コード": 203, "所在地": "山形県鶴岡市西茅原町１３－２４", "緯度": 38.749417, "経度": 139.834365, "url": "https://www.iryou.teikyouseido.mhlw.go.jp/znk-web/juminkanja/S2430/initialize?prefCd=06&kikanCd=2206621742&kikanKbn=2", "url2": "www.kokoronohana-clinic.com", "内容": "こころの花クリニック【2:診療所】【診療科目:0】山形県鶴岡市西茅原町１３－２４" }, "geometry": { "type": "Point", "coordinates": [ 139.834365, 38.749417 ] } },
{ "type": "Feature", "properties": { "ID": 62206621814, "正式名称": "あきばクリニック", "機関区分": 2, "都道府県コード": 6, "市区町村コード": 204, "所在地": "山形県酒田市住吉町", "緯度": 38.928092, "経度": 139.83438, "url": "https://www.iryou.teikyouseido.mhlw.go.jp/znk-web/juminkanja/S2430/initialize?prefCd=06&kikanCd=2206621814&kikanKbn=2", "url2": "http://akibac.com/", "内容": "あきばクリニック【2:診療所】【診療科目:0】山形県酒田市住吉町" }, "geometry": { "type": "Point", "coordinates": [ 139.83438, 38.928092 ] } },
{ "type": "Feature", "properties": { "ID": 62206621999, "正式名称": "医療法人いぶき会宝田整形外科クリニック　Ｌａ　Ｓａｎｔｅ　診療所", "機関区分": 2, "都道府県コード": 6, "市区町村コード": 203, "所在地": "山形県鶴岡市日枝字小真木原８８―１", "緯度": 38.711712, "経度": 139.0, "url": "https://www.iryou.teikyouseido.mhlw.go.jp/znk-web/juminkanja/S2430/initialize?prefCd=06&kikanCd=2206621999&kikanKbn=2", "url2": null, "内容": "医療法人いぶき会宝田整形外科クリニック　Ｌａ　Ｓａｎｔｅ　診療所【2:診療所】【診療科目:0】山形県鶴岡市日枝字小真木原８８―１" }, "geometry": { "type": "Point", "coordinates": [ 139.0, 38.711712 ] } },
{ "type": "Feature", "properties": { "ID": 62206622244, "正式名称": "ほんま内科胃腸科医院", "機関区分": 2, "都道府県コード": 6, "市区町村コード": 204, "所在地": "山形県酒田市光ケ丘", "緯度": 38.928535, "経度": 139.828673, "url": "https://www.iryou.teikyouseido.mhlw.go.jp/znk-web/juminkanja/S2430/initialize?prefCd=06&kikanCd=2206622244&kikanKbn=2", "url2": null, "内容": "ほんま内科胃腸科医院【2:診療所】【診療科目:0】山形県酒田市光ケ丘" }, "geometry": { "type": "Point", "coordinates": [ 139.828673, 38.928535 ] } },
{ "type": "Feature", "properties": { "ID": 62206622332, "正式名称": "日本海八幡クリニック", "機関区分": 2, "都道府県コード": 6, "市区町村コード": 204, "所在地": "山形県酒田市小泉字前田３７", "緯度": 38.9690445, "経度": 139.9358929, "url": "https://www.iryou.teikyouseido.mhlw.go.jp/znk-web/juminkanja/S2430/initialize?prefCd=06&kikanCd=2206622332&kikanKbn=2", "url2": null, "内容": "日本海八幡クリニック【2:診療所】【診療科目:0】山形県酒田市小泉字前田３７" }, "geometry": { "type": "Point", "coordinates": [ 139.9358929, 38.9690445 ] } },
{ "type": "Feature", "properties": { "ID": 62206622345, "正式名称": "地見興屋診療所", "機関区分": 2, "都道府県コード": 6, "市区町村コード": 204, "所在地": "山形県酒田市地見興屋字前割９番地の１", "緯度": 38.812138, "経度": 139.99576, "url": "https://www.iryou.teikyouseido.mhlw.go.jp/znk-web/juminkanja/S2430/initialize?prefCd=06&kikanCd=2206622345&kikanKbn=2", "url2": null, "内容": "地見興屋診療所【2:診療所】【診療科目:0】山形県酒田市地見興屋字前割９番地の１" }, "geometry": { "type": "Point", "coordinates": [ 139.99576, 38.812138 ] } },
{ "type": "Feature", "properties": { "ID": 62206622433, "正式名称": "高見台クリニック", "機関区分": 2, "都道府県コード": 6, "市区町村コード": 204, "所在地": "山形県酒田市高見台１−１３−１４", "緯度": 38.902971, "経度": 139.818926, "url": "https://www.iryou.teikyouseido.mhlw.go.jp/znk-web/juminkanja/S2430/initialize?prefCd=06&kikanCd=2206622433&kikanKbn=2", "url2": null, "内容": "高見台クリニック【2:診療所】【診療科目:0】山形県酒田市高見台１−１３−１４" }, "geometry": { "type": "Point", "coordinates": [ 139.818926, 38.902971 ] } },
{ "type": "Feature", "properties": { "ID": 62206622589, "正式名称": "耳鼻咽喉科たからだクリニック", "機関区分": 2, "都道府県コード": 6, "市区町村コード": 203, "所在地": "山形県鶴岡市北茅原町１－２１", "緯度": 38.755271, "経度": 139.843953, "url": "https://www.iryou.teikyouseido.mhlw.go.jp/znk-web/juminkanja/S2430/initialize?prefCd=06&kikanCd=2206622589&kikanKbn=2", "url2": "https://takarada-clinic.com/", "内容": "耳鼻咽喉科たからだクリニック【2:診療所】【診療科目:0】山形県鶴岡市北茅原町１－２１" }, "geometry": { "type": "Point", "coordinates": [ 139.843953, 38.755271 ] } },
{ "type": "Feature", "properties": { "ID": 62206622592, "正式名称": "しんばしクリニック", "機関区分": 2, "都道府県コード": 6, "市区町村コード": 204, "所在地": "山形県酒田市新橋３ー１ー３８", "緯度": 38.91641, "経度": 139.852886, "url": "https://www.iryou.teikyouseido.mhlw.go.jp/znk-web/juminkanja/S2430/initialize?prefCd=06&kikanCd=2206622592&kikanKbn=2", "url2": null, "内容": "しんばしクリニック【2:診療所】【診療科目:0】山形県酒田市新橋３ー１ー３８" }, "geometry": { "type": "Point", "coordinates": [ 139.852886, 38.91641 ] } },
{ "type": "Feature", "properties": { "ID": 62206622710, "正式名称": "谷川内科クリニック", "機関区分": 2, "都道府県コード": 6, "市区町村コード": 204, "所在地": "山形県酒田市千石町２－１１－２７", "緯度": 38.905061, "経度": 139.837493, "url": "https://www.iryou.teikyouseido.mhlw.go.jp/znk-web/juminkanja/S2430/initialize?prefCd=06&kikanCd=2206622710&kikanKbn=2", "url2": "https://www.tanigawanaika.com", "内容": "谷川内科クリニック【2:診療所】【診療科目:0】山形県酒田市千石町２－１１－２７" }, "geometry": { "type": "Point", "coordinates": [ 139.837493, 38.905061 ] } },
{ "type": "Feature", "properties": { "ID": 62206622837, "正式名称": "酒田駅前メンタルクリニック", "機関区分": 2, "都道府県コード": 6, "市区町村コード": 204, "所在地": "山形県酒田市幸町２－８－２０", "緯度": 38.92234, "経度": 139.844701, "url": "https://www.iryou.teikyouseido.mhlw.go.jp/znk-web/juminkanja/S2430/initialize?prefCd=06&kikanCd=2206622837&kikanKbn=2", "url2": "https://www.sakata-mental.com/", "内容": "酒田駅前メンタルクリニック【2:診療所】【診療科目:0】山形県酒田市幸町２－８－２０" }, "geometry": { "type": "Point", "coordinates": [ 139.844701, 38.92234 ] } },
{ "type": "Feature", "properties": { "ID": 62206623007, "正式名称": "みやはらクリニック", "機関区分": 2, "都道府県コード": 6, "市区町村コード": 203, "所在地": "山形県鶴岡市三和町１番５３号", "緯度": 38.72158, "経度": 139.829605, "url": "https://www.iryou.teikyouseido.mhlw.go.jp/znk-web/juminkanja/S2430/initialize?prefCd=06&kikanCd=2206623007&kikanKbn=2", "url2": "http://www.miyahara-hp.jp", "内容": "みやはらクリニック【2:診療所】【診療科目:0】山形県鶴岡市三和町１番５３号" }, "geometry": { "type": "Point", "coordinates": [ 139.829605, 38.72158 ] } },
{ "type": "Feature", "properties": { "ID": 62206623052, "正式名称": "オリーブこころのクリニック", "機関区分": 2, "都道府県コード": 6, "市区町村コード": 203, "所在地": "山形県鶴岡市日枝字小真木原１１６番２６", "緯度": 38.712246, "経度": 139.812569, "url": "https://www.iryou.teikyouseido.mhlw.go.jp/znk-web/juminkanja/S2430/initialize?prefCd=06&kikanCd=2206623052&kikanKbn=2", "url2": null, "内容": "オリーブこころのクリニック【2:診療所】【診療科目:0】山形県鶴岡市日枝字小真木原１１６番２６" }, "geometry": { "type": "Point", "coordinates": [ 139.812569, 38.712246 ] } },
{ "type": "Feature", "properties": { "ID": 62206623078, "正式名称": "もりむら皮ふ科クリニック", "機関区分": 2, "都道府県コード": 6, "市区町村コード": 203, "所在地": "山形県鶴岡市みどり町２９−２２", "緯度": 38.731876, "経度": 139.810342, "url": "https://www.iryou.teikyouseido.mhlw.go.jp/znk-web/juminkanja/S2430/initialize?prefCd=06&kikanCd=2206623078&kikanKbn=2", "url2": "https://morimura-hifuka.com/", "内容": "もりむら皮ふ科クリニック【2:診療所】【診療科目:0】山形県鶴岡市みどり町２９−２２" }, "geometry": { "type": "Point", "coordinates": [ 139.810342, 38.731876 ] } },
{ "type": "Feature", "properties": { "ID": 62206623153, "正式名称": "医療法人あい友会　あい庄内クリニック", "機関区分": 2, "都道府県コード": 6, "市区町村コード": 426, "所在地": "山形県東田川郡三川町大字青山字外川原２３４−１", "緯度": 38.790815, "経度": 139.840865, "url": "https://www.iryou.teikyouseido.mhlw.go.jp/znk-web/juminkanja/S2430/initialize?prefCd=06&kikanCd=2206623153&kikanKbn=2", "url2": null, "内容": "医療法人あい友会　あい庄内クリニック【2:診療所】【診療科目:0】山形県東田川郡三川町大字青山字外川原２３４−１" }, "geometry": { "type": "Point", "coordinates": [ 139.840865, 38.790815 ] } },
{ "type": "Feature", "properties": { "ID": 62206623195, "正式名称": "さとう耳鼻咽喉科医院", "機関区分": 2, "都道府県コード": 6, "市区町村コード": 203, "所在地": "山形県鶴岡市美咲町１８－１８", "緯度": 38.737185, "経度": 139.802142, "url": "https://www.iryou.teikyouseido.mhlw.go.jp/znk-web/juminkanja/S2430/initialize?prefCd=06&kikanCd=2206623195&kikanKbn=2", "url2": null, "内容": "さとう耳鼻咽喉科医院【2:診療所】【診療科目:0】山形県鶴岡市美咲町１８－１８" }, "geometry": { "type": "Point", "coordinates": [ 139.802142, 38.737185 ] } },
{ "type": "Feature", "properties": { "ID": 62206623544, "正式名称": "村山医院", "機関区分": 2, "都道府県コード": 6, "市区町村コード": 204, "所在地": "山形県酒田市東栄町７番１１号", "緯度": 38.913141, "経度": 139.847479, "url": "https://www.iryou.teikyouseido.mhlw.go.jp/znk-web/juminkanja/S2430/initialize?prefCd=06&kikanCd=2206623544&kikanKbn=2", "url2": "https://murayamacl.com", "内容": "村山医院【2:診療所】【診療科目:0】山形県酒田市東栄町７番１１号" }, "geometry": { "type": "Point", "coordinates": [ 139.847479, 38.913141 ] } },
{ "type": "Feature", "properties": { "ID": 62206623661, "正式名称": "上野ファミリークリニック", "機関区分": 2, "都道府県コード": 6, "市区町村コード": 203, "所在地": "山形県鶴岡市錦町１－３３", "緯度": 38.73891, "経度": 139.833324, "url": "https://www.iryou.teikyouseido.mhlw.go.jp/znk-web/juminkanja/S2430/initialize?prefCd=06&kikanCd=2206623661&kikanKbn=2", "url2": "https://ueno-family.com", "内容": "上野ファミリークリニック【2:診療所】【診療科目:0】山形県鶴岡市錦町１－３３" }, "geometry": { "type": "Point", "coordinates": [ 139.833324, 38.73891 ] } },
{ "type": "Feature", "properties": { "ID": 62206623717, "正式名称": "庄内プライベートクリニック", "機関区分": 2, "都道府県コード": 6, "市区町村コード": 204, "所在地": "山形県酒田市亀ヶ崎６丁目９番７号", "緯度": 38.897212, "経度": 139.846042, "url": "https://www.iryou.teikyouseido.mhlw.go.jp/znk-web/juminkanja/S2430/initialize?prefCd=06&kikanCd=2206623717&kikanKbn=2", "url2": "https://maruoka.or.jp", "内容": "庄内プライベートクリニック【2:診療所】【診療科目:0】山形県酒田市亀ヶ崎６丁目９番７号" }, "geometry": { "type": "Point", "coordinates": [ 139.846042, 38.897212 ] } },
{ "type": "Feature", "properties": { "ID": 62206623759, "正式名称": "島内科クリニック", "機関区分": 2, "都道府県コード": 6, "市区町村コード": 203, "所在地": "山形県鶴岡市本町１丁目８番１９", "緯度": 37.949123, "経度": 139.333952, "url": "https://www.iryou.teikyouseido.mhlw.go.jp/znk-web/juminkanja/S2430/initialize?prefCd=06&kikanCd=2206623759&kikanKbn=2", "url2": "https://shima-clinic.jp/", "内容": "島内科クリニック【2:診療所】【診療科目:0】山形県鶴岡市本町１丁目８番１９" }, "geometry": { "type": "Point", "coordinates": [ 139.333952, 37.949123 ] } },
{ "type": "Feature", "properties": { "ID": 62206623863, "正式名称": "やまの空クリニック", "機関区分": 2, "都道府県コード": 6, "市区町村コード": 203, "所在地": "山形県鶴岡市砂田町６－３７", "緯度": 38.733688, "経度": 139.803434, "url": "https://www.iryou.teikyouseido.mhlw.go.jp/znk-web/juminkanja/S2430/initialize?prefCd=06&kikanCd=2206623863&kikanKbn=2", "url2": null, "内容": "やまの空クリニック【2:診療所】【診療科目:0】山形県鶴岡市砂田町６－３７" }, "geometry": { "type": "Point", "coordinates": [ 139.803434, 38.733688 ] } },
{ "type": "Feature", "properties": { "ID": 62206624088, "正式名称": "奥山クリニック", "機関区分": 2, "都道府県コード": 6, "市区町村コード": 428, "所在地": "山形県東田川郡庄内町狩川字楯下３５－５", "緯度": 38.79191, "経度": 139.97617, "url": "https://www.iryou.teikyouseido.mhlw.go.jp/znk-web/juminkanja/S2430/initialize?prefCd=06&kikanCd=2206624088&kikanKbn=2", "url2": "https//okuyamaclinic.com", "内容": "奥山クリニック【2:診療所】【診療科目:0】山形県東田川郡庄内町狩川字楯下３５－５" }, "geometry": { "type": "Point", "coordinates": [ 139.97617, 38.79191 ] } },
{ "type": "Feature", "properties": { "ID": 62206624206, "正式名称": "ゆたかメンタルクリニック", "機関区分": 2, "都道府県コード": 6, "市区町村コード": 204, "所在地": "山形県酒田市ゆたか３－２－１４", "緯度": 38.93785, "経度": 139.848647, "url": "https://www.iryou.teikyouseido.mhlw.go.jp/znk-web/juminkanja/S2430/initialize?prefCd=06&kikanCd=2206624206&kikanKbn=2", "url2": "https://www.yutaka-mental-sakata.com/", "内容": "ゆたかメンタルクリニック【2:診療所】【診療科目:0】山形県酒田市ゆたか３－２－１４" }, "geometry": { "type": "Point", "coordinates": [ 139.848647, 38.93785 ] } },
{ "type": "Feature", "properties": { "ID": 62206624280, "正式名称": "眼科海野医院", "機関区分": 2, "都道府県コード": 6, "市区町村コード": 204, "所在地": "山形県酒田市相生町１丁目３番１９号", "緯度": 38.919732, "経度": 139.842713, "url": "https://www.iryou.teikyouseido.mhlw.go.jp/znk-web/juminkanja/S2430/initialize?prefCd=06&kikanCd=2206624280&kikanKbn=2", "url2": null, "内容": "眼科海野医院【2:診療所】【診療科目:0】山形県酒田市相生町１丁目３番１９号" }, "geometry": { "type": "Point", "coordinates": [ 139.842713, 38.919732 ] } }
]
}
