{
"type": "FeatureCollection",
"name": "geo_6_3",
"crs": { "type": "name", "properties": { "name": "urn:ogc:def:crs:OGC:1.3:CRS84" } },
"features": [
{ "type": "Feature", "properties": { "ID": 63306310027, "正式名称": "みはらしの丘デンタルクリニック", "機関区分": 3, "都道府県コード": 6, "市区町村コード": 201, "所在地": "山形県山形市みはらしの丘４－２－１５", "緯度": 38.184894, "経度": 140.286303, "url": "https://www.iryou.teikyouseido.mhlw.go.jp/znk-web/juminkanja/S2430/initialize?prefCd=06&kikanCd=306310027&kikanKbn=3", "url2": "https://www.miharashi-dental.com/", "内容": "みはらしの丘デンタルクリニック【3:歯科】山形県山形市みはらしの丘４－２－１５" }, "geometry": { "type": "Point", "coordinates": [ 140.286303, 38.184894 ] } },
{ "type": "Feature", "properties": { "ID": 63306310030, "正式名称": "鈴川リアデンタルクリニック", "機関区分": 3, "都道府県コード": 6, "市区町村コード": 201, "所在地": "山形県山形市五十鈴２ー２ー５５ー１", "緯度": 38.273973, "経度": 140.353082, "url": "https://www.iryou.teikyouseido.mhlw.go.jp/znk-web/juminkanja/S2430/initialize?prefCd=06&kikanCd=306310030&kikanKbn=3", "url2": "https://www.suzukawalia-dental-clinic.com/", "内容": "鈴川リアデンタルクリニック【3:歯科】山形県山形市五十鈴２ー２ー５５ー１" }, "geometry": { "type": "Point", "coordinates": [ 140.353082, 38.273973 ] } },
{ "type": "Feature", "properties": { "ID": 63306310043, "正式名称": "さとうデンタルクリニック", "機関区分": 3, "都道府県コード": 6, "市区町村コード": 201, "所在地": "山形県山形市桜田東", "緯度": 38.218455, "経度": 140.324816, "url": "https://www.iryou.teikyouseido.mhlw.go.jp/znk-web/juminkanja/S2430/initialize?prefCd=06&kikanCd=306310043&kikanKbn=3", "url2": "https://sato-dentalclinic.info", "内容": "さとうデンタルクリニック【3:歯科】山形県山形市桜田東" }, "geometry": { "type": "Point", "coordinates": [ 140.324816, 38.218455 ] } },
{ "type": "Feature", "properties": { "ID": 63306310056, "正式名称": "早坂歯科クリニック", "機関区分": 3, "都道府県コード": 6, "市区町村コード": 201, "所在地": "山形県山形市南原町一丁目３番１５号", "緯度": 38.240102, "経度": 140.344366, "url": "https://www.iryou.teikyouseido.mhlw.go.jp/znk-web/juminkanja/S2430/initialize?prefCd=06&kikanCd=306310056&kikanKbn=3", "url2": null, "内容": "早坂歯科クリニック【3:歯科】山形県山形市南原町一丁目３番１５号" }, "geometry": { "type": "Point", "coordinates": [ 140.344366, 38.240102 ] } },
{ "type": "Feature", "properties": { "ID": 63306310069, "正式名称": "かつき歯科クリニック", "機関区分": 3, "都道府県コード": 6, "市区町村コード": 201, "所在地": "山形県山形市馬見ケ崎２−１０−１４", "緯度": 38.28, "経度": 140.33, "url": "https://www.iryou.teikyouseido.mhlw.go.jp/znk-web/juminkanja/S2430/initialize?prefCd=06&kikanCd=306310069&kikanKbn=3", "url2": "https://www.katsuki-dc.com", "内容": "かつき歯科クリニック【3:歯科】山形県山形市馬見ケ崎２−１０−１４" }, "geometry": { "type": "Point", "coordinates": [ 140.33, 38.28 ] } },
{ "type": "Feature", "properties": { "ID": 63306310072, "正式名称": "ＹＧＴ矯正歯科クリニック", "機関区分": 3, "都道府県コード": 6, "市区町村コード": 201, "所在地": "山形県山形市錦町１２－２４", "緯度": 38.26007, "経度": 140.33543, "url": "https://www.iryou.teikyouseido.mhlw.go.jp/znk-web/juminkanja/S2430/initialize?prefCd=06&kikanCd=306310072&kikanKbn=3", "url2": "ygt-ortho.com", "内容": "ＹＧＴ矯正歯科クリニック【3:歯科】山形県山形市錦町１２－２４" }, "geometry": { "type": "Point", "coordinates": [ 140.33543, 38.26007 ] } },
{ "type": "Feature", "properties": { "ID": 63306310098, "正式名称": "まむろ歯科", "機関区分": 3, "都道府県コード": 6, "市区町村コード": 201, "所在地": "山形県山形市桧町３丁目８−１０", "緯度": 38.277872, "経度": 140.331025, "url": "https://www.iryou.teikyouseido.mhlw.go.jp/znk-web/juminkanja/S2430/initialize?prefCd=06&kikanCd=306310098&kikanKbn=3", "url2": "https://www.mamuro-dental.com", "内容": "まむろ歯科【3:歯科】山形県山形市桧町３丁目８−１０" }, "geometry": { "type": "Point", "coordinates": [ 140.331025, 38.277872 ] } },
{ "type": "Feature", "properties": { "ID": 63306310102, "正式名称": "医療法人社団青嵐会ごとう歯科・矯正歯科クリニック", "機関区分": 3, "都道府県コード": 6, "市区町村コード": 201, "所在地": "山形県山形市旅篭町３ー３ー４５", "緯度": 38.25753, "経度": 140.34138, "url": "https://www.iryou.teikyouseido.mhlw.go.jp/znk-web/juminkanja/S2430/initialize?prefCd=06&kikanCd=306310102&kikanKbn=3", "url2": "http://goto-smile.com", "内容": "医療法人社団青嵐会ごとう歯科・矯正歯科クリニック【3:歯科】山形県山形市旅篭町３ー３ー４５" }, "geometry": { "type": "Point", "coordinates": [ 140.34138, 38.25753 ] } },
{ "type": "Feature", "properties": { "ID": 63306310115, "正式名称": "ファミリー歯科原医院", "機関区分": 3, "都道府県コード": 6, "市区町村コード": 201, "所在地": "山形県山形市十日町２－１－２０", "緯度": 38.246674, "経度": 140.33648, "url": "https://www.iryou.teikyouseido.mhlw.go.jp/znk-web/juminkanja/S2430/initialize?prefCd=06&kikanCd=306310115&kikanKbn=3", "url2": null, "内容": "ファミリー歯科原医院【3:歯科】山形県山形市十日町２－１－２０" }, "geometry": { "type": "Point", "coordinates": [ 140.33648, 38.246674 ] } },
{ "type": "Feature", "properties": { "ID": 63306310128, "正式名称": "よひら歯科松見町", "機関区分": 3, "都道府県コード": 6, "市区町村コード": 201, "所在地": "山形県山形市松見町１７−２０", "緯度": 38.232107, "経度": 140.339507, "url": "https://www.iryou.teikyouseido.mhlw.go.jp/znk-web/juminkanja/S2430/initialize?prefCd=06&kikanCd=306310128&kikanKbn=3", "url2": "www.yohira.info", "内容": "よひら歯科松見町【3:歯科】山形県山形市松見町１７−２０" }, "geometry": { "type": "Point", "coordinates": [ 140.339507, 38.232107 ] } },
{ "type": "Feature", "properties": { "ID": 63306310131, "正式名称": "スピカデンタルクリニック", "機関区分": 3, "都道府県コード": 6, "市区町村コード": 201, "所在地": "山形県山形市上町三丁目１１番７号", "緯度": 38.240946, "経度": 140.3198, "url": "https://www.iryou.teikyouseido.mhlw.go.jp/znk-web/juminkanja/S2430/initialize?prefCd=06&kikanCd=306310131&kikanKbn=3", "url2": "https://sojukai-dc.com/", "内容": "スピカデンタルクリニック【3:歯科】山形県山形市上町三丁目１１番７号" }, "geometry": { "type": "Point", "coordinates": [ 140.3198, 38.240946 ] } },
{ "type": "Feature", "properties": { "ID": 63306310144, "正式名称": "医療法人池野歯科医院", "機関区分": 3, "都道府県コード": 6, "市区町村コード": 201, "所在地": "山形県山形市千歳１−１６−４１", "緯度": 38.281498, "経度": 140.341785, "url": "https://www.iryou.teikyouseido.mhlw.go.jp/znk-web/juminkanja/S2430/initialize?prefCd=06&kikanCd=306310144&kikanKbn=3", "url2": "https://ikenodental.com", "内容": "医療法人池野歯科医院【3:歯科】山形県山形市千歳１−１６−４１" }, "geometry": { "type": "Point", "coordinates": [ 140.341785, 38.281498 ] } },
{ "type": "Feature", "properties": { "ID": 63306310157, "正式名称": "さとう歯科医院", "機関区分": 3, "都道府県コード": 6, "市区町村コード": 201, "所在地": "山形県山形市十日町３－１０－２８", "緯度": 38.242317, "経度": 140.333873, "url": "https://www.iryou.teikyouseido.mhlw.go.jp/znk-web/juminkanja/S2430/initialize?prefCd=06&kikanCd=306310157&kikanKbn=3", "url2": null, "内容": "さとう歯科医院【3:歯科】山形県山形市十日町３－１０－２８" }, "geometry": { "type": "Point", "coordinates": [ 140.333873, 38.242317 ] } },
{ "type": "Feature", "properties": { "ID": 63306310160, "正式名称": "江俣ささはら歯科クリニック", "機関区分": 3, "都道府県コード": 6, "市区町村コード": 201, "所在地": "山形県山形市江俣３ー１８ー２１", "緯度": 38.277498, "経度": 140.319433, "url": "https://www.iryou.teikyouseido.mhlw.go.jp/znk-web/juminkanja/S2430/initialize?prefCd=06&kikanCd=306310160&kikanKbn=3", "url2": null, "内容": "江俣ささはら歯科クリニック【3:歯科】山形県山形市江俣３ー１８ー２１" }, "geometry": { "type": "Point", "coordinates": [ 140.319433, 38.277498 ] } },
{ "type": "Feature", "properties": { "ID": 63306310173, "正式名称": "クリスタルデンタルオフィス山形", "機関区分": 3, "都道府県コード": 6, "市区町村コード": 201, "所在地": "山形県山形市香澄町２−２−４１柿崎ビル５階", "緯度": 38.247425, "経度": 140.33006, "url": "https://www.iryou.teikyouseido.mhlw.go.jp/znk-web/juminkanja/S2430/initialize?prefCd=06&kikanCd=306310173&kikanKbn=3", "url2": null, "内容": "クリスタルデンタルオフィス山形【3:歯科】山形県山形市香澄町２−２−４１柿崎ビル５階" }, "geometry": { "type": "Point", "coordinates": [ 140.33006, 38.247425 ] } },
{ "type": "Feature", "properties": { "ID": 63306310186, "正式名称": "七中前いとう歯科クリニック", "機関区分": 3, "都道府県コード": 6, "市区町村コード": 201, "所在地": "山形県山形市天神町１６５", "緯度": 38.30885, "経度": 140.32498, "url": "https://www.iryou.teikyouseido.mhlw.go.jp/znk-web/juminkanja/S2430/initialize?prefCd=06&kikanCd=306310186&kikanKbn=3", "url2": "https://www.dental-7chumae.com", "内容": "七中前いとう歯科クリニック【3:歯科】山形県山形市天神町１６５" }, "geometry": { "type": "Point", "coordinates": [ 140.32498, 38.30885 ] } },
{ "type": "Feature", "properties": { "ID": 63306310199, "正式名称": "すずき歯科", "機関区分": 3, "都道府県コード": 6, "市区町村コード": 201, "所在地": "山形県山形市城北町２－２－１６", "緯度": 38.259781, "経度": 140.331476, "url": "https://www.iryou.teikyouseido.mhlw.go.jp/znk-web/juminkanja/S2430/initialize?prefCd=06&kikanCd=306310199&kikanKbn=3", "url2": "http://www.suzuki-shika.jp/", "内容": "すずき歯科【3:歯科】山形県山形市城北町２－２－１６" }, "geometry": { "type": "Point", "coordinates": [ 140.331476, 38.259781 ] } },
{ "type": "Feature", "properties": { "ID": 63306310203, "正式名称": "しもやま歯科医院", "機関区分": 3, "都道府県コード": 6, "市区町村コード": 201, "所在地": "山形県山形市大字青柳字北柳１５６９－３", "緯度": 38.300779, "経度": 140.349209, "url": "https://www.iryou.teikyouseido.mhlw.go.jp/znk-web/juminkanja/S2430/initialize?prefCd=06&kikanCd=306310203&kikanKbn=3", "url2": "https://www.shimoyama-dental-clinic.com/", "内容": "しもやま歯科医院【3:歯科】山形県山形市大字青柳字北柳１５６９－３" }, "geometry": { "type": "Point", "coordinates": [ 140.349209, 38.300779 ] } },
{ "type": "Feature", "properties": { "ID": 63306310216, "正式名称": "モンテディオオーラルケアクリニック", "機関区分": 3, "都道府県コード": 6, "市区町村コード": 201, "所在地": "山形県山形市幸町２−９ダイワロイネットホテル２Ｆ", "緯度": 38.247593, "経度": 140.32816, "url": "https://www.iryou.teikyouseido.mhlw.go.jp/znk-web/juminkanja/S2430/initialize?prefCd=06&kikanCd=306310216&kikanKbn=3", "url2": "https://yamagata-montedio.oral-care.clinic/", "内容": "モンテディオオーラルケアクリニック【3:歯科】山形県山形市幸町２−９ダイワロイネットホテル２Ｆ" }, "geometry": { "type": "Point", "coordinates": [ 140.32816, 38.247593 ] } },
{ "type": "Feature", "properties": { "ID": 63306510032, "正式名称": "五十嵐歯科医院", "機関区分": 3, "都道府県コード": 6, "市区町村コード": 201, "所在地": "山形県山形市本町１－７－３１", "緯度": 38.251339, "経度": 140.337863, "url": "https://www.iryou.teikyouseido.mhlw.go.jp/znk-web/juminkanja/S2430/initialize?prefCd=06&kikanCd=306510032&kikanKbn=3", "url2": null, "内容": "五十嵐歯科医院【3:歯科】山形県山形市本町１－７－３１" }, "geometry": { "type": "Point", "coordinates": [ 140.337863, 38.251339 ] } },
{ "type": "Feature", "properties": { "ID": 63306510120, "正式名称": "小林歯科医院", "機関区分": 3, "都道府県コード": 6, "市区町村コード": 201, "所在地": "山形県山形市七日町１－４－５９", "緯度": 38.253883, "経度": 140.337627, "url": "https://www.iryou.teikyouseido.mhlw.go.jp/znk-web/juminkanja/S2430/initialize?prefCd=06&kikanCd=306510120&kikanKbn=3", "url2": null, "内容": "小林歯科医院【3:歯科】山形県山形市七日町１－４－５９" }, "geometry": { "type": "Point", "coordinates": [ 140.337627, 38.253883 ] } },
{ "type": "Feature", "properties": { "ID": 63306510133, "正式名称": "小松歯科医院", "機関区分": 3, "都道府県コード": 6, "市区町村コード": 201, "所在地": "山形県山形市あこや町３－９－１０", "緯度": 38.238722, "経度": 140.353393, "url": "https://www.iryou.teikyouseido.mhlw.go.jp/znk-web/juminkanja/S2430/initialize?prefCd=06&kikanCd=306510133&kikanKbn=3", "url2": null, "内容": "小松歯科医院【3:歯科】山形県山形市あこや町３－９－１０" }, "geometry": { "type": "Point", "coordinates": [ 140.353393, 38.238722 ] } },
{ "type": "Feature", "properties": { "ID": 63306510146, "正式名称": "今野歯科医院", "機関区分": 3, "都道府県コード": 6, "市区町村コード": 201, "所在地": "山形県山形市北山形１丁目２ー１５", "緯度": 38.263115, "経度": 140.332116, "url": "https://www.iryou.teikyouseido.mhlw.go.jp/znk-web/juminkanja/S2430/initialize?prefCd=06&kikanCd=306510146&kikanKbn=3", "url2": null, "内容": "今野歯科医院【3:歯科】山形県山形市北山形１丁目２ー１５" }, "geometry": { "type": "Point", "coordinates": [ 140.332116, 38.263115 ] } },
{ "type": "Feature", "properties": { "ID": 63306510159, "正式名称": "後藤歯科医院", "機関区分": 3, "都道府県コード": 6, "市区町村コード": 201, "所在地": "山形県山形市緑町１−７−９", "緯度": 38.256714, "経度": 140.343787, "url": "https://www.iryou.teikyouseido.mhlw.go.jp/znk-web/juminkanja/S2430/initialize?prefCd=06&kikanCd=306510159&kikanKbn=3", "url2": null, "内容": "後藤歯科医院【3:歯科】山形県山形市緑町１−７−９" }, "geometry": { "type": "Point", "coordinates": [ 140.343787, 38.256714 ] } },
{ "type": "Feature", "properties": { "ID": 63306510188, "正式名称": "さとう歯科クリニック", "機関区分": 3, "都道府県コード": 6, "市区町村コード": 201, "所在地": "山形県山形市城西町２－１－５", "緯度": 38.252953, "経度": 140.322112, "url": "https://www.iryou.teikyouseido.mhlw.go.jp/znk-web/juminkanja/S2430/initialize?prefCd=06&kikanCd=306510188&kikanKbn=3", "url2": "http://www.mushibaikin.jp/", "内容": "さとう歯科クリニック【3:歯科】山形県山形市城西町２－１－５" }, "geometry": { "type": "Point", "coordinates": [ 140.322112, 38.252953 ] } },
{ "type": "Feature", "properties": { "ID": 63306510191, "正式名称": "医療法人社団坂田歯科医院", "機関区分": 3, "都道府県コード": 6, "市区町村コード": 201, "所在地": "山形県山形市小姓町", "緯度": 38.246823, "経度": 140.340849, "url": "https://www.iryou.teikyouseido.mhlw.go.jp/znk-web/juminkanja/S2430/initialize?prefCd=06&kikanCd=306510191&kikanKbn=3", "url2": null, "内容": "医療法人社団坂田歯科医院【3:歯科】山形県山形市小姓町" }, "geometry": { "type": "Point", "coordinates": [ 140.340849, 38.246823 ] } },
{ "type": "Feature", "properties": { "ID": 63306510289, "正式名称": "永田歯科医院", "機関区分": 3, "都道府県コード": 6, "市区町村コード": 201, "所在地": "山形県山形市松原３０３－１０", "緯度": 38.205729, "経度": 140.306865, "url": "https://www.iryou.teikyouseido.mhlw.go.jp/znk-web/juminkanja/S2430/initialize?prefCd=06&kikanCd=306510289&kikanKbn=3", "url2": null, "内容": "永田歯科医院【3:歯科】山形県山形市松原３０３－１０" }, "geometry": { "type": "Point", "coordinates": [ 140.306865, 38.205729 ] } },
{ "type": "Feature", "properties": { "ID": 63306510452, "正式名称": "橋本歯科医院", "機関区分": 3, "都道府県コード": 6, "市区町村コード": 201, "所在地": "山形県山形市六日町", "緯度": 38.260272, "経度": 140.34326, "url": "https://www.iryou.teikyouseido.mhlw.go.jp/znk-web/juminkanja/S2430/initialize?prefCd=06&kikanCd=306510452&kikanKbn=3", "url2": "https://itp.ne.jp/info/069060920160660960/", "内容": "橋本歯科医院【3:歯科】山形県山形市六日町" }, "geometry": { "type": "Point", "coordinates": [ 140.34326, 38.260272 ] } },
{ "type": "Feature", "properties": { "ID": 63306510478, "正式名称": "小林歯科診療所", "機関区分": 3, "都道府県コード": 6, "市区町村コード": 201, "所在地": "山形県山形市十日町３ー２ー４５", "緯度": 38.245115, "経度": 140.336544, "url": "https://www.iryou.teikyouseido.mhlw.go.jp/znk-web/juminkanja/S2430/initialize?prefCd=06&kikanCd=306510478&kikanKbn=3", "url2": null, "内容": "小林歯科診療所【3:歯科】山形県山形市十日町３ー２ー４５" }, "geometry": { "type": "Point", "coordinates": [ 140.336544, 38.245115 ] } },
{ "type": "Feature", "properties": { "ID": 63306510508, "正式名称": "医療法人ＥＰ会結城歯科医院", "機関区分": 3, "都道府県コード": 6, "市区町村コード": 201, "所在地": "山形県山形市久保田３－７－２８", "緯度": 38.24695, "経度": 140.314138, "url": "https://www.iryou.teikyouseido.mhlw.go.jp/znk-web/juminkanja/S2430/initialize?prefCd=06&kikanCd=306510508&kikanKbn=3", "url2": "http://www.yuhki-dent.com", "内容": "医療法人ＥＰ会結城歯科医院【3:歯科】山形県山形市久保田３－７－２８" }, "geometry": { "type": "Point", "coordinates": [ 140.314138, 38.24695 ] } },
{ "type": "Feature", "properties": { "ID": 63306510524, "正式名称": "牧野歯科医院", "機関区分": 3, "都道府県コード": 6, "市区町村コード": 201, "所在地": "山形県山形市五日町７番１０号", "緯度": 38.244859, "経度": 140.321604, "url": "https://www.iryou.teikyouseido.mhlw.go.jp/znk-web/juminkanja/S2430/initialize?prefCd=06&kikanCd=306510524&kikanKbn=3", "url2": "http://www.makino-do.com/", "内容": "牧野歯科医院【3:歯科】山形県山形市五日町７番１０号" }, "geometry": { "type": "Point", "coordinates": [ 140.321604, 38.244859 ] } },
{ "type": "Feature", "properties": { "ID": 63306510595, "正式名称": "笹原歯科医院", "機関区分": 3, "都道府県コード": 6, "市区町村コード": 201, "所在地": "山形県山形市五十鈴３‐９‐２３", "緯度": 38.274954, "経度": 140.357161, "url": "https://www.iryou.teikyouseido.mhlw.go.jp/znk-web/juminkanja/S2430/initialize?prefCd=06&kikanCd=306510595&kikanKbn=3", "url2": null, "内容": "笹原歯科医院【3:歯科】山形県山形市五十鈴３‐９‐２３" }, "geometry": { "type": "Point", "coordinates": [ 140.357161, 38.274954 ] } },
{ "type": "Feature", "properties": { "ID": 63306510609, "正式名称": "穂積歯科医院", "機関区分": 3, "都道府県コード": 6, "市区町村コード": 201, "所在地": "山形県山形市香澄町２－８－２１", "緯度": 38.248198, "経度": 140.333059, "url": "https://www.iryou.teikyouseido.mhlw.go.jp/znk-web/juminkanja/S2430/initialize?prefCd=06&kikanCd=306510609&kikanKbn=3", "url2": null, "内容": "穂積歯科医院【3:歯科】山形県山形市香澄町２－８－２１" }, "geometry": { "type": "Point", "coordinates": [ 140.333059, 38.248198 ] } },
{ "type": "Feature", "properties": { "ID": 63306510612, "正式名称": "ごとうファミリー歯科", "機関区分": 3, "都道府県コード": 6, "市区町村コード": 201, "所在地": "山形県山形市上町一丁目１３番１１号", "緯度": 38.242176, "経度": 140.31856, "url": "https://www.iryou.teikyouseido.mhlw.go.jp/znk-web/juminkanja/S2430/initialize?prefCd=06&kikanCd=306510612&kikanKbn=3", "url2": null, "内容": "ごとうファミリー歯科【3:歯科】山形県山形市上町一丁目１３番１１号" }, "geometry": { "type": "Point", "coordinates": [ 140.31856, 38.242176 ] } },
{ "type": "Feature", "properties": { "ID": 63306510667, "正式名称": "橋本歯科医院", "機関区分": 3, "都道府県コード": 6, "市区町村コード": 201, "所在地": "山形県山形市あさひ町７−２１", "緯度": 38.242071, "経度": 140.36112, "url": "https://www.iryou.teikyouseido.mhlw.go.jp/znk-web/juminkanja/S2430/initialize?prefCd=06&kikanCd=306510667&kikanKbn=3", "url2": null, "内容": "橋本歯科医院【3:歯科】山形県山形市あさひ町７−２１" }, "geometry": { "type": "Point", "coordinates": [ 140.36112, 38.242071 ] } },
{ "type": "Feature", "properties": { "ID": 63306510670, "正式名称": "森谷歯科医院", "機関区分": 3, "都道府県コード": 6, "市区町村コード": 201, "所在地": "山形県山形市南四番町２−１２", "緯度": 38.234946, "経度": 140.326015, "url": "https://www.iryou.teikyouseido.mhlw.go.jp/znk-web/juminkanja/S2430/initialize?prefCd=06&kikanCd=306510670&kikanKbn=3", "url2": null, "内容": "森谷歯科医院【3:歯科】山形県山形市南四番町２−１２" }, "geometry": { "type": "Point", "coordinates": [ 140.326015, 38.234946 ] } },
{ "type": "Feature", "properties": { "ID": 63306510726, "正式名称": "逸見歯科口腔外科クリニック", "機関区分": 3, "都道府県コード": 6, "市区町村コード": 201, "所在地": "山形県山形市清住町１−２−３１", "緯度": 38.254727, "経度": 140.315296, "url": "https://www.iryou.teikyouseido.mhlw.go.jp/znk-web/juminkanja/S2430/initialize?prefCd=06&kikanCd=306510726&kikanKbn=3", "url2": "http://www.hemmi-dental-clinic.com", "内容": "逸見歯科口腔外科クリニック【3:歯科】山形県山形市清住町１−２−３１" }, "geometry": { "type": "Point", "coordinates": [ 140.315296, 38.254727 ] } },
{ "type": "Feature", "properties": { "ID": 63306510801, "正式名称": "太田歯科医院", "機関区分": 3, "都道府県コード": 6, "市区町村コード": 201, "所在地": "山形県山形市深町２－４－１４－２", "緯度": 38.23359, "経度": 140.315027, "url": "https://www.iryou.teikyouseido.mhlw.go.jp/znk-web/juminkanja/S2430/initialize?prefCd=06&kikanCd=306510801&kikanKbn=3", "url2": null, "内容": "太田歯科医院【3:歯科】山形県山形市深町２－４－１４－２" }, "geometry": { "type": "Point", "coordinates": [ 140.315027, 38.23359 ] } },
{ "type": "Feature", "properties": { "ID": 63306510830, "正式名称": "安田歯科医院", "機関区分": 3, "都道府県コード": 6, "市区町村コード": 201, "所在地": "山形県山形市青田１－１－１５", "緯度": 38.225894, "経度": 140.328318, "url": "https://www.iryou.teikyouseido.mhlw.go.jp/znk-web/juminkanja/S2430/initialize?prefCd=06&kikanCd=306510830&kikanKbn=3", "url2": "http://www.geocities.jp/yasuda_dc/index.htm", "内容": "安田歯科医院【3:歯科】山形県山形市青田１－１－１５" }, "geometry": { "type": "Point", "coordinates": [ 140.328318, 38.225894 ] } },
{ "type": "Feature", "properties": { "ID": 63306510885, "正式名称": "医療法人社団　坂下歯科医院", "機関区分": 3, "都道府県コード": 6, "市区町村コード": 201, "所在地": "山形県山形市南原町３－３－１", "緯度": 38.233713, "経度": 140.341063, "url": "https://www.iryou.teikyouseido.mhlw.go.jp/znk-web/juminkanja/S2430/initialize?prefCd=06&kikanCd=306510885&kikanKbn=3", "url2": "http://www.418888.jp", "内容": "医療法人社団　坂下歯科医院【3:歯科】山形県山形市南原町３－３－１" }, "geometry": { "type": "Point", "coordinates": [ 140.341063, 38.233713 ] } },
{ "type": "Feature", "properties": { "ID": 63306510944, "正式名称": "小池歯科医院", "機関区分": 3, "都道府県コード": 6, "市区町村コード": 207, "所在地": "山形県上山市沢丁９－８", "緯度": 38.155864, "経度": 140.273965, "url": "https://www.iryou.teikyouseido.mhlw.go.jp/znk-web/juminkanja/S2430/initialize?prefCd=06&kikanCd=306510944&kikanKbn=3", "url2": null, "内容": "小池歯科医院【3:歯科】山形県上山市沢丁９－８" }, "geometry": { "type": "Point", "coordinates": [ 140.273965, 38.155864 ] } },
{ "type": "Feature", "properties": { "ID": 63306510973, "正式名称": "矢口歯科医院", "機関区分": 3, "都道府県コード": 6, "市区町村コード": 207, "所在地": "山形県上山市鶴脛町１－９－１５", "緯度": 38.160714, "経度": 140.274234, "url": "https://www.iryou.teikyouseido.mhlw.go.jp/znk-web/juminkanja/S2430/initialize?prefCd=06&kikanCd=306510973&kikanKbn=3", "url2": null, "内容": "矢口歯科医院【3:歯科】山形県上山市鶴脛町１－９－１５" }, "geometry": { "type": "Point", "coordinates": [ 140.274234, 38.160714 ] } },
{ "type": "Feature", "properties": { "ID": 63306511000, "正式名称": "大河原歯科医院", "機関区分": 3, "都道府県コード": 6, "市区町村コード": 210, "所在地": "山形県天童市老野森", "緯度": 38.364517, "経度": 140.37335, "url": "https://www.iryou.teikyouseido.mhlw.go.jp/znk-web/juminkanja/S2430/initialize?prefCd=06&kikanCd=306511000&kikanKbn=3", "url2": null, "内容": "大河原歯科医院【3:歯科】山形県天童市老野森" }, "geometry": { "type": "Point", "coordinates": [ 140.37335, 38.364517 ] } },
{ "type": "Feature", "properties": { "ID": 63306511071, "正式名称": "愛歯医院", "機関区分": 3, "都道府県コード": 6, "市区町村コード": 210, "所在地": "山形県天童市東本町３－６－３３", "緯度": 38.357443, "経度": 140.378219, "url": "https://www.iryou.teikyouseido.mhlw.go.jp/znk-web/juminkanja/S2430/initialize?prefCd=06&kikanCd=306511071&kikanKbn=3", "url2": "http://aishi.dental-net.jp/", "内容": "愛歯医院【3:歯科】山形県天童市東本町３－６－３３" }, "geometry": { "type": "Point", "coordinates": [ 140.378219, 38.357443 ] } },
{ "type": "Feature", "properties": { "ID": 63306511156, "正式名称": "武田歯科医院", "機関区分": 3, "都道府県コード": 6, "市区町村コード": 301, "所在地": "山形県東村山郡山辺町北垣２", "緯度": 38.30536, "経度": 140.260197, "url": "https://www.iryou.teikyouseido.mhlw.go.jp/znk-web/juminkanja/S2430/initialize?prefCd=06&kikanCd=306511156&kikanKbn=3", "url2": null, "内容": "武田歯科医院【3:歯科】山形県東村山郡山辺町北垣２" }, "geometry": { "type": "Point", "coordinates": [ 140.260197, 38.30536 ] } },
{ "type": "Feature", "properties": { "ID": 63306511202, "正式名称": "安達歯科医院", "機関区分": 3, "都道府県コード": 6, "市区町村コード": 302, "所在地": "山形県東村山郡中山町長崎３００５", "緯度": 38.330528, "経度": 140.280782, "url": "https://www.iryou.teikyouseido.mhlw.go.jp/znk-web/juminkanja/S2430/initialize?prefCd=06&kikanCd=306511202&kikanKbn=3", "url2": null, "内容": "安達歯科医院【3:歯科】山形県東村山郡中山町長崎３００５" }, "geometry": { "type": "Point", "coordinates": [ 140.280782, 38.330528 ] } },
{ "type": "Feature", "properties": { "ID": 63306511215, "正式名称": "伊藤歯科医院", "機関区分": 3, "都道府県コード": 6, "市区町村コード": 201, "所在地": "山形県山形市宮町五丁目１０－４２", "緯度": 38.263224, "経度": 140.338638, "url": "https://www.iryou.teikyouseido.mhlw.go.jp/znk-web/juminkanja/S2430/initialize?prefCd=06&kikanCd=306511215&kikanKbn=3", "url2": null, "内容": "伊藤歯科医院【3:歯科】山形県山形市宮町五丁目１０－４２" }, "geometry": { "type": "Point", "coordinates": [ 140.338638, 38.263224 ] } },
{ "type": "Feature", "properties": { "ID": 63306511228, "正式名称": "阿部歯科医院", "機関区分": 3, "都道府県コード": 6, "市区町村コード": 210, "所在地": "山形県天童市小関", "緯度": 38.366158, "経度": 140.366712, "url": "https://www.iryou.teikyouseido.mhlw.go.jp/znk-web/juminkanja/S2430/initialize?prefCd=06&kikanCd=306511228&kikanKbn=3", "url2": null, "内容": "阿部歯科医院【3:歯科】山形県天童市小関" }, "geometry": { "type": "Point", "coordinates": [ 140.366712, 38.366158 ] } },
{ "type": "Feature", "properties": { "ID": 63306511299, "正式名称": "小関歯科医院", "機関区分": 3, "都道府県コード": 6, "市区町村コード": 201, "所在地": "山形県山形市本町２−３−３２", "緯度": 38.250898, "経度": 140.340885, "url": "https://www.iryou.teikyouseido.mhlw.go.jp/znk-web/juminkanja/S2430/initialize?prefCd=06&kikanCd=306511299&kikanKbn=3", "url2": "https://dental-koseki.jp/", "内容": "小関歯科医院【3:歯科】山形県山形市本町２−３−３２" }, "geometry": { "type": "Point", "coordinates": [ 140.340885, 38.250898 ] } },
{ "type": "Feature", "properties": { "ID": 63306511361, "正式名称": "加藤歯科医院", "機関区分": 3, "都道府県コード": 6, "市区町村コード": 201, "所在地": "山形県山形市花楯１－２１－３", "緯度": 38.270084, "経度": 140.353947, "url": "https://www.iryou.teikyouseido.mhlw.go.jp/znk-web/juminkanja/S2430/initialize?prefCd=06&kikanCd=306511361&kikanKbn=3", "url2": null, "内容": "加藤歯科医院【3:歯科】山形県山形市花楯１－２１－３" }, "geometry": { "type": "Point", "coordinates": [ 140.353947, 38.270084 ] } },
{ "type": "Feature", "properties": { "ID": 63306511374, "正式名称": "桜田斎藤歯科医院", "機関区分": 3, "都道府県コード": 6, "市区町村コード": 201, "所在地": "山形県山形市桜田東４－８－４１", "緯度": 38.219172, "経度": 140.324274, "url": "https://www.iryou.teikyouseido.mhlw.go.jp/znk-web/juminkanja/S2430/initialize?prefCd=06&kikanCd=306511374&kikanKbn=3", "url2": null, "内容": "桜田斎藤歯科医院【3:歯科】山形県山形市桜田東４－８－４１" }, "geometry": { "type": "Point", "coordinates": [ 140.324274, 38.219172 ] } },
{ "type": "Feature", "properties": { "ID": 63306511390, "正式名称": "佐々木歯科医院", "機関区分": 3, "都道府県コード": 6, "市区町村コード": 201, "所在地": "山形県山形市松原１３７−１３", "緯度": 38.203601, "経度": 140.305804, "url": "https://www.iryou.teikyouseido.mhlw.go.jp/znk-web/juminkanja/S2430/initialize?prefCd=06&kikanCd=306511390&kikanKbn=3", "url2": "https://www.iiha-sasaki.jp/", "内容": "佐々木歯科医院【3:歯科】山形県山形市松原１３７−１３" }, "geometry": { "type": "Point", "coordinates": [ 140.305804, 38.203601 ] } },
{ "type": "Feature", "properties": { "ID": 63306511404, "正式名称": "冨田歯科医院", "機関区分": 3, "都道府県コード": 6, "市区町村コード": 201, "所在地": "山形県山形市西見田１番地", "緯度": 38.256618, "経度": 140.293973, "url": "https://www.iryou.teikyouseido.mhlw.go.jp/znk-web/juminkanja/S2430/initialize?prefCd=06&kikanCd=306511404&kikanKbn=3", "url2": null, "内容": "冨田歯科医院【3:歯科】山形県山形市西見田１番地" }, "geometry": { "type": "Point", "coordinates": [ 140.293973, 38.256618 ] } },
{ "type": "Feature", "properties": { "ID": 63306511417, "正式名称": "橋本歯科医院", "機関区分": 3, "都道府県コード": 6, "市区町村コード": 201, "所在地": "山形県山形市宮町４−２４−１２", "緯度": 38.269582, "経度": 140.338754, "url": "https://www.iryou.teikyouseido.mhlw.go.jp/znk-web/juminkanja/S2430/initialize?prefCd=06&kikanCd=306511417&kikanKbn=3", "url2": null, "内容": "橋本歯科医院【3:歯科】山形県山形市宮町４−２４−１２" }, "geometry": { "type": "Point", "coordinates": [ 140.338754, 38.269582 ] } },
{ "type": "Feature", "properties": { "ID": 63306511420, "正式名称": "ホワイト歯科医院", "機関区分": 3, "都道府県コード": 6, "市区町村コード": 201, "所在地": "山形県山形市桜田西２－７－１９", "緯度": 38.219222, "経度": 140.314961, "url": "https://www.iryou.teikyouseido.mhlw.go.jp/znk-web/juminkanja/S2430/initialize?prefCd=06&kikanCd=306511420&kikanKbn=3", "url2": null, "内容": "ホワイト歯科医院【3:歯科】山形県山形市桜田西２－７－１９" }, "geometry": { "type": "Point", "coordinates": [ 140.314961, 38.219222 ] } },
{ "type": "Feature", "properties": { "ID": 63306511446, "正式名称": "石崎歯科クリニック", "機関区分": 3, "都道府県コード": 6, "市区町村コード": 207, "所在地": "山形県上山市石崎１－７－６４", "緯度": 38.15151, "経度": 140.270763, "url": "https://www.iryou.teikyouseido.mhlw.go.jp/znk-web/juminkanja/S2430/initialize?prefCd=06&kikanCd=306511446&kikanKbn=3", "url2": null, "内容": "石崎歯科クリニック【3:歯科】山形県上山市石崎１－７－６４" }, "geometry": { "type": "Point", "coordinates": [ 140.270763, 38.15151 ] } },
{ "type": "Feature", "properties": { "ID": 63306511505, "正式名称": "藤原歯科医院", "機関区分": 3, "都道府県コード": 6, "市区町村コード": 201, "所在地": "山形県山形市松波４－５－１９", "緯度": 38.239161, "経度": 140.36593, "url": "https://www.iryou.teikyouseido.mhlw.go.jp/znk-web/juminkanja/S2430/initialize?prefCd=06&kikanCd=306511505&kikanKbn=3", "url2": null, "内容": "藤原歯科医院【3:歯科】山形県山形市松波４－５－１９" }, "geometry": { "type": "Point", "coordinates": [ 140.36593, 38.239161 ] } },
{ "type": "Feature", "properties": { "ID": 63306511521, "正式名称": "医療法人豊田会　本町歯科診療所", "機関区分": 3, "都道府県コード": 6, "市区町村コード": 201, "所在地": "山形県山形市本町一丁目四番二十六号", "緯度": 38.249892, "経度": 140.336905, "url": "https://www.iryou.teikyouseido.mhlw.go.jp/znk-web/juminkanja/S2430/initialize?prefCd=06&kikanCd=306511521&kikanKbn=3", "url2": null, "内容": "医療法人豊田会　本町歯科診療所【3:歯科】山形県山形市本町一丁目四番二十六号" }, "geometry": { "type": "Point", "coordinates": [ 140.336905, 38.249892 ] } },
{ "type": "Feature", "properties": { "ID": 63306511534, "正式名称": "清水歯科医院", "機関区分": 3, "都道府県コード": 6, "市区町村コード": 201, "所在地": "山形県山形市江俣４－１１－２０", "緯度": 38.277223, "経度": 140.315263, "url": "https://www.iryou.teikyouseido.mhlw.go.jp/znk-web/juminkanja/S2430/initialize?prefCd=06&kikanCd=306511534&kikanKbn=3", "url2": null, "内容": "清水歯科医院【3:歯科】山形県山形市江俣４－１１－２０" }, "geometry": { "type": "Point", "coordinates": [ 140.315263, 38.277223 ] } },
{ "type": "Feature", "properties": { "ID": 63306511547, "正式名称": "小白川加藤歯科医院", "機関区分": 3, "都道府県コード": 6, "市区町村コード": 201, "所在地": "山形県山形市小白川町２－２－１２", "緯度": 38.24847, "経度": 140.351245, "url": "https://www.iryou.teikyouseido.mhlw.go.jp/znk-web/juminkanja/S2430/initialize?prefCd=06&kikanCd=306511547&kikanKbn=3", "url2": null, "内容": "小白川加藤歯科医院【3:歯科】山形県山形市小白川町２－２－１２" }, "geometry": { "type": "Point", "coordinates": [ 140.351245, 38.24847 ] } },
{ "type": "Feature", "properties": { "ID": 63306511563, "正式名称": "熊沢歯科医院", "機関区分": 3, "都道府県コード": 6, "市区町村コード": 210, "所在地": "山形県天童市小路２−３−１６", "緯度": 38.357898, "経度": 140.373878, "url": "https://www.iryou.teikyouseido.mhlw.go.jp/znk-web/juminkanja/S2430/initialize?prefCd=06&kikanCd=306511563&kikanKbn=3", "url2": null, "内容": "熊沢歯科医院【3:歯科】山形県天童市小路２−３−１６" }, "geometry": { "type": "Point", "coordinates": [ 140.373878, 38.357898 ] } },
{ "type": "Feature", "properties": { "ID": 63306511589, "正式名称": "宮田歯科医院", "機関区分": 3, "都道府県コード": 6, "市区町村コード": 201, "所在地": "山形県山形市西田二丁目一番地八号", "緯度": 38.262604, "経度": 140.315729, "url": "https://www.iryou.teikyouseido.mhlw.go.jp/znk-web/juminkanja/S2430/initialize?prefCd=06&kikanCd=306511589&kikanKbn=3", "url2": null, "内容": "宮田歯科医院【3:歯科】山形県山形市西田二丁目一番地八号" }, "geometry": { "type": "Point", "coordinates": [ 140.315729, 38.262604 ] } },
{ "type": "Feature", "properties": { "ID": 63306511592, "正式名称": "コスモ歯科クリニック城西", "機関区分": 3, "都道府県コード": 6, "市区町村コード": 201, "所在地": "山形県山形市城西町５−３−１", "緯度": 38.258866, "経度": 140.31224, "url": "https://www.iryou.teikyouseido.mhlw.go.jp/znk-web/juminkanja/S2430/initialize?prefCd=06&kikanCd=306511592&kikanKbn=3", "url2": "http://www12.plala.or.jp/CosmoDental/01_about/03_introduction.html", "内容": "コスモ歯科クリニック城西【3:歯科】山形県山形市城西町５−３−１" }, "geometry": { "type": "Point", "coordinates": [ 140.31224, 38.258866 ] } },
{ "type": "Feature", "properties": { "ID": 63306511606, "正式名称": "佐藤歯科医院", "機関区分": 3, "都道府県コード": 6, "市区町村コード": 301, "所在地": "山形県東村山郡山辺町山辺１２６９－５", "緯度": 38.29466, "経度": 140.270401, "url": "https://www.iryou.teikyouseido.mhlw.go.jp/znk-web/juminkanja/S2430/initialize?prefCd=06&kikanCd=306511606&kikanKbn=3", "url2": null, "内容": "佐藤歯科医院【3:歯科】山形県東村山郡山辺町山辺１２６９－５" }, "geometry": { "type": "Point", "coordinates": [ 140.270401, 38.29466 ] } },
{ "type": "Feature", "properties": { "ID": 63306511635, "正式名称": "小松歯科医院", "機関区分": 3, "都道府県コード": 6, "市区町村コード": 201, "所在地": "山形県山形市双葉町２−６−１５", "緯度": 38.247836, "経度": 140.320462, "url": "https://www.iryou.teikyouseido.mhlw.go.jp/znk-web/juminkanja/S2430/initialize?prefCd=06&kikanCd=306511635&kikanKbn=3", "url2": "https://www.komatsushika.com", "内容": "小松歯科医院【3:歯科】山形県山形市双葉町２−６−１５" }, "geometry": { "type": "Point", "coordinates": [ 140.320462, 38.247836 ] } },
{ "type": "Feature", "properties": { "ID": 63306511651, "正式名称": "森歯科医院", "機関区分": 3, "都道府県コード": 6, "市区町村コード": 201, "所在地": "山形県山形市七日町１－２－４２タンロクスクエア３Ｆ", "緯度": 38.251772, "経度": 140.337855, "url": "https://www.iryou.teikyouseido.mhlw.go.jp/znk-web/juminkanja/S2430/initialize?prefCd=06&kikanCd=306511651&kikanKbn=3", "url2": "http://www.morishikaiin.jp", "内容": "森歯科医院【3:歯科】山形県山形市七日町１－２－４２タンロクスクエア３Ｆ" }, "geometry": { "type": "Point", "coordinates": [ 140.337855, 38.251772 ] } },
{ "type": "Feature", "properties": { "ID": 63306511664, "正式名称": "庄司歯科医院", "機関区分": 3, "都道府県コード": 6, "市区町村コード": 201, "所在地": "山形県山形市富の中１−１２−１", "緯度": 38.23672, "経度": 140.30595, "url": "https://www.iryou.teikyouseido.mhlw.go.jp/znk-web/juminkanja/S2430/initialize?prefCd=06&kikanCd=306511664&kikanKbn=3", "url2": null, "内容": "庄司歯科医院【3:歯科】山形県山形市富の中１−１２−１" }, "geometry": { "type": "Point", "coordinates": [ 140.30595, 38.23672 ] } },
{ "type": "Feature", "properties": { "ID": 63306511677, "正式名称": "成瀬歯科クリニック", "機関区分": 3, "都道府県コード": 6, "市区町村コード": 201, "所在地": "山形県山形市松波", "緯度": 38.242388, "経度": 140.357706, "url": "https://www.iryou.teikyouseido.mhlw.go.jp/znk-web/juminkanja/S2430/initialize?prefCd=06&kikanCd=306511677&kikanKbn=3", "url2": "http://www.naruse-implant.com", "内容": "成瀬歯科クリニック【3:歯科】山形県山形市松波" }, "geometry": { "type": "Point", "coordinates": [ 140.357706, 38.242388 ] } },
{ "type": "Feature", "properties": { "ID": 63306511693, "正式名称": "小林矯正歯科医院", "機関区分": 3, "都道府県コード": 6, "市区町村コード": 201, "所在地": "山形県山形市七日町１−４−５９", "緯度": 38.253883, "経度": 140.337627, "url": "https://www.iryou.teikyouseido.mhlw.go.jp/znk-web/juminkanja/S2430/initialize?prefCd=06&kikanCd=306511693&kikanKbn=3", "url2": null, "内容": "小林矯正歯科医院【3:歯科】山形県山形市七日町１−４−５９" }, "geometry": { "type": "Point", "coordinates": [ 140.337627, 38.253883 ] } },
{ "type": "Feature", "properties": { "ID": 63306511749, "正式名称": "青野歯科医院", "機関区分": 3, "都道府県コード": 6, "市区町村コード": 207, "所在地": "山形県上山市石崎１－２－４４", "緯度": 38.152795, "経度": 140.273796, "url": "https://www.iryou.teikyouseido.mhlw.go.jp/znk-web/juminkanja/S2430/initialize?prefCd=06&kikanCd=306511749&kikanKbn=3", "url2": null, "内容": "青野歯科医院【3:歯科】山形県上山市石崎１－２－４４" }, "geometry": { "type": "Point", "coordinates": [ 140.273796, 38.152795 ] } },
{ "type": "Feature", "properties": { "ID": 63306511794, "正式名称": "永澤歯科医院", "機関区分": 3, "都道府県コード": 6, "市区町村コード": 210, "所在地": "山形県天童市長岡北３－５－４２", "緯度": 38.334709, "経度": 140.36554, "url": "https://www.iryou.teikyouseido.mhlw.go.jp/znk-web/juminkanja/S2430/initialize?prefCd=06&kikanCd=306511794&kikanKbn=3", "url2": null, "内容": "永澤歯科医院【3:歯科】山形県天童市長岡北３－５－４２" }, "geometry": { "type": "Point", "coordinates": [ 140.36554, 38.334709 ] } },
{ "type": "Feature", "properties": { "ID": 63306511808, "正式名称": "荘歯科医院", "機関区分": 3, "都道府県コード": 6, "市区町村コード": 210, "所在地": "山形県天童市大字荒谷字小才勝８４８５－３", "緯度": 38.316399, "経度": 140.3883, "url": "https://www.iryou.teikyouseido.mhlw.go.jp/znk-web/juminkanja/S2430/initialize?prefCd=06&kikanCd=306511808&kikanKbn=3", "url2": null, "内容": "荘歯科医院【3:歯科】山形県天童市大字荒谷字小才勝８４８５－３" }, "geometry": { "type": "Point", "coordinates": [ 140.3883, 38.316399 ] } },
{ "type": "Feature", "properties": { "ID": 63306511811, "正式名称": "岸歯科医院", "機関区分": 3, "都道府県コード": 6, "市区町村コード": 210, "所在地": "山形県天童市中里六丁目五番三十四", "緯度": 38.325815, "経度": 140.360549, "url": "https://www.iryou.teikyouseido.mhlw.go.jp/znk-web/juminkanja/S2430/initialize?prefCd=06&kikanCd=306511811&kikanKbn=3", "url2": null, "内容": "岸歯科医院【3:歯科】山形県天童市中里六丁目五番三十四" }, "geometry": { "type": "Point", "coordinates": [ 140.360549, 38.325815 ] } },
{ "type": "Feature", "properties": { "ID": 63306511824, "正式名称": "久米井歯科医院", "機関区分": 3, "都道府県コード": 6, "市区町村コード": 201, "所在地": "山形県山形市東青田１－１２－５", "緯度": 38.224375, "経度": 140.338186, "url": "https://www.iryou.teikyouseido.mhlw.go.jp/znk-web/juminkanja/S2430/initialize?prefCd=06&kikanCd=306511824&kikanKbn=3", "url2": null, "内容": "久米井歯科医院【3:歯科】山形県山形市東青田１－１２－５" }, "geometry": { "type": "Point", "coordinates": [ 140.338186, 38.224375 ] } },
{ "type": "Feature", "properties": { "ID": 63306511837, "正式名称": "斉藤憲歯科医院", "機関区分": 3, "都道府県コード": 6, "市区町村コード": 201, "所在地": "山形県山形市十日町四丁目１－４０", "緯度": 38.245787, "経度": 140.332708, "url": "https://www.iryou.teikyouseido.mhlw.go.jp/znk-web/juminkanja/S2430/initialize?prefCd=06&kikanCd=306511837&kikanKbn=3", "url2": null, "内容": "斉藤憲歯科医院【3:歯科】山形県山形市十日町四丁目１－４０" }, "geometry": { "type": "Point", "coordinates": [ 140.332708, 38.245787 ] } },
{ "type": "Feature", "properties": { "ID": 63306511840, "正式名称": "高橋歯科医院", "機関区分": 3, "都道府県コード": 6, "市区町村コード": 301, "所在地": "山形県東村山郡山辺町大字山辺２１−５", "緯度": 38.29515, "経度": 140.266016, "url": "https://www.iryou.teikyouseido.mhlw.go.jp/znk-web/juminkanja/S2430/initialize?prefCd=06&kikanCd=306511840&kikanKbn=3", "url2": null, "内容": "高橋歯科医院【3:歯科】山形県東村山郡山辺町大字山辺２１−５" }, "geometry": { "type": "Point", "coordinates": [ 140.266016, 38.29515 ] } },
{ "type": "Feature", "properties": { "ID": 63306511853, "正式名称": "内野歯科医院", "機関区分": 3, "都道府県コード": 6, "市区町村コード": 301, "所在地": "山形県東村山郡山辺町大字山辺３０３５−１", "緯度": 38.289595, "経度": 140.27031, "url": "https://www.iryou.teikyouseido.mhlw.go.jp/znk-web/juminkanja/S2430/initialize?prefCd=06&kikanCd=306511853&kikanKbn=3", "url2": null, "内容": "内野歯科医院【3:歯科】山形県東村山郡山辺町大字山辺３０３５−１" }, "geometry": { "type": "Point", "coordinates": [ 140.27031, 38.289595 ] } },
{ "type": "Feature", "properties": { "ID": 63306511866, "正式名称": "はやかわ歯科クリニック", "機関区分": 3, "都道府県コード": 6, "市区町村コード": 201, "所在地": "山形県山形市南三番町７－１５", "緯度": 38.230391, "経度": 140.324787, "url": "https://www.iryou.teikyouseido.mhlw.go.jp/znk-web/juminkanja/S2430/initialize?prefCd=06&kikanCd=306511866&kikanKbn=3", "url2": "http://hayakawa-dc.jimdo.com/", "内容": "はやかわ歯科クリニック【3:歯科】山形県山形市南三番町７－１５" }, "geometry": { "type": "Point", "coordinates": [ 140.324787, 38.230391 ] } },
{ "type": "Feature", "properties": { "ID": 63306511882, "正式名称": "五十嵐歯科クリニック", "機関区分": 3, "都道府県コード": 6, "市区町村コード": 201, "所在地": "山形県山形市城西町４－２０－２４", "緯度": 38.261027, "経度": 140.320459, "url": "https://www.iryou.teikyouseido.mhlw.go.jp/znk-web/juminkanja/S2430/initialize?prefCd=06&kikanCd=306511882&kikanKbn=3", "url2": "http://igdc8020.com/", "内容": "五十嵐歯科クリニック【3:歯科】山形県山形市城西町４－２０－２４" }, "geometry": { "type": "Point", "coordinates": [ 140.320459, 38.261027 ] } },
{ "type": "Feature", "properties": { "ID": 63306511895, "正式名称": "布施歯科医院", "機関区分": 3, "都道府県コード": 6, "市区町村コード": 201, "所在地": "山形県山形市蔵王半郷１１３－７", "緯度": 38.192947, "経度": 140.317104, "url": "https://www.iryou.teikyouseido.mhlw.go.jp/znk-web/juminkanja/S2430/initialize?prefCd=06&kikanCd=306511895&kikanKbn=3", "url2": null, "内容": "布施歯科医院【3:歯科】山形県山形市蔵王半郷１１３－７" }, "geometry": { "type": "Point", "coordinates": [ 140.317104, 38.192947 ] } },
{ "type": "Feature", "properties": { "ID": 63306511909, "正式名称": "峯田歯科医院", "機関区分": 3, "都道府県コード": 6, "市区町村コード": 201, "所在地": "山形県山形市宮町４−１６−２２", "緯度": 38.26666, "経度": 140.341501, "url": "https://www.iryou.teikyouseido.mhlw.go.jp/znk-web/juminkanja/S2430/initialize?prefCd=06&kikanCd=306511909&kikanKbn=3", "url2": null, "内容": "峯田歯科医院【3:歯科】山形県山形市宮町４−１６−２２" }, "geometry": { "type": "Point", "coordinates": [ 140.341501, 38.26666 ] } },
{ "type": "Feature", "properties": { "ID": 63306511925, "正式名称": "国井歯科医院", "機関区分": 3, "都道府県コード": 6, "市区町村コード": 201, "所在地": "山形県山形市白山３ー４－８", "緯度": 38.2272, "経度": 140.321807, "url": "https://www.iryou.teikyouseido.mhlw.go.jp/znk-web/juminkanja/S2430/initialize?prefCd=06&kikanCd=306511925&kikanKbn=3", "url2": "http://kuniishika.com", "内容": "国井歯科医院【3:歯科】山形県山形市白山３ー４－８" }, "geometry": { "type": "Point", "coordinates": [ 140.321807, 38.2272 ] } },
{ "type": "Feature", "properties": { "ID": 63306511938, "正式名称": "はらだ歯科クリニック", "機関区分": 3, "都道府県コード": 6, "市区町村コード": 201, "所在地": "山形県山形市桜田西２−６−８プラザ桜田", "緯度": 38.218928, "経度": 140.317958, "url": "https://www.iryou.teikyouseido.mhlw.go.jp/znk-web/juminkanja/S2430/initialize?prefCd=06&kikanCd=306511938&kikanKbn=3", "url2": null, "内容": "はらだ歯科クリニック【3:歯科】山形県山形市桜田西２−６−８プラザ桜田" }, "geometry": { "type": "Point", "coordinates": [ 140.317958, 38.218928 ] } },
{ "type": "Feature", "properties": { "ID": 63306511941, "正式名称": "庄子歯科", "機関区分": 3, "都道府県コード": 6, "市区町村コード": 210, "所在地": "山形県天童市荒谷９７－１", "緯度": 38.320422, "経度": 140.383467, "url": "https://www.iryou.teikyouseido.mhlw.go.jp/znk-web/juminkanja/S2430/initialize?prefCd=06&kikanCd=306511941&kikanKbn=3", "url2": null, "内容": "庄子歯科【3:歯科】山形県天童市荒谷９７－１" }, "geometry": { "type": "Point", "coordinates": [ 140.383467, 38.320422 ] } },
{ "type": "Feature", "properties": { "ID": 63306511954, "正式名称": "あこや佐藤歯科医院", "機関区分": 3, "都道府県コード": 6, "市区町村コード": 201, "所在地": "山形県山形市あこや町２−１５−６", "緯度": 38.24306, "経度": 140.35294, "url": "https://www.iryou.teikyouseido.mhlw.go.jp/znk-web/juminkanja/S2430/initialize?prefCd=06&kikanCd=306511954&kikanKbn=3", "url2": null, "内容": "あこや佐藤歯科医院【3:歯科】山形県山形市あこや町２−１５−６" }, "geometry": { "type": "Point", "coordinates": [ 140.35294, 38.24306 ] } },
{ "type": "Feature", "properties": { "ID": 63306511970, "正式名称": "深瀬歯科医院", "機関区分": 3, "都道府県コード": 6, "市区町村コード": 201, "所在地": "山形県山形市鈴川町３ー１－３", "緯度": 38.268985, "経度": 140.354594, "url": "https://www.iryou.teikyouseido.mhlw.go.jp/znk-web/juminkanja/S2430/initialize?prefCd=06&kikanCd=306511970&kikanKbn=3", "url2": null, "内容": "深瀬歯科医院【3:歯科】山形県山形市鈴川町３ー１－３" }, "geometry": { "type": "Point", "coordinates": [ 140.354594, 38.268985 ] } },
{ "type": "Feature", "properties": { "ID": 63306511996, "正式名称": "沼澤歯科医院", "機関区分": 3, "都道府県コード": 6, "市区町村コード": 201, "所在地": "山形県山形市錦町", "緯度": 38.259297, "経度": 140.335288, "url": "https://www.iryou.teikyouseido.mhlw.go.jp/znk-web/juminkanja/S2430/initialize?prefCd=06&kikanCd=306511996&kikanKbn=3", "url2": "http://www.numadent.jp/", "内容": "沼澤歯科医院【3:歯科】山形県山形市錦町" }, "geometry": { "type": "Point", "coordinates": [ 140.335288, 38.259297 ] } },
{ "type": "Feature", "properties": { "ID": 63306512010, "正式名称": "寺嶋歯科医院", "機関区分": 3, "都道府県コード": 6, "市区町村コード": 201, "所在地": "山形県山形市東山形１−１−８", "緯度": 38.243222, "経度": 140.369905, "url": "https://www.iryou.teikyouseido.mhlw.go.jp/znk-web/juminkanja/S2430/initialize?prefCd=06&kikanCd=306512010&kikanKbn=3", "url2": null, "内容": "寺嶋歯科医院【3:歯科】山形県山形市東山形１−１−８" }, "geometry": { "type": "Point", "coordinates": [ 140.369905, 38.243222 ] } },
{ "type": "Feature", "properties": { "ID": 63306512023, "正式名称": "長崎歯科医院", "機関区分": 3, "都道府県コード": 6, "市区町村コード": 201, "所在地": "山形県山形市宮町１−１０−１５", "緯度": 38.265352, "経度": 140.334541, "url": "https://www.iryou.teikyouseido.mhlw.go.jp/znk-web/juminkanja/S2430/initialize?prefCd=06&kikanCd=306512023&kikanKbn=3", "url2": null, "内容": "長崎歯科医院【3:歯科】山形県山形市宮町１−１０−１５" }, "geometry": { "type": "Point", "coordinates": [ 140.334541, 38.265352 ] } },
{ "type": "Feature", "properties": { "ID": 63306512036, "正式名称": "大江歯科医院", "機関区分": 3, "都道府県コード": 6, "市区町村コード": 210, "所在地": "山形県天童市東久野本２－１１－１０", "緯度": 38.371481, "経度": 140.378738, "url": "https://www.iryou.teikyouseido.mhlw.go.jp/znk-web/juminkanja/S2430/initialize?prefCd=06&kikanCd=306512036&kikanKbn=3", "url2": null, "内容": "大江歯科医院【3:歯科】山形県天童市東久野本２－１１－１０" }, "geometry": { "type": "Point", "coordinates": [ 140.378738, 38.371481 ] } },
{ "type": "Feature", "properties": { "ID": 63306512049, "正式名称": "菅野歯科医院", "機関区分": 3, "都道府県コード": 6, "市区町村コード": 210, "所在地": "山形県天童市山口４５２３－３", "緯度": 38.385452, "経度": 140.408613, "url": "https://www.iryou.teikyouseido.mhlw.go.jp/znk-web/juminkanja/S2430/initialize?prefCd=06&kikanCd=306512049&kikanKbn=3", "url2": null, "内容": "菅野歯科医院【3:歯科】山形県天童市山口４５２３－３" }, "geometry": { "type": "Point", "coordinates": [ 140.408613, 38.385452 ] } },
{ "type": "Feature", "properties": { "ID": 63306512065, "正式名称": "医療法人社団鈴木歯科クリニック", "機関区分": 3, "都道府県コード": 6, "市区町村コード": 201, "所在地": "山形県山形市南栄町１－３－３３", "緯度": 38.233779, "経度": 140.32184, "url": "https://www.iryou.teikyouseido.mhlw.go.jp/znk-web/juminkanja/S2430/initialize?prefCd=06&kikanCd=306512065&kikanKbn=3", "url2": "http://www.dent-suzuki.com/", "内容": "医療法人社団鈴木歯科クリニック【3:歯科】山形県山形市南栄町１－３－３３" }, "geometry": { "type": "Point", "coordinates": [ 140.32184, 38.233779 ] } },
{ "type": "Feature", "properties": { "ID": 63306512078, "正式名称": "あさの歯科クリニック", "機関区分": 3, "都道府県コード": 6, "市区町村コード": 201, "所在地": "山形県山形市馬見ヶ崎２－１１－２０", "緯度": 38.28158, "経度": 140.330505, "url": "https://www.iryou.teikyouseido.mhlw.go.jp/znk-web/juminkanja/S2430/initialize?prefCd=06&kikanCd=306512078&kikanKbn=3", "url2": "http://www.asano-dc.net/", "内容": "あさの歯科クリニック【3:歯科】山形県山形市馬見ヶ崎２－１１－２０" }, "geometry": { "type": "Point", "coordinates": [ 140.330505, 38.28158 ] } },
{ "type": "Feature", "properties": { "ID": 63306512094, "正式名称": "きくち歯科クリニック", "機関区分": 3, "都道府県コード": 6, "市区町村コード": 201, "所在地": "山形県山形市桜田東１－４－１", "緯度": 38.221178, "経度": 140.321249, "url": "https://www.iryou.teikyouseido.mhlw.go.jp/znk-web/juminkanja/S2430/initialize?prefCd=06&kikanCd=306512094&kikanKbn=3", "url2": null, "内容": "きくち歯科クリニック【3:歯科】山形県山形市桜田東１－４－１" }, "geometry": { "type": "Point", "coordinates": [ 140.321249, 38.221178 ] } },
{ "type": "Feature", "properties": { "ID": 63306512108, "正式名称": "ソフィア歯科", "機関区分": 3, "都道府県コード": 6, "市区町村コード": 201, "所在地": "山形県山形市松見町５−５", "緯度": 38.231502, "経度": 140.337808, "url": "https://www.iryou.teikyouseido.mhlw.go.jp/znk-web/juminkanja/S2430/initialize?prefCd=06&kikanCd=306512108&kikanKbn=3", "url2": "https://ohkuboshikaiin.jimdofree.com", "内容": "ソフィア歯科【3:歯科】山形県山形市松見町５−５" }, "geometry": { "type": "Point", "coordinates": [ 140.337808, 38.231502 ] } },
{ "type": "Feature", "properties": { "ID": 63306512111, "正式名称": "とがし歯科医院", "機関区分": 3, "都道府県コード": 6, "市区町村コード": 210, "所在地": "山形県天童市久野本４－１４－３０", "緯度": 38.367448, "経度": 140.376452, "url": "https://www.iryou.teikyouseido.mhlw.go.jp/znk-web/juminkanja/S2430/initialize?prefCd=06&kikanCd=306512111&kikanKbn=3", "url2": "https://www.togashi-dent.jp/", "内容": "とがし歯科医院【3:歯科】山形県天童市久野本４－１４－３０" }, "geometry": { "type": "Point", "coordinates": [ 140.376452, 38.367448 ] } },
{ "type": "Feature", "properties": { "ID": 63306512124, "正式名称": "さいとう歯科医院", "機関区分": 3, "都道府県コード": 6, "市区町村コード": 210, "所在地": "山形県天童市大字高擶南２２９５−２", "緯度": 38.335678, "経度": 140.341414, "url": "https://www.iryou.teikyouseido.mhlw.go.jp/znk-web/juminkanja/S2430/initialize?prefCd=06&kikanCd=306512124&kikanKbn=3", "url2": "www.saito-dent.info/", "内容": "さいとう歯科医院【3:歯科】山形県天童市大字高擶南２２９５−２" }, "geometry": { "type": "Point", "coordinates": [ 140.341414, 38.335678 ] } },
{ "type": "Feature", "properties": { "ID": 63306512140, "正式名称": "たかはし歯科医院", "機関区分": 3, "都道府県コード": 6, "市区町村コード": 210, "所在地": "山形県天童市鎌田本町２丁目６－２２", "緯度": 38.356752, "経度": 140.382138, "url": "https://www.iryou.teikyouseido.mhlw.go.jp/znk-web/juminkanja/S2430/initialize?prefCd=06&kikanCd=306512140&kikanKbn=3", "url2": null, "内容": "たかはし歯科医院【3:歯科】山形県天童市鎌田本町２丁目６－２２" }, "geometry": { "type": "Point", "coordinates": [ 140.382138, 38.356752 ] } },
{ "type": "Feature", "properties": { "ID": 63306520051, "正式名称": "奥山歯科医院", "機関区分": 3, "都道府県コード": 6, "市区町村コード": 206, "所在地": "山形県寒河江市八幡町１ー３", "緯度": 38.377236, "経度": 140.272514, "url": "https://www.iryou.teikyouseido.mhlw.go.jp/znk-web/juminkanja/S2430/initialize?prefCd=06&kikanCd=306520051&kikanKbn=3", "url2": "http://sagae-okuyamashika.com", "内容": "奥山歯科医院【3:歯科】山形県寒河江市八幡町１ー３" }, "geometry": { "type": "Point", "coordinates": [ 140.272514, 38.377236 ] } },
{ "type": "Feature", "properties": { "ID": 63306520107, "正式名称": "井上歯科医院", "機関区分": 3, "都道府県コード": 6, "市区町村コード": 206, "所在地": "山形県寒河江市島字島東２３８－１", "緯度": 38.355451, "経度": 140.279483, "url": "https://www.iryou.teikyouseido.mhlw.go.jp/znk-web/juminkanja/S2430/initialize?prefCd=06&kikanCd=306520107&kikanKbn=3", "url2": null, "内容": "井上歯科医院【3:歯科】山形県寒河江市島字島東２３８－１" }, "geometry": { "type": "Point", "coordinates": [ 140.279483, 38.355451 ] } },
{ "type": "Feature", "properties": { "ID": 63306520123, "正式名称": "菊地歯科医院", "機関区分": 3, "都道府県コード": 6, "市区町村コード": 206, "所在地": "山形県寒河江市高松２４７", "緯度": 38.399119, "経度": 140.249152, "url": "https://www.iryou.teikyouseido.mhlw.go.jp/znk-web/juminkanja/S2430/initialize?prefCd=06&kikanCd=306520123&kikanKbn=3", "url2": null, "内容": "菊地歯科医院【3:歯科】山形県寒河江市高松２４７" }, "geometry": { "type": "Point", "coordinates": [ 140.249152, 38.399119 ] } },
{ "type": "Feature", "properties": { "ID": 63306520181, "正式名称": "奥山歯科クリニック", "機関区分": 3, "都道府県コード": 6, "市区町村コード": 321, "所在地": "山形県西村山郡河北町谷地所岡１−４−４", "緯度": 38.427635, "経度": 140.309348, "url": "https://www.iryou.teikyouseido.mhlw.go.jp/znk-web/juminkanja/S2430/initialize?prefCd=06&kikanCd=306520181&kikanKbn=3", "url2": null, "内容": "奥山歯科クリニック【3:歯科】山形県西村山郡河北町谷地所岡１−４−４" }, "geometry": { "type": "Point", "coordinates": [ 140.309348, 38.427635 ] } },
{ "type": "Feature", "properties": { "ID": 63306520237, "正式名称": "石見歯科医院", "機関区分": 3, "都道府県コード": 6, "市区町村コード": 323, "所在地": "山形県西村山郡朝日町宮宿１１６２", "緯度": 38.301623, "経度": 140.146892, "url": "https://www.iryou.teikyouseido.mhlw.go.jp/znk-web/juminkanja/S2430/initialize?prefCd=06&kikanCd=306520237&kikanKbn=3", "url2": null, "内容": "石見歯科医院【3:歯科】山形県西村山郡朝日町宮宿１１６２" }, "geometry": { "type": "Point", "coordinates": [ 140.146892, 38.301623 ] } },
{ "type": "Feature", "properties": { "ID": 63306520253, "正式名称": "太田歯科医院", "機関区分": 3, "都道府県コード": 6, "市区町村コード": 324, "所在地": "山形県西村山郡大江町大字左沢８８７−３", "緯度": 38.380337, "経度": 140.207593, "url": "https://www.iryou.teikyouseido.mhlw.go.jp/znk-web/juminkanja/S2430/initialize?prefCd=06&kikanCd=306520253&kikanKbn=3", "url2": null, "内容": "太田歯科医院【3:歯科】山形県西村山郡大江町大字左沢８８７−３" }, "geometry": { "type": "Point", "coordinates": [ 140.207593, 38.380337 ] } },
{ "type": "Feature", "properties": { "ID": 63306520266, "正式名称": "公平歯科医院", "機関区分": 3, "都道府県コード": 6, "市区町村コード": 324, "所在地": "山形県西村山郡大江町左沢", "緯度": 38.37817, "経度": 140.205763, "url": "https://www.iryou.teikyouseido.mhlw.go.jp/znk-web/juminkanja/S2430/initialize?prefCd=06&kikanCd=306520266&kikanKbn=3", "url2": null, "内容": "公平歯科医院【3:歯科】山形県西村山郡大江町左沢" }, "geometry": { "type": "Point", "coordinates": [ 140.205763, 38.37817 ] } },
{ "type": "Feature", "properties": { "ID": 63306520282, "正式名称": "鈴木歯科", "機関区分": 3, "都道府県コード": 6, "市区町村コード": 206, "所在地": "山形県寒河江市元町３ー５ー２３", "緯度": 38.369984, "経度": 140.269176, "url": "https://www.iryou.teikyouseido.mhlw.go.jp/znk-web/juminkanja/S2430/initialize?prefCd=06&kikanCd=306520282&kikanKbn=3", "url2": null, "内容": "鈴木歯科【3:歯科】山形県寒河江市元町３ー５ー２３" }, "geometry": { "type": "Point", "coordinates": [ 140.269176, 38.369984 ] } },
{ "type": "Feature", "properties": { "ID": 63306520295, "正式名称": "大久保歯科医院", "機関区分": 3, "都道府県コード": 6, "市区町村コード": 206, "所在地": "山形県寒河江市中央１－８－４６", "緯度": 38.380319, "経度": 140.276958, "url": "https://www.iryou.teikyouseido.mhlw.go.jp/znk-web/juminkanja/S2430/initialize?prefCd=06&kikanCd=306520295&kikanKbn=3", "url2": "https://ohkuboshikaiin.jimdofree.com", "内容": "大久保歯科医院【3:歯科】山形県寒河江市中央１－８－４６" }, "geometry": { "type": "Point", "coordinates": [ 140.276958, 38.380319 ] } },
{ "type": "Feature", "properties": { "ID": 63306520309, "正式名称": "槇歯科クリニック", "機関区分": 3, "都道府県コード": 6, "市区町村コード": 321, "所在地": "山形県西村山郡河北町谷地中央５−３−４", "緯度": 38.419485, "経度": 140.308746, "url": "https://www.iryou.teikyouseido.mhlw.go.jp/znk-web/juminkanja/S2430/initialize?prefCd=06&kikanCd=306520309&kikanKbn=3", "url2": null, "内容": "槇歯科クリニック【3:歯科】山形県西村山郡河北町谷地中央５−３−４" }, "geometry": { "type": "Point", "coordinates": [ 140.308746, 38.419485 ] } },
{ "type": "Feature", "properties": { "ID": 63306520312, "正式名称": "鈴木歯科医院", "機関区分": 3, "都道府県コード": 6, "市区町村コード": 206, "所在地": "山形県寒河江市白岩３０－１", "緯度": 38.409523, "経度": 140.232421, "url": "https://www.iryou.teikyouseido.mhlw.go.jp/znk-web/juminkanja/S2430/initialize?prefCd=06&kikanCd=306520312&kikanKbn=3", "url2": null, "内容": "鈴木歯科医院【3:歯科】山形県寒河江市白岩３０－１" }, "geometry": { "type": "Point", "coordinates": [ 140.232421, 38.409523 ] } },
{ "type": "Feature", "properties": { "ID": 63306520325, "正式名称": "大沼歯科医院", "機関区分": 3, "都道府県コード": 6, "市区町村コード": 322, "所在地": "山形県西村山郡西川町海味６５３", "緯度": 38.428075, "経度": 140.143962, "url": "https://www.iryou.teikyouseido.mhlw.go.jp/znk-web/juminkanja/S2430/initialize?prefCd=06&kikanCd=306520325&kikanKbn=3", "url2": null, "内容": "大沼歯科医院【3:歯科】山形県西村山郡西川町海味６５３" }, "geometry": { "type": "Point", "coordinates": [ 140.143962, 38.428075 ] } },
{ "type": "Feature", "properties": { "ID": 63306520341, "正式名称": "サカエ歯科クリニック", "機関区分": 3, "都道府県コード": 6, "市区町村コード": 206, "所在地": "山形県寒河江市栄町２番６号", "緯度": 38.369787, "経度": 140.278189, "url": "https://www.iryou.teikyouseido.mhlw.go.jp/znk-web/juminkanja/S2430/initialize?prefCd=06&kikanCd=306520341&kikanKbn=3", "url2": null, "内容": "サカエ歯科クリニック【3:歯科】山形県寒河江市栄町２番６号" }, "geometry": { "type": "Point", "coordinates": [ 140.278189, 38.369787 ] } },
{ "type": "Feature", "properties": { "ID": 63306520354, "正式名称": "高橋歯科", "機関区分": 3, "都道府県コード": 6, "市区町村コード": 206, "所在地": "山形県寒河江市若葉町", "緯度": 38.368243, "経度": 140.275895, "url": "https://www.iryou.teikyouseido.mhlw.go.jp/znk-web/juminkanja/S2430/initialize?prefCd=06&kikanCd=306520354&kikanKbn=3", "url2": null, "内容": "高橋歯科【3:歯科】山形県寒河江市若葉町" }, "geometry": { "type": "Point", "coordinates": [ 140.275895, 38.368243 ] } },
{ "type": "Feature", "properties": { "ID": 63306520367, "正式名称": "石川歯科医院", "機関区分": 3, "都道府県コード": 6, "市区町村コード": 206, "所在地": "山形県寒河江市本町２－６－４６", "緯度": 38.375914, "経度": 140.277644, "url": "https://www.iryou.teikyouseido.mhlw.go.jp/znk-web/juminkanja/S2430/initialize?prefCd=06&kikanCd=306520367&kikanKbn=3", "url2": null, "内容": "石川歯科医院【3:歯科】山形県寒河江市本町２－６－４６" }, "geometry": { "type": "Point", "coordinates": [ 140.277644, 38.375914 ] } },
{ "type": "Feature", "properties": { "ID": 63306520383, "正式名称": "桜井歯科医院", "機関区分": 3, "都道府県コード": 6, "市区町村コード": 322, "所在地": "山形県西村山郡西川町海味６－５", "緯度": 38.421556, "経度": 140.161583, "url": "https://www.iryou.teikyouseido.mhlw.go.jp/znk-web/juminkanja/S2430/initialize?prefCd=06&kikanCd=306520383&kikanKbn=3", "url2": null, "内容": "桜井歯科医院【3:歯科】山形県西村山郡西川町海味６－５" }, "geometry": { "type": "Point", "coordinates": [ 140.161583, 38.421556 ] } },
{ "type": "Feature", "properties": { "ID": 63306520396, "正式名称": "大沼歯科医院", "機関区分": 3, "都道府県コード": 6, "市区町村コード": 206, "所在地": "山形県寒河江市中央２−７−４０", "緯度": 38.384025, "経度": 140.280744, "url": "https://www.iryou.teikyouseido.mhlw.go.jp/znk-web/juminkanja/S2430/initialize?prefCd=06&kikanCd=306520396&kikanKbn=3", "url2": null, "内容": "大沼歯科医院【3:歯科】山形県寒河江市中央２−７−４０" }, "geometry": { "type": "Point", "coordinates": [ 140.280744, 38.384025 ] } },
{ "type": "Feature", "properties": { "ID": 63306520413, "正式名称": "宮宿歯科医院", "機関区分": 3, "都道府県コード": 6, "市区町村コード": 323, "所在地": "山形県西村山郡朝日町宮宿字田中１１１９－２", "緯度": 38.299656, "経度": 140.144773, "url": "https://www.iryou.teikyouseido.mhlw.go.jp/znk-web/juminkanja/S2430/initialize?prefCd=06&kikanCd=306520413&kikanKbn=3", "url2": null, "内容": "宮宿歯科医院【3:歯科】山形県西村山郡朝日町宮宿字田中１１１９－２" }, "geometry": { "type": "Point", "coordinates": [ 140.144773, 38.299656 ] } },
{ "type": "Feature", "properties": { "ID": 63306520426, "正式名称": "よくしゅうかい歯科", "機関区分": 3, "都道府県コード": 6, "市区町村コード": 321, "所在地": "山形県西村山郡河北町谷地中央３－１２－７", "緯度": 38.417477, "経度": 140.312346, "url": "https://www.iryou.teikyouseido.mhlw.go.jp/znk-web/juminkanja/S2430/initialize?prefCd=06&kikanCd=306520426&kikanKbn=3", "url2": null, "内容": "よくしゅうかい歯科【3:歯科】山形県西村山郡河北町谷地中央３－１２－７" }, "geometry": { "type": "Point", "coordinates": [ 140.312346, 38.417477 ] } },
{ "type": "Feature", "properties": { "ID": 63306520439, "正式名称": "佐藤歯科医院", "機関区分": 3, "都道府県コード": 6, "市区町村コード": 206, "所在地": "山形県寒河江市島字島東７５", "緯度": 38.357092, "経度": 140.277608, "url": "https://www.iryou.teikyouseido.mhlw.go.jp/znk-web/juminkanja/S2430/initialize?prefCd=06&kikanCd=306520439&kikanKbn=3", "url2": null, "内容": "佐藤歯科医院【3:歯科】山形県寒河江市島字島東７５" }, "geometry": { "type": "Point", "coordinates": [ 140.277608, 38.357092 ] } },
{ "type": "Feature", "properties": { "ID": 63306520442, "正式名称": "卯月歯科クリニック", "機関区分": 3, "都道府県コード": 6, "市区町村コード": 206, "所在地": "山形県寒河江市高田２－５－１０", "緯度": 38.367674, "経度": 140.287144, "url": "https://www.iryou.teikyouseido.mhlw.go.jp/znk-web/juminkanja/S2430/initialize?prefCd=06&kikanCd=306520442&kikanKbn=3", "url2": null, "内容": "卯月歯科クリニック【3:歯科】山形県寒河江市高田２－５－１０" }, "geometry": { "type": "Point", "coordinates": [ 140.287144, 38.367674 ] } },
{ "type": "Feature", "properties": { "ID": 63306520471, "正式名称": "はやま歯科医院", "機関区分": 3, "都道府県コード": 6, "市区町村コード": 321, "所在地": "山形県西村山郡河北町谷地荒町東１丁目５の７", "緯度": 38.420547, "経度": 140.319564, "url": "https://www.iryou.teikyouseido.mhlw.go.jp/znk-web/juminkanja/S2430/initialize?prefCd=06&kikanCd=306520471&kikanKbn=3", "url2": null, "内容": "はやま歯科医院【3:歯科】山形県西村山郡河北町谷地荒町東１丁目５の７" }, "geometry": { "type": "Point", "coordinates": [ 140.319564, 38.420547 ] } },
{ "type": "Feature", "properties": { "ID": 63306530038, "正式名称": "松田歯科医院", "機関区分": 3, "都道府県コード": 6, "市区町村コード": 208, "所在地": "山形県村山市楯岡新高田９－７", "緯度": 38.484566, "経度": 140.38751, "url": "https://www.iryou.teikyouseido.mhlw.go.jp/znk-web/juminkanja/S2430/initialize?prefCd=06&kikanCd=306530038&kikanKbn=3", "url2": "http://matsudasika.dentalmall.jp", "内容": "松田歯科医院【3:歯科】山形県村山市楯岡新高田９－７" }, "geometry": { "type": "Point", "coordinates": [ 140.38751, 38.484566 ] } },
{ "type": "Feature", "properties": { "ID": 63306530067, "正式名称": "タナカ歯科医院", "機関区分": 3, "都道府県コード": 6, "市区町村コード": 208, "所在地": "山形県村山市楯岡楯１３ー２９", "緯度": 38.482472, "経度": 140.394018, "url": "https://www.iryou.teikyouseido.mhlw.go.jp/znk-web/juminkanja/S2430/initialize?prefCd=06&kikanCd=306530067&kikanKbn=3", "url2": "https://itp.ne.jp/yamagata/murayamashi/tateokatate/iryo-kaigo/iryo/shikakokugeka/063445185000000899/", "内容": "タナカ歯科医院【3:歯科】山形県村山市楯岡楯１３ー２９" }, "geometry": { "type": "Point", "coordinates": [ 140.394018, 38.482472 ] } },
{ "type": "Feature", "properties": { "ID": 63306530083, "正式名称": "江場歯科医院", "機関区分": 3, "都道府県コード": 6, "市区町村コード": 211, "所在地": "山形県東根市本町１－１１", "緯度": 38.441665, "経度": 140.398858, "url": "https://www.iryou.teikyouseido.mhlw.go.jp/znk-web/juminkanja/S2430/initialize?prefCd=06&kikanCd=306530083&kikanKbn=3", "url2": null, "内容": "江場歯科医院【3:歯科】山形県東根市本町１－１１" }, "geometry": { "type": "Point", "coordinates": [ 140.398858, 38.441665 ] } },
{ "type": "Feature", "properties": { "ID": 63306530126, "正式名称": "須藤歯科医院", "機関区分": 3, "都道府県コード": 6, "市区町村コード": 211, "所在地": "山形県東根市本町３－１２", "緯度": 38.44211, "経度": 140.398407, "url": "https://www.iryou.teikyouseido.mhlw.go.jp/znk-web/juminkanja/S2430/initialize?prefCd=06&kikanCd=306530126&kikanKbn=3", "url2": "https://suto-dental.com", "内容": "須藤歯科医院【3:歯科】山形県東根市本町３－１２" }, "geometry": { "type": "Point", "coordinates": [ 140.398407, 38.44211 ] } },
{ "type": "Feature", "properties": { "ID": 63306530214, "正式名称": "海老名歯科医院", "機関区分": 3, "都道府県コード": 6, "市区町村コード": 211, "所在地": "山形県東根市さくらんぼ駅前", "緯度": 38.426666, "経度": 140.382996, "url": "https://www.iryou.teikyouseido.mhlw.go.jp/znk-web/juminkanja/S2430/initialize?prefCd=06&kikanCd=306530214&kikanKbn=3", "url2": null, "内容": "海老名歯科医院【3:歯科】山形県東根市さくらんぼ駅前" }, "geometry": { "type": "Point", "coordinates": [ 140.382996, 38.426666 ] } },
{ "type": "Feature", "properties": { "ID": 63306530227, "正式名称": "医療法人社団菊地歯科クリニック", "機関区分": 3, "都道府県コード": 6, "市区町村コード": 208, "所在地": "山形県村山市楯岡笛田４−２−１８", "緯度": 38.476106, "経度": 140.396176, "url": "https://www.iryou.teikyouseido.mhlw.go.jp/znk-web/juminkanja/S2430/initialize?prefCd=06&kikanCd=306530227&kikanKbn=3", "url2": null, "内容": "医療法人社団菊地歯科クリニック【3:歯科】山形県村山市楯岡笛田４−２−１８" }, "geometry": { "type": "Point", "coordinates": [ 140.396176, 38.476106 ] } },
{ "type": "Feature", "properties": { "ID": 63306530230, "正式名称": "伊藤歯科医院", "機関区分": 3, "都道府県コード": 6, "市区町村コード": 208, "所在地": "山形県村山市楯岡荒町１−３−２", "緯度": 38.47894, "経度": 140.39085, "url": "https://www.iryou.teikyouseido.mhlw.go.jp/znk-web/juminkanja/S2430/initialize?prefCd=06&kikanCd=306530230&kikanKbn=3", "url2": "ito-shikaiin-murayama.net", "内容": "伊藤歯科医院【3:歯科】山形県村山市楯岡荒町１−３−２" }, "geometry": { "type": "Point", "coordinates": [ 140.39085, 38.47894 ] } },
{ "type": "Feature", "properties": { "ID": 63306530269, "正式名称": "歯科田原医院", "機関区分": 3, "都道府県コード": 6, "市区町村コード": 211, "所在地": "山形県東根市神町中央１－１１－３６", "緯度": 38.408771, "経度": 140.380406, "url": "https://www.iryou.teikyouseido.mhlw.go.jp/znk-web/juminkanja/S2430/initialize?prefCd=06&kikanCd=306530269&kikanKbn=3", "url2": "http://tahara-dental-clinic.my.coocan.jp", "内容": "歯科田原医院【3:歯科】山形県東根市神町中央１－１１－３６" }, "geometry": { "type": "Point", "coordinates": [ 140.380406, 38.408771 ] } },
{ "type": "Feature", "properties": { "ID": 63306530285, "正式名称": "加藤歯科医院", "機関区分": 3, "都道府県コード": 6, "市区町村コード": 211, "所在地": "山形県東根市神町南", "緯度": 38.399739, "経度": 140.37834, "url": "https://www.iryou.teikyouseido.mhlw.go.jp/znk-web/juminkanja/S2430/initialize?prefCd=06&kikanCd=306530285&kikanKbn=3", "url2": "http://www.katodc8020.com/", "内容": "加藤歯科医院【3:歯科】山形県東根市神町南" }, "geometry": { "type": "Point", "coordinates": [ 140.37834, 38.399739 ] } },
{ "type": "Feature", "properties": { "ID": 63306530298, "正式名称": "奥山歯科医院", "機関区分": 3, "都道府県コード": 6, "市区町村コード": 211, "所在地": "山形県東根市本丸西３－２－３０", "緯度": 38.445875, "経度": 140.395387, "url": "https://www.iryou.teikyouseido.mhlw.go.jp/znk-web/juminkanja/S2430/initialize?prefCd=06&kikanCd=306530298&kikanKbn=3", "url2": "https://okuyama-sika.jp", "内容": "奥山歯科医院【3:歯科】山形県東根市本丸西３－２－３０" }, "geometry": { "type": "Point", "coordinates": [ 140.395387, 38.445875 ] } },
{ "type": "Feature", "properties": { "ID": 63306530315, "正式名称": "すずき歯科", "機関区分": 3, "都道府県コード": 6, "市区町村コード": 212, "所在地": "山形県尾花沢市新町１－４－２５", "緯度": 38.601974, "経度": 140.408688, "url": "https://www.iryou.teikyouseido.mhlw.go.jp/znk-web/juminkanja/S2430/initialize?prefCd=06&kikanCd=306530315&kikanKbn=3", "url2": null, "内容": "すずき歯科【3:歯科】山形県尾花沢市新町１－４－２５" }, "geometry": { "type": "Point", "coordinates": [ 140.408688, 38.601974 ] } },
{ "type": "Feature", "properties": { "ID": 63306530328, "正式名称": "あんじょう歯科医院", "機関区分": 3, "都道府県コード": 6, "市区町村コード": 211, "所在地": "山形県東根市中央２丁目８ー１６", "緯度": 38.430874, "経度": 140.387902, "url": "https://www.iryou.teikyouseido.mhlw.go.jp/znk-web/juminkanja/S2430/initialize?prefCd=06&kikanCd=306530328&kikanKbn=3", "url2": null, "内容": "あんじょう歯科医院【3:歯科】山形県東根市中央２丁目８ー１６" }, "geometry": { "type": "Point", "coordinates": [ 140.387902, 38.430874 ] } },
{ "type": "Feature", "properties": { "ID": 63306530331, "正式名称": "さとう歯科医院", "機関区分": 3, "都道府県コード": 6, "市区町村コード": 212, "所在地": "山形県尾花沢市新町中央３－１６", "緯度": 38.605799, "経度": 140.406182, "url": "https://www.iryou.teikyouseido.mhlw.go.jp/znk-web/juminkanja/S2430/initialize?prefCd=06&kikanCd=306530331&kikanKbn=3", "url2": null, "内容": "さとう歯科医院【3:歯科】山形県尾花沢市新町中央３－１６" }, "geometry": { "type": "Point", "coordinates": [ 140.406182, 38.605799 ] } },
{ "type": "Feature", "properties": { "ID": 63306530357, "正式名称": "菅デンタルクリニック", "機関区分": 3, "都道府県コード": 6, "市区町村コード": 211, "所在地": "山形県東根市温泉町", "緯度": 38.457791, "経度": 140.387952, "url": "https://www.iryou.teikyouseido.mhlw.go.jp/znk-web/juminkanja/S2430/initialize?prefCd=06&kikanCd=306530357&kikanKbn=3", "url2": null, "内容": "菅デンタルクリニック【3:歯科】山形県東根市温泉町" }, "geometry": { "type": "Point", "coordinates": [ 140.387952, 38.457791 ] } },
{ "type": "Feature", "properties": { "ID": 63306530360, "正式名称": "深瀬歯科医院", "機関区分": 3, "都道府県コード": 6, "市区町村コード": 208, "所在地": "山形県村山市中央二丁目９ー１２", "緯度": 38.482246, "経度": 140.367998, "url": "https://www.iryou.teikyouseido.mhlw.go.jp/znk-web/juminkanja/S2430/initialize?prefCd=06&kikanCd=306530360&kikanKbn=3", "url2": null, "内容": "深瀬歯科医院【3:歯科】山形県村山市中央二丁目９ー１２" }, "geometry": { "type": "Point", "coordinates": [ 140.367998, 38.482246 ] } },
{ "type": "Feature", "properties": { "ID": 63306530386, "正式名称": "あべ歯科医院", "機関区分": 3, "都道府県コード": 6, "市区町村コード": 211, "所在地": "山形県東根市四ツ家１－７－６", "緯度": 38.435298, "経度": 140.383699, "url": "https://www.iryou.teikyouseido.mhlw.go.jp/znk-web/juminkanja/S2430/initialize?prefCd=06&kikanCd=306530386&kikanKbn=3", "url2": "http://www.abedental-clinic.com/", "内容": "あべ歯科医院【3:歯科】山形県東根市四ツ家１－７－６" }, "geometry": { "type": "Point", "coordinates": [ 140.383699, 38.435298 ] } },
{ "type": "Feature", "properties": { "ID": 63306530399, "正式名称": "医療法人佐藤歯科医院ラ・フランスオフィス", "機関区分": 3, "都道府県コード": 6, "市区町村コード": 211, "所在地": "山形県東根市板垣大通り８", "緯度": 38.409607, "経度": 140.389064, "url": "https://www.iryou.teikyouseido.mhlw.go.jp/znk-web/juminkanja/S2430/initialize?prefCd=06&kikanCd=306530399&kikanKbn=3", "url2": "https://la-france-office.com", "内容": "医療法人佐藤歯科医院ラ・フランスオフィス【3:歯科】山形県東根市板垣大通り８" }, "geometry": { "type": "Point", "coordinates": [ 140.389064, 38.409607 ] } },
{ "type": "Feature", "properties": { "ID": 63306530403, "正式名称": "とよたか歯科", "機関区分": 3, "都道府県コード": 6, "市区町村コード": 211, "所在地": "山形県東根市蟹沢２２２１－１８", "緯度": 38.436241, "経度": 140.380157, "url": "https://www.iryou.teikyouseido.mhlw.go.jp/znk-web/juminkanja/S2430/initialize?prefCd=06&kikanCd=306530403&kikanKbn=3", "url2": null, "内容": "とよたか歯科【3:歯科】山形県東根市蟹沢２２２１－１８" }, "geometry": { "type": "Point", "coordinates": [ 140.380157, 38.436241 ] } },
{ "type": "Feature", "properties": { "ID": 63306530416, "正式名称": "岸歯科医院", "機関区分": 3, "都道府県コード": 6, "市区町村コード": 211, "所在地": "山形県東根市神町東１－２０－２８", "緯度": 38.411345, "経度": 140.383889, "url": "https://www.iryou.teikyouseido.mhlw.go.jp/znk-web/juminkanja/S2430/initialize?prefCd=06&kikanCd=306530416&kikanKbn=3", "url2": null, "内容": "岸歯科医院【3:歯科】山形県東根市神町東１－２０－２８" }, "geometry": { "type": "Point", "coordinates": [ 140.383889, 38.411345 ] } },
{ "type": "Feature", "properties": { "ID": 63306530429, "正式名称": "おおるいデンタルクリニック", "機関区分": 3, "都道府県コード": 6, "市区町村コード": 212, "所在地": "山形県尾花沢市新町１丁目１ー１", "緯度": 38.601369, "経度": 140.405713, "url": "https://www.iryou.teikyouseido.mhlw.go.jp/znk-web/juminkanja/S2430/initialize?prefCd=06&kikanCd=306530429&kikanKbn=3", "url2": null, "内容": "おおるいデンタルクリニック【3:歯科】山形県尾花沢市新町１丁目１ー１" }, "geometry": { "type": "Point", "coordinates": [ 140.405713, 38.601369 ] } },
{ "type": "Feature", "properties": { "ID": 63306530458, "正式名称": "医療法人豊田会五十鈴歯科診療所", "機関区分": 3, "都道府県コード": 6, "市区町村コード": 201, "所在地": "山形県山形市五十鈴３－２－１５", "緯度": 38.27757, "経度": 140.355505, "url": "https://www.iryou.teikyouseido.mhlw.go.jp/znk-web/juminkanja/S2430/initialize?prefCd=06&kikanCd=306530458&kikanKbn=3", "url2": null, "内容": "医療法人豊田会五十鈴歯科診療所【3:歯科】山形県山形市五十鈴３－２－１５" }, "geometry": { "type": "Point", "coordinates": [ 140.355505, 38.27757 ] } },
{ "type": "Feature", "properties": { "ID": 63306530461, "正式名称": "かねこ歯科医院", "機関区分": 3, "都道府県コード": 6, "市区町村コード": 210, "所在地": "山形県天童市南町２－７－８", "緯度": 38.34425, "経度": 140.372039, "url": "https://www.iryou.teikyouseido.mhlw.go.jp/znk-web/juminkanja/S2430/initialize?prefCd=06&kikanCd=306530461&kikanKbn=3", "url2": "http://www.kaneko-dc6480.com", "内容": "かねこ歯科医院【3:歯科】山形県天童市南町２－７－８" }, "geometry": { "type": "Point", "coordinates": [ 140.372039, 38.34425 ] } },
{ "type": "Feature", "properties": { "ID": 63306530474, "正式名称": "いがらし矯正歯科クリニック", "機関区分": 3, "都道府県コード": 6, "市区町村コード": 210, "所在地": "山形県天童市駅西３−１２−１", "緯度": 38.360503, "経度": 140.364542, "url": "https://www.iryou.teikyouseido.mhlw.go.jp/znk-web/juminkanja/S2430/initialize?prefCd=06&kikanCd=306530474&kikanKbn=3", "url2": null, "内容": "いがらし矯正歯科クリニック【3:歯科】山形県天童市駅西３−１２−１" }, "geometry": { "type": "Point", "coordinates": [ 140.364542, 38.360503 ] } },
{ "type": "Feature", "properties": { "ID": 63306530487, "正式名称": "東原はしもと歯科", "機関区分": 3, "都道府県コード": 6, "市区町村コード": 201, "所在地": "山形県山形市東原町３−３−４３", "緯度": 38.241751, "経度": 140.340144, "url": "https://www.iryou.teikyouseido.mhlw.go.jp/znk-web/juminkanja/S2430/initialize?prefCd=06&kikanCd=306530487&kikanKbn=3", "url2": null, "内容": "東原はしもと歯科【3:歯科】山形県山形市東原町３−３−４３" }, "geometry": { "type": "Point", "coordinates": [ 140.340144, 38.241751 ] } },
{ "type": "Feature", "properties": { "ID": 63306530490, "正式名称": "長岡歯科医院", "機関区分": 3, "都道府県コード": 6, "市区町村コード": 201, "所在地": "山形県山形市小白川町１−２−８", "緯度": 38.245726, "経度": 140.347446, "url": "https://www.iryou.teikyouseido.mhlw.go.jp/znk-web/juminkanja/S2430/initialize?prefCd=06&kikanCd=306530490&kikanKbn=3", "url2": "http://nagaokashika.act01.com/", "内容": "長岡歯科医院【3:歯科】山形県山形市小白川町１−２−８" }, "geometry": { "type": "Point", "coordinates": [ 140.347446, 38.245726 ] } },
{ "type": "Feature", "properties": { "ID": 63306530504, "正式名称": "あかねヶ丘・齊藤歯科医院", "機関区分": 3, "都道府県コード": 6, "市区町村コード": 201, "所在地": "山形県山形市あかねケ丘２－１５－５０", "緯度": 38.245617, "経度": 140.308538, "url": "https://www.iryou.teikyouseido.mhlw.go.jp/znk-web/juminkanja/S2430/initialize?prefCd=06&kikanCd=306530504&kikanKbn=3", "url2": null, "内容": "あかねヶ丘・齊藤歯科医院【3:歯科】山形県山形市あかねケ丘２－１５－５０" }, "geometry": { "type": "Point", "coordinates": [ 140.308538, 38.245617 ] } },
{ "type": "Feature", "properties": { "ID": 63306530520, "正式名称": "五十嵐歯科医院", "機関区分": 3, "都道府県コード": 6, "市区町村コード": 324, "所在地": "山形県西村山郡大江町左沢", "緯度": 38.379737, "経度": 140.208793, "url": "https://www.iryou.teikyouseido.mhlw.go.jp/znk-web/juminkanja/S2430/initialize?prefCd=06&kikanCd=306530520&kikanKbn=3", "url2": null, "内容": "五十嵐歯科医院【3:歯科】山形県西村山郡大江町左沢" }, "geometry": { "type": "Point", "coordinates": [ 140.208793, 38.379737 ] } },
{ "type": "Feature", "properties": { "ID": 63306530533, "正式名称": "石山歯科", "機関区分": 3, "都道府県コード": 6, "市区町村コード": 206, "所在地": "山形県寒河江市丸内", "緯度": 38.376828, "経度": 140.279089, "url": "https://www.iryou.teikyouseido.mhlw.go.jp/znk-web/juminkanja/S2430/initialize?prefCd=06&kikanCd=306530533&kikanKbn=3", "url2": null, "内容": "石山歯科【3:歯科】山形県寒河江市丸内" }, "geometry": { "type": "Point", "coordinates": [ 140.279089, 38.376828 ] } },
{ "type": "Feature", "properties": { "ID": 63306530546, "正式名称": "吉田ひろゆき歯科医院", "機関区分": 3, "都道府県コード": 6, "市区町村コード": 207, "所在地": "山形県上山市金生西１－６－３６", "緯度": 38.146316, "経度": 140.284739, "url": "https://www.iryou.teikyouseido.mhlw.go.jp/znk-web/juminkanja/S2430/initialize?prefCd=06&kikanCd=306530546&kikanKbn=3", "url2": "http://yoshidahiroyuki-dc.com", "内容": "吉田ひろゆき歯科医院【3:歯科】山形県上山市金生西１－６－３６" }, "geometry": { "type": "Point", "coordinates": [ 140.284739, 38.146316 ] } },
{ "type": "Feature", "properties": { "ID": 63306530559, "正式名称": "こんの歯科医院", "機関区分": 3, "都道府県コード": 6, "市区町村コード": 210, "所在地": "山形県天童市乱川２−６−２０", "緯度": 38.384285, "経度": 140.378096, "url": "https://www.iryou.teikyouseido.mhlw.go.jp/znk-web/juminkanja/S2430/initialize?prefCd=06&kikanCd=306530559&kikanKbn=3", "url2": null, "内容": "こんの歯科医院【3:歯科】山形県天童市乱川２−６−２０" }, "geometry": { "type": "Point", "coordinates": [ 140.378096, 38.384285 ] } },
{ "type": "Feature", "properties": { "ID": 63306530562, "正式名称": "おがた歯科クリニック", "機関区分": 3, "都道府県コード": 6, "市区町村コード": 207, "所在地": "山形県上山市南町１−１４", "緯度": 38.150282, "経度": 140.276962, "url": "https://www.iryou.teikyouseido.mhlw.go.jp/znk-web/juminkanja/S2430/initialize?prefCd=06&kikanCd=306530562&kikanKbn=3", "url2": null, "内容": "おがた歯科クリニック【3:歯科】山形県上山市南町１−１４" }, "geometry": { "type": "Point", "coordinates": [ 140.276962, 38.150282 ] } },
{ "type": "Feature", "properties": { "ID": 63306530588, "正式名称": "横山歯科医院", "機関区分": 3, "都道府県コード": 6, "市区町村コード": 301, "所在地": "山形県東村山郡山辺町山辺２９２５－１", "緯度": 38.290673, "経度": 140.271658, "url": "https://www.iryou.teikyouseido.mhlw.go.jp/znk-web/juminkanja/S2430/initialize?prefCd=06&kikanCd=306530588&kikanKbn=3", "url2": "http://www.yokoyama-dent.jp/", "内容": "横山歯科医院【3:歯科】山形県東村山郡山辺町山辺２９２５－１" }, "geometry": { "type": "Point", "coordinates": [ 140.271658, 38.290673 ] } },
{ "type": "Feature", "properties": { "ID": 63306530591, "正式名称": "くつざわ歯科医院", "機関区分": 3, "都道府県コード": 6, "市区町村コード": 201, "所在地": "山形県山形市成沢西", "緯度": 38.20791, "経度": 140.320785, "url": "https://www.iryou.teikyouseido.mhlw.go.jp/znk-web/juminkanja/S2430/initialize?prefCd=06&kikanCd=306530591&kikanKbn=3", "url2": null, "内容": "くつざわ歯科医院【3:歯科】山形県山形市成沢西" }, "geometry": { "type": "Point", "coordinates": [ 140.320785, 38.20791 ] } },
{ "type": "Feature", "properties": { "ID": 63306530605, "正式名称": "遠藤歯科医院", "機関区分": 3, "都道府県コード": 6, "市区町村コード": 201, "所在地": "山形県山形市若宮１－６－２０", "緯度": 38.227927, "経度": 140.311308, "url": "https://www.iryou.teikyouseido.mhlw.go.jp/znk-web/juminkanja/S2430/initialize?prefCd=06&kikanCd=306530605&kikanKbn=3", "url2": null, "内容": "遠藤歯科医院【3:歯科】山形県山形市若宮１－６－２０" }, "geometry": { "type": "Point", "coordinates": [ 140.311308, 38.227927 ] } },
{ "type": "Feature", "properties": { "ID": 63306530634, "正式名称": "メイプル歯科クリニック", "機関区分": 3, "都道府県コード": 6, "市区町村コード": 201, "所在地": "山形県山形市若宮３－７－８　　イオンモール山形南２階", "緯度": 38.226552, "経度": 140.305837, "url": "https://www.iryou.teikyouseido.mhlw.go.jp/znk-web/juminkanja/S2430/initialize?prefCd=06&kikanCd=306530634&kikanKbn=3", "url2": "http://www.maple-dental.jp", "内容": "メイプル歯科クリニック【3:歯科】山形県山形市若宮３－７－８　　イオンモール山形南２階" }, "geometry": { "type": "Point", "coordinates": [ 140.305837, 38.226552 ] } },
{ "type": "Feature", "properties": { "ID": 63306530647, "正式名称": "有泉歯科医院", "機関区分": 3, "都道府県コード": 6, "市区町村コード": 201, "所在地": "山形県山形市南原町３−１４−２０", "緯度": 38.231847, "経度": 140.342655, "url": "https://www.iryou.teikyouseido.mhlw.go.jp/znk-web/juminkanja/S2430/initialize?prefCd=06&kikanCd=306530647&kikanKbn=3", "url2": null, "内容": "有泉歯科医院【3:歯科】山形県山形市南原町３−１４−２０" }, "geometry": { "type": "Point", "coordinates": [ 140.342655, 38.231847 ] } },
{ "type": "Feature", "properties": { "ID": 63306530650, "正式名称": "青山歯科医院", "機関区分": 3, "都道府県コード": 6, "市区町村コード": 201, "所在地": "山形県山形市漆山漆山２４４７−９", "緯度": 38.311019, "経度": 140.342137, "url": "https://www.iryou.teikyouseido.mhlw.go.jp/znk-web/juminkanja/S2430/initialize?prefCd=06&kikanCd=306530650&kikanKbn=3", "url2": "http://www.aoyama-dentalclinic.jp", "内容": "青山歯科医院【3:歯科】山形県山形市漆山漆山２４４７−９" }, "geometry": { "type": "Point", "coordinates": [ 140.342137, 38.311019 ] } },
{ "type": "Feature", "properties": { "ID": 63306530663, "正式名称": "やまだ歯科医院", "機関区分": 3, "都道府県コード": 6, "市区町村コード": 201, "所在地": "山形県山形市成沢西　２−９−１４", "緯度": 38.209056, "経度": 140.315794, "url": "https://www.iryou.teikyouseido.mhlw.go.jp/znk-web/juminkanja/S2430/initialize?prefCd=06&kikanCd=306530663&kikanKbn=3", "url2": null, "内容": "やまだ歯科医院【3:歯科】山形県山形市成沢西　２−９−１４" }, "geometry": { "type": "Point", "coordinates": [ 140.315794, 38.209056 ] } },
{ "type": "Feature", "properties": { "ID": 63306530676, "正式名称": "緑町斎藤歯科医院", "機関区分": 3, "都道府県コード": 6, "市区町村コード": 201, "所在地": "山形県山形市緑町２－１２－４５", "緯度": 38.25723, "経度": 140.350273, "url": "https://www.iryou.teikyouseido.mhlw.go.jp/znk-web/juminkanja/S2430/initialize?prefCd=06&kikanCd=306530676&kikanKbn=3", "url2": null, "内容": "緑町斎藤歯科医院【3:歯科】山形県山形市緑町２－１２－４５" }, "geometry": { "type": "Point", "coordinates": [ 140.350273, 38.25723 ] } },
{ "type": "Feature", "properties": { "ID": 63306530689, "正式名称": "デンタランドこばやし歯科", "機関区分": 3, "都道府県コード": 6, "市区町村コード": 201, "所在地": "山形県山形市桜田南１３－２０", "緯度": 38.213956, "経度": 140.314139, "url": "https://www.iryou.teikyouseido.mhlw.go.jp/znk-web/juminkanja/S2430/initialize?prefCd=06&kikanCd=306530689&kikanKbn=3", "url2": null, "内容": "デンタランドこばやし歯科【3:歯科】山形県山形市桜田南１３－２０" }, "geometry": { "type": "Point", "coordinates": [ 140.314139, 38.213956 ] } },
{ "type": "Feature", "properties": { "ID": 63306530692, "正式名称": "医療法人社団よしはら歯科医院", "機関区分": 3, "都道府県コード": 6, "市区町村コード": 201, "所在地": "山形県山形市若宮３－１－２２", "緯度": 38.225658, "経度": 140.307528, "url": "https://www.iryou.teikyouseido.mhlw.go.jp/znk-web/juminkanja/S2430/initialize?prefCd=06&kikanCd=306530692&kikanKbn=3", "url2": null, "内容": "医療法人社団よしはら歯科医院【3:歯科】山形県山形市若宮３－１－２２" }, "geometry": { "type": "Point", "coordinates": [ 140.307528, 38.225658 ] } },
{ "type": "Feature", "properties": { "ID": 63306530706, "正式名称": "しのだ歯科医院", "機関区分": 3, "都道府県コード": 6, "市区町村コード": 201, "所在地": "山形県山形市久保田１－８－１４－２", "緯度": 38.247286, "経度": 140.317912, "url": "https://www.iryou.teikyouseido.mhlw.go.jp/znk-web/juminkanja/S2430/initialize?prefCd=06&kikanCd=306530706&kikanKbn=3", "url2": "http://shinoda-d.jp", "内容": "しのだ歯科医院【3:歯科】山形県山形市久保田１－８－１４－２" }, "geometry": { "type": "Point", "coordinates": [ 140.317912, 38.247286 ] } },
{ "type": "Feature", "properties": { "ID": 63306530722, "正式名称": "楡の木歯科医院", "機関区分": 3, "都道府県コード": 6, "市区町村コード": 201, "所在地": "山形県山形市宮町４－６－６", "緯度": 38.265815, "経度": 140.337707, "url": "https://www.iryou.teikyouseido.mhlw.go.jp/znk-web/juminkanja/S2430/initialize?prefCd=06&kikanCd=306530722&kikanKbn=3", "url2": null, "内容": "楡の木歯科医院【3:歯科】山形県山形市宮町４－６－６" }, "geometry": { "type": "Point", "coordinates": [ 140.337707, 38.265815 ] } },
{ "type": "Feature", "properties": { "ID": 63306530748, "正式名称": "三浦歯科医院", "機関区分": 3, "都道府県コード": 6, "市区町村コード": 201, "所在地": "山形県山形市南館１−８−３", "緯度": 38.236973, "経度": 140.316296, "url": "https://www.iryou.teikyouseido.mhlw.go.jp/znk-web/juminkanja/S2430/initialize?prefCd=06&kikanCd=306530748&kikanKbn=3", "url2": "http://miura-dc.jp/", "内容": "三浦歯科医院【3:歯科】山形県山形市南館１−８−３" }, "geometry": { "type": "Point", "coordinates": [ 140.316296, 38.236973 ] } },
{ "type": "Feature", "properties": { "ID": 63306530751, "正式名称": "橋本歯科医院", "機関区分": 3, "都道府県コード": 6, "市区町村コード": 201, "所在地": "山形県山形市緑町１−９−２４", "緯度": 38.258988, "経度": 140.344232, "url": "https://www.iryou.teikyouseido.mhlw.go.jp/znk-web/juminkanja/S2430/initialize?prefCd=06&kikanCd=306530751&kikanKbn=3", "url2": null, "内容": "橋本歯科医院【3:歯科】山形県山形市緑町１−９−２４" }, "geometry": { "type": "Point", "coordinates": [ 140.344232, 38.258988 ] } },
{ "type": "Feature", "properties": { "ID": 63306530764, "正式名称": "平沢歯科医院", "機関区分": 3, "都道府県コード": 6, "市区町村コード": 201, "所在地": "山形県山形市上町５－９－１０", "緯度": 38.240412, "経度": 140.314494, "url": "https://www.iryou.teikyouseido.mhlw.go.jp/znk-web/juminkanja/S2430/initialize?prefCd=06&kikanCd=306530764&kikanKbn=3", "url2": null, "内容": "平沢歯科医院【3:歯科】山形県山形市上町５－９－１０" }, "geometry": { "type": "Point", "coordinates": [ 140.314494, 38.240412 ] } },
{ "type": "Feature", "properties": { "ID": 63306530777, "正式名称": "竹田歯科医院", "機関区分": 3, "都道府県コード": 6, "市区町村コード": 201, "所在地": "山形県山形市花楯２－１－４０", "緯度": 38.27102, "経度": 140.347595, "url": "https://www.iryou.teikyouseido.mhlw.go.jp/znk-web/juminkanja/S2430/initialize?prefCd=06&kikanCd=306530777&kikanKbn=3", "url2": null, "内容": "竹田歯科医院【3:歯科】山形県山形市花楯２－１－４０" }, "geometry": { "type": "Point", "coordinates": [ 140.347595, 38.27102 ] } },
{ "type": "Feature", "properties": { "ID": 63306530780, "正式名称": "さとみ矯正歯科クリニック", "機関区分": 3, "都道府県コード": 6, "市区町村コード": 201, "所在地": "山形県山形市香澄町２−９−１９", "緯度": 38.249998, "経度": 140.333158, "url": "https://www.iryou.teikyouseido.mhlw.go.jp/znk-web/juminkanja/S2430/initialize?prefCd=06&kikanCd=306530780&kikanKbn=3", "url2": "https://www.satomikyosei-shika.jp/", "内容": "さとみ矯正歯科クリニック【3:歯科】山形県山形市香澄町２−９−１９" }, "geometry": { "type": "Point", "coordinates": [ 140.333158, 38.249998 ] } },
{ "type": "Feature", "properties": { "ID": 63306530793, "正式名称": "石山歯科クリニック", "機関区分": 3, "都道府県コード": 6, "市区町村コード": 341, "所在地": "山形県北村山郡大石田町緑町", "緯度": 38.592769, "経度": 140.370963, "url": "https://www.iryou.teikyouseido.mhlw.go.jp/znk-web/juminkanja/S2430/initialize?prefCd=06&kikanCd=306530793&kikanKbn=3", "url2": "http://nttbj.itp.ne.jp/0237361788/index.html?Media_cate=populer&svc=1303", "内容": "石山歯科クリニック【3:歯科】山形県北村山郡大石田町緑町" }, "geometry": { "type": "Point", "coordinates": [ 140.370963, 38.592769 ] } },
{ "type": "Feature", "properties": { "ID": 63306530807, "正式名称": "あいおい歯科クリニック", "機関区分": 3, "都道府県コード": 6, "市区町村コード": 201, "所在地": "山形県山形市相生町６－３７", "緯度": 38.258186, "経度": 140.338774, "url": "https://www.iryou.teikyouseido.mhlw.go.jp/znk-web/juminkanja/S2430/initialize?prefCd=06&kikanCd=306530807&kikanKbn=3", "url2": "http://aioi-dc.com", "内容": "あいおい歯科クリニック【3:歯科】山形県山形市相生町６－３７" }, "geometry": { "type": "Point", "coordinates": [ 140.338774, 38.258186 ] } },
{ "type": "Feature", "properties": { "ID": 63306530810, "正式名称": "さくま歯科医院", "機関区分": 3, "都道府県コード": 6, "市区町村コード": 201, "所在地": "山形県山形市七日町４－４－３９", "緯度": 38.251392, "経度": 140.344588, "url": "https://www.iryou.teikyouseido.mhlw.go.jp/znk-web/juminkanja/S2430/initialize?prefCd=06&kikanCd=306530810&kikanKbn=3", "url2": null, "内容": "さくま歯科医院【3:歯科】山形県山形市七日町４－４－３９" }, "geometry": { "type": "Point", "coordinates": [ 140.344588, 38.251392 ] } },
{ "type": "Feature", "properties": { "ID": 63306530823, "正式名称": "阿部歯科医院", "機関区分": 3, "都道府県コード": 6, "市区町村コード": 207, "所在地": "山形県上山市旭町３－３－３１", "緯度": 38.166288, "経度": 140.289746, "url": "https://www.iryou.teikyouseido.mhlw.go.jp/znk-web/juminkanja/S2430/initialize?prefCd=06&kikanCd=306530823&kikanKbn=3", "url2": null, "内容": "阿部歯科医院【3:歯科】山形県上山市旭町３－３－３１" }, "geometry": { "type": "Point", "coordinates": [ 140.289746, 38.166288 ] } },
{ "type": "Feature", "properties": { "ID": 63306530849, "正式名称": "にとうべ歯科医院", "機関区分": 3, "都道府県コード": 6, "市区町村コード": 211, "所在地": "山形県東根市中央２丁目１８－２２", "緯度": 38.434259, "経度": 140.38931, "url": "https://www.iryou.teikyouseido.mhlw.go.jp/znk-web/juminkanja/S2430/initialize?prefCd=06&kikanCd=306530849&kikanKbn=3", "url2": "http://nitoube-dental.com", "内容": "にとうべ歯科医院【3:歯科】山形県東根市中央２丁目１８－２２" }, "geometry": { "type": "Point", "coordinates": [ 140.38931, 38.434259 ] } },
{ "type": "Feature", "properties": { "ID": 63306530852, "正式名称": "すまいる歯科", "機関区分": 3, "都道府県コード": 6, "市区町村コード": 201, "所在地": "山形県山形市城西町２－１０－１５", "緯度": 38.256619, "経度": 140.322031, "url": "https://www.iryou.teikyouseido.mhlw.go.jp/znk-web/juminkanja/S2430/initialize?prefCd=06&kikanCd=306530852&kikanKbn=3", "url2": "smile-dental-yamagata.com", "内容": "すまいる歯科【3:歯科】山形県山形市城西町２－１０－１５" }, "geometry": { "type": "Point", "coordinates": [ 140.322031, 38.256619 ] } },
{ "type": "Feature", "properties": { "ID": 63306530878, "正式名称": "さなだ歯科クリニック", "機関区分": 3, "都道府県コード": 6, "市区町村コード": 201, "所在地": "山形県山形市香澄町二丁目１１−８", "緯度": 38.250286, "経度": 140.3318, "url": "https://www.iryou.teikyouseido.mhlw.go.jp/znk-web/juminkanja/S2430/initialize?prefCd=06&kikanCd=306530878&kikanKbn=3", "url2": "http://www.sanada-dc.jp/", "内容": "さなだ歯科クリニック【3:歯科】山形県山形市香澄町二丁目１１−８" }, "geometry": { "type": "Point", "coordinates": [ 140.3318, 38.250286 ] } },
{ "type": "Feature", "properties": { "ID": 63306530881, "正式名称": "医療法人きはら歯科クリニック", "機関区分": 3, "都道府県コード": 6, "市区町村コード": 208, "所在地": "山形県村山市楯岡新町四丁目２−２９", "緯度": 38.46952, "経度": 140.389841, "url": "https://www.iryou.teikyouseido.mhlw.go.jp/znk-web/juminkanja/S2430/initialize?prefCd=06&kikanCd=306530881&kikanKbn=3", "url2": null, "内容": "医療法人きはら歯科クリニック【3:歯科】山形県村山市楯岡新町四丁目２−２９" }, "geometry": { "type": "Point", "coordinates": [ 140.389841, 38.46952 ] } },
{ "type": "Feature", "properties": { "ID": 63306530894, "正式名称": "優歯科クリニック", "機関区分": 3, "都道府県コード": 6, "市区町村コード": 210, "所在地": "山形県天童市北久野本５ー１―８", "緯度": 38.379955, "経度": 140.376169, "url": "https://www.iryou.teikyouseido.mhlw.go.jp/znk-web/juminkanja/S2430/initialize?prefCd=06&kikanCd=306530894&kikanKbn=3", "url2": null, "内容": "優歯科クリニック【3:歯科】山形県天童市北久野本５ー１―８" }, "geometry": { "type": "Point", "coordinates": [ 140.376169, 38.379955 ] } },
{ "type": "Feature", "properties": { "ID": 63306530908, "正式名称": "さいとう矯正歯科", "機関区分": 3, "都道府県コード": 6, "市区町村コード": 201, "所在地": "山形県山形市成沢西一丁目５－２９", "緯度": 38.210684, "経度": 140.31487, "url": "https://www.iryou.teikyouseido.mhlw.go.jp/znk-web/juminkanja/S2430/initialize?prefCd=06&kikanCd=306530908&kikanKbn=3", "url2": "http://www.saito-saito.com", "内容": "さいとう矯正歯科【3:歯科】山形県山形市成沢西一丁目５－２９" }, "geometry": { "type": "Point", "coordinates": [ 140.31487, 38.210684 ] } },
{ "type": "Feature", "properties": { "ID": 63306530911, "正式名称": "けい歯科・矯正歯科クリニック", "機関区分": 3, "都道府県コード": 6, "市区町村コード": 210, "所在地": "山形県天童市鍬ノ町１−１−２１", "緯度": 38.356694, "経度": 140.384435, "url": "https://www.iryou.teikyouseido.mhlw.go.jp/znk-web/juminkanja/S2430/initialize?prefCd=06&kikanCd=306530911&kikanKbn=3", "url2": "http://www.kei-shika.com", "内容": "けい歯科・矯正歯科クリニック【3:歯科】山形県天童市鍬ノ町１−１−２１" }, "geometry": { "type": "Point", "coordinates": [ 140.384435, 38.356694 ] } },
{ "type": "Feature", "properties": { "ID": 63306530924, "正式名称": "もとさわ歯科", "機関区分": 3, "都道府県コード": 6, "市区町村コード": 201, "所在地": "山形県山形市長谷堂４４４２", "緯度": 38.217599, "経度": 140.279623, "url": "https://www.iryou.teikyouseido.mhlw.go.jp/znk-web/juminkanja/S2430/initialize?prefCd=06&kikanCd=306530924&kikanKbn=3", "url2": null, "内容": "もとさわ歯科【3:歯科】山形県山形市長谷堂４４４２" }, "geometry": { "type": "Point", "coordinates": [ 140.279623, 38.217599 ] } },
{ "type": "Feature", "properties": { "ID": 63306530953, "正式名称": "林歯科医院", "機関区分": 3, "都道府県コード": 6, "市区町村コード": 210, "所在地": "山形県天童市田鶴町４−２−６６", "緯度": 38.357876, "経度": 140.365737, "url": "https://www.iryou.teikyouseido.mhlw.go.jp/znk-web/juminkanja/S2430/initialize?prefCd=06&kikanCd=306530953&kikanKbn=3", "url2": null, "内容": "林歯科医院【3:歯科】山形県天童市田鶴町４−２−６６" }, "geometry": { "type": "Point", "coordinates": [ 140.365737, 38.357876 ] } },
{ "type": "Feature", "properties": { "ID": 63306530966, "正式名称": "南館歯科クリニック", "機関区分": 3, "都道府県コード": 6, "市区町村コード": 201, "所在地": "山形県山形市南館３－２１－１", "緯度": 38.232757, "経度": 140.313749, "url": "https://www.iryou.teikyouseido.mhlw.go.jp/znk-web/juminkanja/S2430/initialize?prefCd=06&kikanCd=306530966&kikanKbn=3", "url2": "https://minamidate-dental.com/", "内容": "南館歯科クリニック【3:歯科】山形県山形市南館３－２１－１" }, "geometry": { "type": "Point", "coordinates": [ 140.313749, 38.232757 ] } },
{ "type": "Feature", "properties": { "ID": 63306530982, "正式名称": "八幡堂高橋歯科医院", "機関区分": 3, "都道府県コード": 6, "市区町村コード": 207, "所在地": "山形県上山市沢丁３ー８", "緯度": 38.155717, "経度": 140.275029, "url": "https://www.iryou.teikyouseido.mhlw.go.jp/znk-web/juminkanja/S2430/initialize?prefCd=06&kikanCd=306530982&kikanKbn=3", "url2": "https://www.yawatadou-takahashi-shikaiin.com", "内容": "八幡堂高橋歯科医院【3:歯科】山形県上山市沢丁３ー８" }, "geometry": { "type": "Point", "coordinates": [ 140.275029, 38.155717 ] } },
{ "type": "Feature", "properties": { "ID": 63306530995, "正式名称": "国井デンタルクリニック", "機関区分": 3, "都道府県コード": 6, "市区町村コード": 206, "所在地": "山形県寒河江市中郷１４４６", "緯度": 38.372263, "経度": 140.221006, "url": "https://www.iryou.teikyouseido.mhlw.go.jp/znk-web/juminkanja/S2430/initialize?prefCd=06&kikanCd=306530995&kikanKbn=3", "url2": "http://www.kunii-dc.com/", "内容": "国井デンタルクリニック【3:歯科】山形県寒河江市中郷１４４６" }, "geometry": { "type": "Point", "coordinates": [ 140.221006, 38.372263 ] } },
{ "type": "Feature", "properties": { "ID": 63306531006, "正式名称": "高田歯科医院", "機関区分": 3, "都道府県コード": 6, "市区町村コード": 201, "所在地": "山形県山形市六日町１−３", "緯度": 38.259312, "経度": 140.340096, "url": "https://www.iryou.teikyouseido.mhlw.go.jp/znk-web/juminkanja/S2430/initialize?prefCd=06&kikanCd=306531006&kikanKbn=3", "url2": null, "内容": "高田歯科医院【3:歯科】山形県山形市六日町１−３" }, "geometry": { "type": "Point", "coordinates": [ 140.340096, 38.259312 ] } },
{ "type": "Feature", "properties": { "ID": 63306531019, "正式名称": "吾妻歯科クリニック", "機関区分": 3, "都道府県コード": 6, "市区町村コード": 341, "所在地": "山形県北村山郡大石田町駅前通り", "緯度": 38.593405, "経度": 140.374902, "url": "https://www.iryou.teikyouseido.mhlw.go.jp/znk-web/juminkanja/S2430/initialize?prefCd=06&kikanCd=306531019&kikanKbn=3", "url2": null, "内容": "吾妻歯科クリニック【3:歯科】山形県北村山郡大石田町駅前通り" }, "geometry": { "type": "Point", "coordinates": [ 140.374902, 38.593405 ] } },
{ "type": "Feature", "properties": { "ID": 63306531048, "正式名称": "あきば歯科医院", "機関区分": 3, "都道府県コード": 6, "市区町村コード": 210, "所在地": "山形県天童市南町２−１４−３５", "緯度": 38.342157, "経度": 140.369243, "url": "https://www.iryou.teikyouseido.mhlw.go.jp/znk-web/juminkanja/S2430/initialize?prefCd=06&kikanCd=306531048&kikanKbn=3", "url2": null, "内容": "あきば歯科医院【3:歯科】山形県天童市南町２−１４−３５" }, "geometry": { "type": "Point", "coordinates": [ 140.369243, 38.342157 ] } },
{ "type": "Feature", "properties": { "ID": 63306531051, "正式名称": "もてき歯科クリニック", "機関区分": 3, "都道府県コード": 6, "市区町村コード": 210, "所在地": "山形県天童市東本町１－１－１４", "緯度": 38.359569, "経度": 140.373932, "url": "https://www.iryou.teikyouseido.mhlw.go.jp/znk-web/juminkanja/S2430/initialize?prefCd=06&kikanCd=306531051&kikanKbn=3", "url2": null, "内容": "もてき歯科クリニック【3:歯科】山形県天童市東本町１－１－１４" }, "geometry": { "type": "Point", "coordinates": [ 140.373932, 38.359569 ] } },
{ "type": "Feature", "properties": { "ID": 63306531064, "正式名称": "たちばな歯科クリニック", "機関区分": 3, "都道府県コード": 6, "市区町村コード": 201, "所在地": "山形県山形市西田３－１１－２３", "緯度": 38.267073, "経度": 140.317609, "url": "https://www.iryou.teikyouseido.mhlw.go.jp/znk-web/juminkanja/S2430/initialize?prefCd=06&kikanCd=306531064&kikanKbn=3", "url2": null, "内容": "たちばな歯科クリニック【3:歯科】山形県山形市西田３－１１－２３" }, "geometry": { "type": "Point", "coordinates": [ 140.317609, 38.267073 ] } },
{ "type": "Feature", "properties": { "ID": 63306531077, "正式名称": "あらい歯科医院", "機関区分": 3, "都道府県コード": 6, "市区町村コード": 201, "所在地": "山形県山形市元木１－１０－６２", "緯度": 38.224578, "経度": 140.324712, "url": "https://www.iryou.teikyouseido.mhlw.go.jp/znk-web/juminkanja/S2430/initialize?prefCd=06&kikanCd=306531077&kikanKbn=3", "url2": null, "内容": "あらい歯科医院【3:歯科】山形県山形市元木１－１０－６２" }, "geometry": { "type": "Point", "coordinates": [ 140.324712, 38.224578 ] } },
{ "type": "Feature", "properties": { "ID": 63306531080, "正式名称": "みずき歯科クリニック", "機関区分": 3, "都道府県コード": 6, "市区町村コード": 206, "所在地": "山形県寒河江市みずき２－１－１０", "緯度": 38.366009, "経度": 140.282862, "url": "https://www.iryou.teikyouseido.mhlw.go.jp/znk-web/juminkanja/S2430/initialize?prefCd=06&kikanCd=306531080&kikanKbn=3", "url2": "https://itp.ne.jp/info/063471751143940820/", "内容": "みずき歯科クリニック【3:歯科】山形県寒河江市みずき２－１－１０" }, "geometry": { "type": "Point", "coordinates": [ 140.282862, 38.366009 ] } },
{ "type": "Feature", "properties": { "ID": 63306531093, "正式名称": "タクヤデンタルクリニック", "機関区分": 3, "都道府県コード": 6, "市区町村コード": 201, "所在地": "山形県山形市嶋北４－２－３３", "緯度": 38.286972, "経度": 140.31719, "url": "https://www.iryou.teikyouseido.mhlw.go.jp/znk-web/juminkanja/S2430/initialize?prefCd=06&kikanCd=306531093&kikanKbn=3", "url2": "http://www.takuya-dental.com/", "内容": "タクヤデンタルクリニック【3:歯科】山形県山形市嶋北４－２－３３" }, "geometry": { "type": "Point", "coordinates": [ 140.31719, 38.286972 ] } },
{ "type": "Feature", "properties": { "ID": 63306531106, "正式名称": "沼木大沼歯科医院", "機関区分": 3, "都道府県コード": 6, "市区町村コード": 201, "所在地": "山形県山形市明神前３２－４", "緯度": 38.244811, "経度": 140.290016, "url": "https://www.iryou.teikyouseido.mhlw.go.jp/znk-web/juminkanja/S2430/initialize?prefCd=06&kikanCd=306531106&kikanKbn=3", "url2": null, "内容": "沼木大沼歯科医院【3:歯科】山形県山形市明神前３２－４" }, "geometry": { "type": "Point", "coordinates": [ 140.290016, 38.244811 ] } },
{ "type": "Feature", "properties": { "ID": 63306531110, "正式名称": "しぶや歯科医院", "機関区分": 3, "都道府県コード": 6, "市区町村コード": 302, "所在地": "山形県東村山郡中山町あおば１４－４", "緯度": 38.33755, "経度": 140.283234, "url": "https://www.iryou.teikyouseido.mhlw.go.jp/znk-web/juminkanja/S2430/initialize?prefCd=06&kikanCd=306531110&kikanKbn=3", "url2": "https://www.shibuya-dent.com", "内容": "しぶや歯科医院【3:歯科】山形県東村山郡中山町あおば１４－４" }, "geometry": { "type": "Point", "coordinates": [ 140.283234, 38.33755 ] } },
{ "type": "Feature", "properties": { "ID": 63306531123, "正式名称": "江良歯科医院", "機関区分": 3, "都道府県コード": 6, "市区町村コード": 201, "所在地": "山形県山形市落合町字二口２０３－１", "緯度": 38.283446, "経度": 140.349832, "url": "https://www.iryou.teikyouseido.mhlw.go.jp/znk-web/juminkanja/S2430/initialize?prefCd=06&kikanCd=306531123&kikanKbn=3", "url2": "http://era-dc.com/", "内容": "江良歯科医院【3:歯科】山形県山形市落合町字二口２０３－１" }, "geometry": { "type": "Point", "coordinates": [ 140.349832, 38.283446 ] } },
{ "type": "Feature", "properties": { "ID": 63306531152, "正式名称": "青木歯科医院", "機関区分": 3, "都道府県コード": 6, "市区町村コード": 201, "所在地": "山形県山形市富の中", "緯度": 38.0, "経度": 140.306423, "url": "https://www.iryou.teikyouseido.mhlw.go.jp/znk-web/juminkanja/S2430/initialize?prefCd=06&kikanCd=306531152&kikanKbn=3", "url2": null, "内容": "青木歯科医院【3:歯科】山形県山形市富の中" }, "geometry": { "type": "Point", "coordinates": [ 140.306423, 38.0 ] } },
{ "type": "Feature", "properties": { "ID": 63306531165, "正式名称": "森歯科クリニック", "機関区分": 3, "都道府県コード": 6, "市区町村コード": 211, "所在地": "山形県東根市中央南１−５−１６", "緯度": 38.42812, "経度": 140.393646, "url": "https://www.iryou.teikyouseido.mhlw.go.jp/znk-web/juminkanja/S2430/initialize?prefCd=06&kikanCd=306531165&kikanKbn=3", "url2": "https://www.mori-dental.info", "内容": "森歯科クリニック【3:歯科】山形県東根市中央南１−５−１６" }, "geometry": { "type": "Point", "coordinates": [ 140.393646, 38.42812 ] } },
{ "type": "Feature", "properties": { "ID": 63306531178, "正式名称": "大泉歯科クリニック", "機関区分": 3, "都道府県コード": 6, "市区町村コード": 201, "所在地": "山形県山形市城西町５−２９−１１", "緯度": 38.2623, "経度": 140.315352, "url": "https://www.iryou.teikyouseido.mhlw.go.jp/znk-web/juminkanja/S2430/initialize?prefCd=06&kikanCd=306531178&kikanKbn=3", "url2": "http://www.ohizumi-dental.com", "内容": "大泉歯科クリニック【3:歯科】山形県山形市城西町５−２９−１１" }, "geometry": { "type": "Point", "coordinates": [ 140.315352, 38.2623 ] } },
{ "type": "Feature", "properties": { "ID": 63306531181, "正式名称": "大沼歯科医院", "機関区分": 3, "都道府県コード": 6, "市区町村コード": 201, "所在地": "山形県山形市長町２－４－１２", "緯度": 38.287713, "経度": 140.341726, "url": "https://www.iryou.teikyouseido.mhlw.go.jp/znk-web/juminkanja/S2430/initialize?prefCd=06&kikanCd=306531181&kikanKbn=3", "url2": null, "内容": "大沼歯科医院【3:歯科】山形県山形市長町２－４－１２" }, "geometry": { "type": "Point", "coordinates": [ 140.341726, 38.287713 ] } },
{ "type": "Feature", "properties": { "ID": 63306531208, "正式名称": "堀歯科クリニック", "機関区分": 3, "都道府県コード": 6, "市区町村コード": 201, "所在地": "山形県山形市下条町２－４－１３", "緯度": 38.262549, "経度": 140.324683, "url": "https://www.iryou.teikyouseido.mhlw.go.jp/znk-web/juminkanja/S2430/initialize?prefCd=06&kikanCd=306531208&kikanKbn=3", "url2": "http://www.horishika.net/", "内容": "堀歯科クリニック【3:歯科】山形県山形市下条町２－４－１３" }, "geometry": { "type": "Point", "coordinates": [ 140.324683, 38.262549 ] } },
{ "type": "Feature", "properties": { "ID": 63306531211, "正式名称": "あやこ歯科医院", "機関区分": 3, "都道府県コード": 6, "市区町村コード": 201, "所在地": "山形県山形市内表東２９１－１", "緯度": 38.291015, "経度": 140.304755, "url": "https://www.iryou.teikyouseido.mhlw.go.jp/znk-web/juminkanja/S2430/initialize?prefCd=06&kikanCd=306531211&kikanKbn=3", "url2": "http://ayakoshika.net", "内容": "あやこ歯科医院【3:歯科】山形県山形市内表東２９１－１" }, "geometry": { "type": "Point", "coordinates": [ 140.304755, 38.291015 ] } },
{ "type": "Feature", "properties": { "ID": 63306531224, "正式名称": "新田歯科医院", "機関区分": 3, "都道府県コード": 6, "市区町村コード": 201, "所在地": "山形県山形市片谷地３９９－８", "緯度": 38.216764, "経度": 140.309146, "url": "https://www.iryou.teikyouseido.mhlw.go.jp/znk-web/juminkanja/S2430/initialize?prefCd=06&kikanCd=306531224&kikanKbn=3", "url2": "http://www.nitta-dental.com", "内容": "新田歯科医院【3:歯科】山形県山形市片谷地３９９－８" }, "geometry": { "type": "Point", "coordinates": [ 140.309146, 38.216764 ] } },
{ "type": "Feature", "properties": { "ID": 63306531253, "正式名称": "せいの歯科医院", "機関区分": 3, "都道府県コード": 6, "市区町村コード": 206, "所在地": "山形県寒河江市字寒河江市大字寒河江字鶴田９－２", "緯度": 38.379737, "経度": 140.259279, "url": "https://www.iryou.teikyouseido.mhlw.go.jp/znk-web/juminkanja/S2430/initialize?prefCd=06&kikanCd=306531253&kikanKbn=3", "url2": null, "内容": "せいの歯科医院【3:歯科】山形県寒河江市字寒河江市大字寒河江字鶴田９－２" }, "geometry": { "type": "Point", "coordinates": [ 140.259279, 38.379737 ] } },
{ "type": "Feature", "properties": { "ID": 63306531266, "正式名称": "神部歯科医院", "機関区分": 3, "都道府県コード": 6, "市区町村コード": 341, "所在地": "山形県北村山郡大石田町大石田丁６５－２", "緯度": 38.588467, "経度": 140.374598, "url": "https://www.iryou.teikyouseido.mhlw.go.jp/znk-web/juminkanja/S2430/initialize?prefCd=06&kikanCd=306531266&kikanKbn=3", "url2": "www.jimbu-dc.com", "内容": "神部歯科医院【3:歯科】山形県北村山郡大石田町大石田丁６５－２" }, "geometry": { "type": "Point", "coordinates": [ 140.374598, 38.588467 ] } },
{ "type": "Feature", "properties": { "ID": 63306531279, "正式名称": "ひなデンタルクリニック", "機関区分": 3, "都道府県コード": 6, "市区町村コード": 321, "所在地": "山形県西村山郡河北町谷地中央２－６－１２", "緯度": 38.4203417, "経度": 140.314717, "url": "https://www.iryou.teikyouseido.mhlw.go.jp/znk-web/juminkanja/S2430/initialize?prefCd=06&kikanCd=306531279&kikanKbn=3", "url2": null, "内容": "ひなデンタルクリニック【3:歯科】山形県西村山郡河北町谷地中央２－６－１２" }, "geometry": { "type": "Point", "coordinates": [ 140.314717, 38.4203417 ] } },
{ "type": "Feature", "properties": { "ID": 63306531282, "正式名称": "あこや町ゆうきデンタルクリニック", "機関区分": 3, "都道府県コード": 6, "市区町村コード": 201, "所在地": "山形県山形市あこや町一丁目２ー１５", "緯度": 38.241067, "経度": 140.351849, "url": "https://www.iryou.teikyouseido.mhlw.go.jp/znk-web/juminkanja/S2430/initialize?prefCd=06&kikanCd=306531282&kikanKbn=3", "url2": "http://www.yuki-dental.net", "内容": "あこや町ゆうきデンタルクリニック【3:歯科】山形県山形市あこや町一丁目２ー１５" }, "geometry": { "type": "Point", "coordinates": [ 140.351849, 38.241067 ] } },
{ "type": "Feature", "properties": { "ID": 63306531312, "正式名称": "緑ヶ丘歯科クリニック", "機関区分": 3, "都道府県コード": 6, "市区町村コード": 301, "所在地": "山形県東村山郡山辺町緑ケ丘", "緯度": 38.290548, "経度": 140.257172, "url": "https://www.iryou.teikyouseido.mhlw.go.jp/znk-web/juminkanja/S2430/initialize?prefCd=06&kikanCd=306531312&kikanKbn=3", "url2": null, "内容": "緑ヶ丘歯科クリニック【3:歯科】山形県東村山郡山辺町緑ケ丘" }, "geometry": { "type": "Point", "coordinates": [ 140.257172, 38.290548 ] } },
{ "type": "Feature", "properties": { "ID": 63306531338, "正式名称": "さくら歯科クリニック", "機関区分": 3, "都道府県コード": 6, "市区町村コード": 201, "所在地": "山形県山形市小白川町１ー１６ー３３", "緯度": 38.243576, "経度": 140.351456, "url": "https://www.iryou.teikyouseido.mhlw.go.jp/znk-web/juminkanja/S2430/initialize?prefCd=06&kikanCd=306531338&kikanKbn=3", "url2": null, "内容": "さくら歯科クリニック【3:歯科】山形県山形市小白川町１ー１６ー３３" }, "geometry": { "type": "Point", "coordinates": [ 140.351456, 38.243576 ] } },
{ "type": "Feature", "properties": { "ID": 63306531354, "正式名称": "山形市歯科医師会休日救急歯科診療所", "機関区分": 3, "都道府県コード": 6, "市区町村コード": 201, "所在地": "山形県山形市香澄町２－９－３９", "緯度": 38.249203, "経度": 140.333297, "url": "https://www.iryou.teikyouseido.mhlw.go.jp/znk-web/juminkanja/S2430/initialize?prefCd=06&kikanCd=306531354&kikanKbn=3", "url2": null, "内容": "山形市歯科医師会休日救急歯科診療所【3:歯科】山形県山形市香澄町２－９－３９" }, "geometry": { "type": "Point", "coordinates": [ 140.333297, 38.249203 ] } },
{ "type": "Feature", "properties": { "ID": 63306531400, "正式名称": "四葉こども歯科", "機関区分": 3, "都道府県コード": 6, "市区町村コード": 201, "所在地": "山形県山形市十日町２－１－４２", "緯度": 38.246456, "経度": 140.335727, "url": "https://www.iryou.teikyouseido.mhlw.go.jp/znk-web/juminkanja/S2430/initialize?prefCd=06&kikanCd=306531400&kikanKbn=3", "url2": null, "内容": "四葉こども歯科【3:歯科】山形県山形市十日町２－１－４２" }, "geometry": { "type": "Point", "coordinates": [ 140.335727, 38.246456 ] } },
{ "type": "Feature", "properties": { "ID": 63306531439, "正式名称": "アイデンタルクリニック", "機関区分": 3, "都道府県コード": 6, "市区町村コード": 207, "所在地": "山形県上山市仙石字元糸目７９４", "緯度": 38.151654, "経度": 140.286736, "url": "https://www.iryou.teikyouseido.mhlw.go.jp/znk-web/juminkanja/S2430/initialize?prefCd=06&kikanCd=306531439&kikanKbn=3", "url2": null, "内容": "アイデンタルクリニック【3:歯科】山形県上山市仙石字元糸目７９４" }, "geometry": { "type": "Point", "coordinates": [ 140.286736, 38.151654 ] } },
{ "type": "Feature", "properties": { "ID": 63306531471, "正式名称": "なりさわ歯科クリニック", "機関区分": 3, "都道府県コード": 6, "市区町村コード": 201, "所在地": "山形県山形市成沢西１－６－４８", "緯度": 38.209965, "経度": 140.315397, "url": "https://www.iryou.teikyouseido.mhlw.go.jp/znk-web/juminkanja/S2430/initialize?prefCd=06&kikanCd=306531471&kikanKbn=3", "url2": "https://www.narisawa-dental.com/", "内容": "なりさわ歯科クリニック【3:歯科】山形県山形市成沢西１－６－４８" }, "geometry": { "type": "Point", "coordinates": [ 140.315397, 38.209965 ] } },
{ "type": "Feature", "properties": { "ID": 63306531501, "正式名称": "冨田歯科西高前医院", "機関区分": 3, "都道府県コード": 6, "市区町村コード": 201, "所在地": "山形県山形市美畑町４－２９", "緯度": 38.236615, "経度": 140.326619, "url": "https://www.iryou.teikyouseido.mhlw.go.jp/znk-web/juminkanja/S2430/initialize?prefCd=06&kikanCd=306531501&kikanKbn=3", "url2": "tomita-yg-shika.com", "内容": "冨田歯科西高前医院【3:歯科】山形県山形市美畑町４－２９" }, "geometry": { "type": "Point", "coordinates": [ 140.326619, 38.236615 ] } },
{ "type": "Feature", "properties": { "ID": 63306531514, "正式名称": "ひまわりデンタルクリニック", "機関区分": 3, "都道府県コード": 6, "市区町村コード": 201, "所在地": "山形県山形市松栄一丁目２番３１号", "緯度": 38.239698, "経度": 140.295013, "url": "https://www.iryou.teikyouseido.mhlw.go.jp/znk-web/juminkanja/S2430/initialize?prefCd=06&kikanCd=306531514&kikanKbn=3", "url2": null, "内容": "ひまわりデンタルクリニック【3:歯科】山形県山形市松栄一丁目２番３１号" }, "geometry": { "type": "Point", "coordinates": [ 140.295013, 38.239698 ] } },
{ "type": "Feature", "properties": { "ID": 63306531556, "正式名称": "橋本歯科医院", "機関区分": 3, "都道府県コード": 6, "市区町村コード": 201, "所在地": "山形県山形市荒楯町１－４－１０", "緯度": 38.234099, "経度": 140.335728, "url": "https://www.iryou.teikyouseido.mhlw.go.jp/znk-web/juminkanja/S2430/initialize?prefCd=06&kikanCd=306531556&kikanKbn=3", "url2": "http://otafuku.dental-office.jp/", "内容": "橋本歯科医院【3:歯科】山形県山形市荒楯町１－４－１０" }, "geometry": { "type": "Point", "coordinates": [ 140.335728, 38.234099 ] } },
{ "type": "Feature", "properties": { "ID": 63306531569, "正式名称": "永田歯科医院", "機関区分": 3, "都道府県コード": 6, "市区町村コード": 207, "所在地": "山形県上山市元城内３ー６２", "緯度": 38.157284, "経度": 140.27682, "url": "https://www.iryou.teikyouseido.mhlw.go.jp/znk-web/juminkanja/S2430/initialize?prefCd=06&kikanCd=306531569&kikanKbn=3", "url2": "http://www.nagata-dentaloffice.com/", "内容": "永田歯科医院【3:歯科】山形県上山市元城内３ー６２" }, "geometry": { "type": "Point", "coordinates": [ 140.27682, 38.157284 ] } },
{ "type": "Feature", "properties": { "ID": 63306531585, "正式名称": "医療法人社団みらい　坂本デンタルオフィス", "機関区分": 3, "都道府県コード": 6, "市区町村コード": 201, "所在地": "山形県山形市江俣５－８－８", "緯度": 38.279255, "経度": 140.313598, "url": "https://www.iryou.teikyouseido.mhlw.go.jp/znk-web/juminkanja/S2430/initialize?prefCd=06&kikanCd=306531585&kikanKbn=3", "url2": "http://sakamoto-d-o.com/", "内容": "医療法人社団みらい　坂本デンタルオフィス【3:歯科】山形県山形市江俣５－８－８" }, "geometry": { "type": "Point", "coordinates": [ 140.313598, 38.279255 ] } },
{ "type": "Feature", "properties": { "ID": 63306531598, "正式名称": "スマイル歯科医院", "機関区分": 3, "都道府県コード": 6, "市区町村コード": 321, "所在地": "山形県西村山郡河北町谷地３８０－１", "緯度": 38.333504, "経度": 140.295153, "url": "https://www.iryou.teikyouseido.mhlw.go.jp/znk-web/juminkanja/S2430/initialize?prefCd=06&kikanCd=306531598&kikanKbn=3", "url2": "http://www.kahokusmile.com", "内容": "スマイル歯科医院【3:歯科】山形県西村山郡河北町谷地３８０－１" }, "geometry": { "type": "Point", "coordinates": [ 140.295153, 38.333504 ] } },
{ "type": "Feature", "properties": { "ID": 63306531628, "正式名称": "けやき歯科クリニック", "機関区分": 3, "都道府県コード": 6, "市区町村コード": 211, "所在地": "山形県東根市神町北２−４−１５", "緯度": 38.422842, "経度": 140.371296, "url": "https://www.iryou.teikyouseido.mhlw.go.jp/znk-web/juminkanja/S2430/initialize?prefCd=06&kikanCd=306531628&kikanKbn=3", "url2": "https://keyakishika-ys.com/", "内容": "けやき歯科クリニック【3:歯科】山形県東根市神町北２−４−１５" }, "geometry": { "type": "Point", "coordinates": [ 140.371296, 38.422842 ] } },
{ "type": "Feature", "properties": { "ID": 63306531644, "正式名称": "かいわ歯科クリニック", "機関区分": 3, "都道府県コード": 6, "市区町村コード": 201, "所在地": "山形県山形市あかねケ丘１丁目１ー４", "緯度": 38.251636, "経度": 140.313957, "url": "https://www.iryou.teikyouseido.mhlw.go.jp/znk-web/juminkanja/S2430/initialize?prefCd=06&kikanCd=306531644&kikanKbn=3", "url2": "http://kaiwa.dental-office.jp/", "内容": "かいわ歯科クリニック【3:歯科】山形県山形市あかねケ丘１丁目１ー４" }, "geometry": { "type": "Point", "coordinates": [ 140.313957, 38.251636 ] } },
{ "type": "Feature", "properties": { "ID": 63306531660, "正式名称": "佐藤歯科医院", "機関区分": 3, "都道府県コード": 6, "市区町村コード": 321, "所在地": "山形県西村山郡河北町谷地甲１９８", "緯度": 38.425543, "経度": 140.311045, "url": "https://www.iryou.teikyouseido.mhlw.go.jp/znk-web/juminkanja/S2430/initialize?prefCd=06&kikanCd=306531660&kikanKbn=3", "url2": null, "内容": "佐藤歯科医院【3:歯科】山形県西村山郡河北町谷地甲１９８" }, "geometry": { "type": "Point", "coordinates": [ 140.311045, 38.425543 ] } },
{ "type": "Feature", "properties": { "ID": 63306531686, "正式名称": "十日町デンタルクリニック", "機関区分": 3, "都道府県コード": 6, "市区町村コード": 201, "所在地": "山形県山形市十日町２－２－５１", "緯度": 38.245565, "経度": 140.337288, "url": "https://www.iryou.teikyouseido.mhlw.go.jp/znk-web/juminkanja/S2430/initialize?prefCd=06&kikanCd=306531686&kikanKbn=3", "url2": null, "内容": "十日町デンタルクリニック【3:歯科】山形県山形市十日町２－２－５１" }, "geometry": { "type": "Point", "coordinates": [ 140.337288, 38.245565 ] } },
{ "type": "Feature", "properties": { "ID": 63306531699, "正式名称": "さくら歯科クリニック", "機関区分": 3, "都道府県コード": 6, "市区町村コード": 321, "所在地": "山形県西村山郡河北町西里７６３－２", "緯度": 38.417844, "経度": 140.290648, "url": "https://www.iryou.teikyouseido.mhlw.go.jp/znk-web/juminkanja/S2430/initialize?prefCd=06&kikanCd=306531699&kikanKbn=3", "url2": null, "内容": "さくら歯科クリニック【3:歯科】山形県西村山郡河北町西里７６３－２" }, "geometry": { "type": "Point", "coordinates": [ 140.290648, 38.417844 ] } },
{ "type": "Feature", "properties": { "ID": 63306531729, "正式名称": "福田歯科クリニック", "機関区分": 3, "都道府県コード": 6, "市区町村コード": 210, "所在地": "山形県天童市芳賀タウン南３丁目１１－３", "緯度": 38.338913, "経度": 140.360712, "url": "https://www.iryou.teikyouseido.mhlw.go.jp/znk-web/juminkanja/S2430/initialize?prefCd=06&kikanCd=306531729&kikanKbn=3", "url2": "http://www.genyu-dc.com", "内容": "福田歯科クリニック【3:歯科】山形県天童市芳賀タウン南３丁目１１－３" }, "geometry": { "type": "Point", "coordinates": [ 140.360712, 38.338913 ] } },
{ "type": "Feature", "properties": { "ID": 63306531732, "正式名称": "東青田なりはら歯科医院", "機関区分": 3, "都道府県コード": 6, "市区町村コード": 201, "所在地": "山形県山形市東青田３−７−２０", "緯度": 38.221423, "経度": 140.337319, "url": "https://www.iryou.teikyouseido.mhlw.go.jp/znk-web/juminkanja/S2430/initialize?prefCd=06&kikanCd=306531732&kikanKbn=3", "url2": null, "内容": "東青田なりはら歯科医院【3:歯科】山形県山形市東青田３−７−２０" }, "geometry": { "type": "Point", "coordinates": [ 140.337319, 38.221423 ] } },
{ "type": "Feature", "properties": { "ID": 63306531745, "正式名称": "仁歯科医院", "機関区分": 3, "都道府県コード": 6, "市区町村コード": 201, "所在地": "山形県山形市南原町一丁目二十番二十号", "緯度": 38.235619, "経度": 140.345625, "url": "https://www.iryou.teikyouseido.mhlw.go.jp/znk-web/juminkanja/S2430/initialize?prefCd=06&kikanCd=306531745&kikanKbn=3", "url2": "https://jindental.amebaownd.com", "内容": "仁歯科医院【3:歯科】山形県山形市南原町一丁目二十番二十号" }, "geometry": { "type": "Point", "coordinates": [ 140.345625, 38.235619 ] } },
{ "type": "Feature", "properties": { "ID": 63306531758, "正式名称": "医療法人さくら会えだまつ歯科口腔外科クリニック", "機関区分": 3, "都道府県コード": 6, "市区町村コード": 211, "所在地": "山形県東根市神町北５ー１５－１７", "緯度": 38.41318, "経度": 140.386802, "url": "https://www.iryou.teikyouseido.mhlw.go.jp/znk-web/juminkanja/S2430/initialize?prefCd=06&kikanCd=306531758&kikanKbn=3", "url2": "http://www.clinic-edamatsu.com", "内容": "医療法人さくら会えだまつ歯科口腔外科クリニック【3:歯科】山形県東根市神町北５ー１５－１７" }, "geometry": { "type": "Point", "coordinates": [ 140.386802, 38.41318 ] } },
{ "type": "Feature", "properties": { "ID": 63306531761, "正式名称": "ホームデンタルクリニック", "機関区分": 3, "都道府県コード": 6, "市区町村コード": 210, "所在地": "山形県天童市南小畑", "緯度": 38.349997, "経度": 140.363836, "url": "https://www.iryou.teikyouseido.mhlw.go.jp/znk-web/juminkanja/S2430/initialize?prefCd=06&kikanCd=306531761&kikanKbn=3", "url2": "homedentalclinic.jp", "内容": "ホームデンタルクリニック【3:歯科】山形県天童市南小畑" }, "geometry": { "type": "Point", "coordinates": [ 140.363836, 38.349997 ] } },
{ "type": "Feature", "properties": { "ID": 63306531774, "正式名称": "つねファミリー歯科", "機関区分": 3, "都道府県コード": 6, "市区町村コード": 210, "所在地": "山形県天童市芳賀タウン北５丁目６番２７号", "緯度": 38.345155, "経度": 140.365297, "url": "https://www.iryou.teikyouseido.mhlw.go.jp/znk-web/juminkanja/S2430/initialize?prefCd=06&kikanCd=306531774&kikanKbn=3", "url2": null, "内容": "つねファミリー歯科【3:歯科】山形県天童市芳賀タウン北５丁目６番２７号" }, "geometry": { "type": "Point", "coordinates": [ 140.365297, 38.345155 ] } },
{ "type": "Feature", "properties": { "ID": 63306531787, "正式名称": "医療法人彩優会Ｔ’ｓ　ＤＥＮＴＡＬ　ＯＦＦＩＣＥ", "機関区分": 3, "都道府県コード": 6, "市区町村コード": 201, "所在地": "山形県山形市嶋南２－１３－１８", "緯度": 38.282322, "経度": 140.321155, "url": "https://www.iryou.teikyouseido.mhlw.go.jp/znk-web/juminkanja/S2430/initialize?prefCd=06&kikanCd=306531787&kikanKbn=3", "url2": "http://tsdental.jp/", "内容": "医療法人彩優会Ｔ’ｓ　ＤＥＮＴＡＬ　ＯＦＦＩＣＥ【3:歯科】山形県山形市嶋南２－１３－１８" }, "geometry": { "type": "Point", "coordinates": [ 140.321155, 38.282322 ] } },
{ "type": "Feature", "properties": { "ID": 63306531790, "正式名称": "おおつか歯科", "機関区分": 3, "都道府県コード": 6, "市区町村コード": 211, "所在地": "山形県東根市神町中央１－９－６", "緯度": 38.407708, "経度": 140.379628, "url": "https://www.iryou.teikyouseido.mhlw.go.jp/znk-web/juminkanja/S2430/initialize?prefCd=06&kikanCd=306531790&kikanKbn=3", "url2": "http://www.otsukadc.jp/", "内容": "おおつか歯科【3:歯科】山形県東根市神町中央１－９－６" }, "geometry": { "type": "Point", "coordinates": [ 140.379628, 38.407708 ] } },
{ "type": "Feature", "properties": { "ID": 63306531804, "正式名称": "なにわ歯科", "機関区分": 3, "都道府県コード": 6, "市区町村コード": 210, "所在地": "山形県天童市久野本三丁目１６番１７号", "緯度": 38.373301, "経度": 140.376333, "url": "https://www.iryou.teikyouseido.mhlw.go.jp/znk-web/juminkanja/S2430/initialize?prefCd=06&kikanCd=306531804&kikanKbn=3", "url2": "http://naniwa-shika.com/", "内容": "なにわ歯科【3:歯科】山形県天童市久野本三丁目１６番１７号" }, "geometry": { "type": "Point", "coordinates": [ 140.376333, 38.373301 ] } },
{ "type": "Feature", "properties": { "ID": 63306531846, "正式名称": "さくらんぼ歯科クリニック", "機関区分": 3, "都道府県コード": 6, "市区町村コード": 206, "所在地": "山形県寒河江市元町４－１１－２２", "緯度": 38.369701, "経度": 140.266868, "url": "https://www.iryou.teikyouseido.mhlw.go.jp/znk-web/juminkanja/S2430/initialize?prefCd=06&kikanCd=306531846&kikanKbn=3", "url2": "http://www.sakuranbo-dc.jp", "内容": "さくらんぼ歯科クリニック【3:歯科】山形県寒河江市元町４－１１－２２" }, "geometry": { "type": "Point", "coordinates": [ 140.266868, 38.369701 ] } },
{ "type": "Feature", "properties": { "ID": 63306531862, "正式名称": "いわぬま歯科クリニック", "機関区分": 3, "都道府県コード": 6, "市区町村コード": 201, "所在地": "山形県山形市香澄町３ー２ー１", "緯度": 38.246526, "経度": 140.331778, "url": "https://www.iryou.teikyouseido.mhlw.go.jp/znk-web/juminkanja/S2430/initialize?prefCd=06&kikanCd=306531862&kikanKbn=3", "url2": "http://www.iwanuma-dc.com", "内容": "いわぬま歯科クリニック【3:歯科】山形県山形市香澄町３ー２ー１" }, "geometry": { "type": "Point", "coordinates": [ 140.331778, 38.246526 ] } },
{ "type": "Feature", "properties": { "ID": 63306531875, "正式名称": "ごとう歯科医院", "機関区分": 3, "都道府県コード": 6, "市区町村コード": 207, "所在地": "山形県上山市二日町９－３　美濃屋ビル２階", "緯度": 38.154299, "経度": 140.275913, "url": "https://www.iryou.teikyouseido.mhlw.go.jp/znk-web/juminkanja/S2430/initialize?prefCd=06&kikanCd=306531875&kikanKbn=3", "url2": null, "内容": "ごとう歯科医院【3:歯科】山形県上山市二日町９－３　美濃屋ビル２階" }, "geometry": { "type": "Point", "coordinates": [ 140.275913, 38.154299 ] } },
{ "type": "Feature", "properties": { "ID": 63306531905, "正式名称": "あきらデンタル・クリニック", "機関区分": 3, "都道府県コード": 6, "市区町村コード": 201, "所在地": "山形県山形市馬見ケ崎１ー２ー３", "緯度": 38.278947, "経度": 140.332833, "url": "https://www.iryou.teikyouseido.mhlw.go.jp/znk-web/juminkanja/S2430/initialize?prefCd=06&kikanCd=306531905&kikanKbn=3", "url2": "https://www.yamagata-shika.com/", "内容": "あきらデンタル・クリニック【3:歯科】山形県山形市馬見ケ崎１ー２ー３" }, "geometry": { "type": "Point", "coordinates": [ 140.332833, 38.278947 ] } },
{ "type": "Feature", "properties": { "ID": 63306531921, "正式名称": "まり歯科クリニック", "機関区分": 3, "都道府県コード": 6, "市区町村コード": 201, "所在地": "山形県山形市小白川町４ー２４ー１３", "緯度": 38.245756, "経度": 140.35988, "url": "https://www.iryou.teikyouseido.mhlw.go.jp/znk-web/juminkanja/S2430/initialize?prefCd=06&kikanCd=306531921&kikanKbn=3", "url2": "https://www.mari-shika.com", "内容": "まり歯科クリニック【3:歯科】山形県山形市小白川町４ー２４ー１３" }, "geometry": { "type": "Point", "coordinates": [ 140.35988, 38.245756 ] } },
{ "type": "Feature", "properties": { "ID": 63306531934, "正式名称": "なないろデンタルクリニック", "機関区分": 3, "都道府県コード": 6, "市区町村コード": 206, "所在地": "山形県寒河江市小沼町３９－１", "緯度": 38.369977, "経度": 140.282699, "url": "https://www.iryou.teikyouseido.mhlw.go.jp/znk-web/juminkanja/S2430/initialize?prefCd=06&kikanCd=306531934&kikanKbn=3", "url2": null, "内容": "なないろデンタルクリニック【3:歯科】山形県寒河江市小沼町３９－１" }, "geometry": { "type": "Point", "coordinates": [ 140.282699, 38.369977 ] } },
{ "type": "Feature", "properties": { "ID": 63306531976, "正式名称": "えちごやタウン歯科", "機関区分": 3, "都道府県コード": 6, "市区町村コード": 211, "所在地": "山形県東根市神町西５丁目２番１０号", "緯度": 38.401967, "経度": 140.375228, "url": "https://www.iryou.teikyouseido.mhlw.go.jp/znk-web/juminkanja/S2430/initialize?prefCd=06&kikanCd=306531976&kikanKbn=3", "url2": null, "内容": "えちごやタウン歯科【3:歯科】山形県東根市神町西５丁目２番１０号" }, "geometry": { "type": "Point", "coordinates": [ 140.375228, 38.401967 ] } },
{ "type": "Feature", "properties": { "ID": 63306531989, "正式名称": "エスト天童歯科", "機関区分": 3, "都道府県コード": 6, "市区町村コード": 210, "所在地": "山形県天童市東久野本", "緯度": 38.367877, "経度": 140.381017, "url": "https://www.iryou.teikyouseido.mhlw.go.jp/znk-web/juminkanja/S2430/initialize?prefCd=06&kikanCd=306531989&kikanKbn=3", "url2": "https://www.est-tendo-shika.com", "内容": "エスト天童歯科【3:歯科】山形県天童市東久野本" }, "geometry": { "type": "Point", "coordinates": [ 140.381017, 38.367877 ] } },
{ "type": "Feature", "properties": { "ID": 63306532003, "正式名称": "みゆき歯科医院", "機関区分": 3, "都道府県コード": 6, "市区町村コード": 210, "所在地": "山形県天童市駅西１ー１１ー１７", "緯度": 38.358548, "経度": 140.364914, "url": "https://www.iryou.teikyouseido.mhlw.go.jp/znk-web/juminkanja/S2430/initialize?prefCd=06&kikanCd=306532003&kikanKbn=3", "url2": "http://www.miyuki-dental.jp/", "内容": "みゆき歯科医院【3:歯科】山形県天童市駅西１ー１１ー１７" }, "geometry": { "type": "Point", "coordinates": [ 140.364914, 38.358548 ] } },
{ "type": "Feature", "properties": { "ID": 63306532016, "正式名称": "土田歯科医院", "機関区分": 3, "都道府県コード": 6, "市区町村コード": 206, "所在地": "山形県寒河江市白岩２０７ー１", "緯度": 38.408572, "経度": 140.228742, "url": "https://www.iryou.teikyouseido.mhlw.go.jp/znk-web/juminkanja/S2430/initialize?prefCd=06&kikanCd=306532016&kikanKbn=3", "url2": "https://www.tsuchida-dc.com", "内容": "土田歯科医院【3:歯科】山形県寒河江市白岩２０７ー１" }, "geometry": { "type": "Point", "coordinates": [ 140.228742, 38.408572 ] } },
{ "type": "Feature", "properties": { "ID": 63306532029, "正式名称": "にっとう歯科医院", "機関区分": 3, "都道府県コード": 6, "市区町村コード": 208, "所在地": "山形県村山市大字湯野沢４４１５", "緯度": 38.479185, "経度": 140.287023, "url": "https://www.iryou.teikyouseido.mhlw.go.jp/znk-web/juminkanja/S2430/initialize?prefCd=06&kikanCd=306532029&kikanKbn=3", "url2": "https://www.nitto-dent.jp", "内容": "にっとう歯科医院【3:歯科】山形県村山市大字湯野沢４４１５" }, "geometry": { "type": "Point", "coordinates": [ 140.287023, 38.479185 ] } },
{ "type": "Feature", "properties": { "ID": 63306532058, "正式名称": "やまのうち歯科・口腔外科", "機関区分": 3, "都道府県コード": 6, "市区町村コード": 206, "所在地": "山形県寒河江市大字寒河江字鶴田６２－１", "緯度": 38.3821995, "経度": 140.2607931, "url": "https://www.iryou.teikyouseido.mhlw.go.jp/znk-web/juminkanja/S2430/initialize?prefCd=06&kikanCd=306532058&kikanKbn=3", "url2": null, "内容": "やまのうち歯科・口腔外科【3:歯科】山形県寒河江市大字寒河江字鶴田６２－１" }, "geometry": { "type": "Point", "coordinates": [ 140.2607931, 38.3821995 ] } },
{ "type": "Feature", "properties": { "ID": 63306540028, "正式名称": "伊藤歯科診療所", "機関区分": 3, "都道府県コード": 6, "市区町村コード": 205, "所在地": "山形県新庄市大手町１−１６", "緯度": 38.766529, "経度": 140.299008, "url": "https://www.iryou.teikyouseido.mhlw.go.jp/znk-web/juminkanja/S2430/initialize?prefCd=06&kikanCd=306540028&kikanKbn=3", "url2": null, "内容": "伊藤歯科診療所【3:歯科】山形県新庄市大手町１−１６" }, "geometry": { "type": "Point", "coordinates": [ 140.299008, 38.766529 ] } },
{ "type": "Feature", "properties": { "ID": 63306540073, "正式名称": "愛育歯科矯正クリニック", "機関区分": 3, "都道府県コード": 6, "市区町村コード": 205, "所在地": "山形県新庄市沖の町８番１３号", "緯度": 38.762518, "経度": 140.300945, "url": "https://www.iryou.teikyouseido.mhlw.go.jp/znk-web/juminkanja/S2430/initialize?prefCd=06&kikanCd=306540073&kikanKbn=3", "url2": null, "内容": "愛育歯科矯正クリニック【3:歯科】山形県新庄市沖の町８番１３号" }, "geometry": { "type": "Point", "coordinates": [ 140.300945, 38.762518 ] } },
{ "type": "Feature", "properties": { "ID": 63306540086, "正式名称": "菅歯科医院", "機関区分": 3, "都道府県コード": 6, "市区町村コード": 205, "所在地": "山形県新庄市大手町５−１３", "緯度": 38.768506, "経度": 140.298764, "url": "https://www.iryou.teikyouseido.mhlw.go.jp/znk-web/juminkanja/S2430/initialize?prefCd=06&kikanCd=306540086&kikanKbn=3", "url2": null, "内容": "菅歯科医院【3:歯科】山形県新庄市大手町５−１３" }, "geometry": { "type": "Point", "coordinates": [ 140.298764, 38.768506 ] } },
{ "type": "Feature", "properties": { "ID": 63306540103, "正式名称": "志賀歯科医院", "機関区分": 3, "都道府県コード": 6, "市区町村コード": 205, "所在地": "山形県新庄市小田島町３－５７", "緯度": 38.764235, "経度": 140.297639, "url": "https://www.iryou.teikyouseido.mhlw.go.jp/znk-web/juminkanja/S2430/initialize?prefCd=06&kikanCd=306540103&kikanKbn=3", "url2": null, "内容": "志賀歯科医院【3:歯科】山形県新庄市小田島町３－５７" }, "geometry": { "type": "Point", "coordinates": [ 140.297639, 38.764235 ] } },
{ "type": "Feature", "properties": { "ID": 63306540145, "正式名称": "沼澤歯科医院", "機関区分": 3, "都道府県コード": 6, "市区町村コード": 205, "所在地": "山形県新庄市住吉町", "緯度": 38.765413, "経度": 140.302436, "url": "https://www.iryou.teikyouseido.mhlw.go.jp/znk-web/juminkanja/S2430/initialize?prefCd=06&kikanCd=306540145&kikanKbn=3", "url2": null, "内容": "沼澤歯科医院【3:歯科】山形県新庄市住吉町" }, "geometry": { "type": "Point", "coordinates": [ 140.302436, 38.765413 ] } },
{ "type": "Feature", "properties": { "ID": 63306540161, "正式名称": "医療法人小川歯科医院", "機関区分": 3, "都道府県コード": 6, "市区町村コード": 362, "所在地": "山形県最上郡最上町向町５９５－９", "緯度": 38.75687, "経度": 140.51957, "url": "https://www.iryou.teikyouseido.mhlw.go.jp/znk-web/juminkanja/S2430/initialize?prefCd=06&kikanCd=306540161&kikanKbn=3", "url2": "http://www.mogami-dc.com/", "内容": "医療法人小川歯科医院【3:歯科】山形県最上郡最上町向町５９５－９" }, "geometry": { "type": "Point", "coordinates": [ 140.51957, 38.75687 ] } },
{ "type": "Feature", "properties": { "ID": 63306540246, "正式名称": "三浦歯科医院", "機関区分": 3, "都道府県コード": 6, "市区町村コード": 205, "所在地": "山形県新庄市北町３−２２", "緯度": 38.773281, "経度": 140.299006, "url": "https://www.iryou.teikyouseido.mhlw.go.jp/znk-web/juminkanja/S2430/initialize?prefCd=06&kikanCd=306540246&kikanKbn=3", "url2": null, "内容": "三浦歯科医院【3:歯科】山形県新庄市北町３−２２" }, "geometry": { "type": "Point", "coordinates": [ 140.299006, 38.773281 ] } },
{ "type": "Feature", "properties": { "ID": 63306540259, "正式名称": "デンタル美光", "機関区分": 3, "都道府県コード": 6, "市区町村コード": 363, "所在地": "山形県最上郡舟形町舟形", "緯度": 38.689889, "経度": 140.31431, "url": "https://www.iryou.teikyouseido.mhlw.go.jp/znk-web/juminkanja/S2430/initialize?prefCd=06&kikanCd=306540259&kikanKbn=3", "url2": null, "内容": "デンタル美光【3:歯科】山形県最上郡舟形町舟形" }, "geometry": { "type": "Point", "coordinates": [ 140.31431, 38.689889 ] } },
{ "type": "Feature", "properties": { "ID": 63306540275, "正式名称": "伊藤ヨシユキ歯科医院", "機関区分": 3, "都道府県コード": 6, "市区町村コード": 205, "所在地": "山形県新庄市泉田村東２", "緯度": 38.810652, "経度": 140.325654, "url": "https://www.iryou.teikyouseido.mhlw.go.jp/znk-web/juminkanja/S2430/initialize?prefCd=06&kikanCd=306540275&kikanKbn=3", "url2": null, "内容": "伊藤ヨシユキ歯科医院【3:歯科】山形県新庄市泉田村東２" }, "geometry": { "type": "Point", "coordinates": [ 140.325654, 38.810652 ] } },
{ "type": "Feature", "properties": { "ID": 63306540288, "正式名称": "伊藤歯科医院", "機関区分": 3, "都道府県コード": 6, "市区町村コード": 364, "所在地": "山形県最上郡真室川町新町１４１", "緯度": 38.85974, "経度": 140.254728, "url": "https://www.iryou.teikyouseido.mhlw.go.jp/znk-web/juminkanja/S2430/initialize?prefCd=06&kikanCd=306540288&kikanKbn=3", "url2": null, "内容": "伊藤歯科医院【3:歯科】山形県最上郡真室川町新町１４１" }, "geometry": { "type": "Point", "coordinates": [ 140.254728, 38.85974 ] } },
{ "type": "Feature", "properties": { "ID": 63306540291, "正式名称": "真室歯科医院", "機関区分": 3, "都道府県コード": 6, "市区町村コード": 364, "所在地": "山形県最上郡真室川町新町９２", "緯度": 38.852016, "経度": 140.25036, "url": "https://www.iryou.teikyouseido.mhlw.go.jp/znk-web/juminkanja/S2430/initialize?prefCd=06&kikanCd=306540291&kikanKbn=3", "url2": null, "内容": "真室歯科医院【3:歯科】山形県最上郡真室川町新町９２" }, "geometry": { "type": "Point", "coordinates": [ 140.25036, 38.852016 ] } },
{ "type": "Feature", "properties": { "ID": 63306540347, "正式名称": "青木歯科医院", "機関区分": 3, "都道府県コード": 6, "市区町村コード": 205, "所在地": "山形県新庄市鉄砲町", "緯度": 38.757769, "経度": 140.299395, "url": "https://www.iryou.teikyouseido.mhlw.go.jp/znk-web/juminkanja/S2430/initialize?prefCd=06&kikanCd=306540347&kikanKbn=3", "url2": null, "内容": "青木歯科医院【3:歯科】山形県新庄市鉄砲町" }, "geometry": { "type": "Point", "coordinates": [ 140.299395, 38.757769 ] } },
{ "type": "Feature", "properties": { "ID": 63306540376, "正式名称": "医療法人社団向町成原歯科医院", "機関区分": 3, "都道府県コード": 6, "市区町村コード": 362, "所在地": "山形県最上郡最上町大字向町５０−８", "緯度": 38.75564, "経度": 140.518697, "url": "https://www.iryou.teikyouseido.mhlw.go.jp/znk-web/juminkanja/S2430/initialize?prefCd=06&kikanCd=306540376&kikanKbn=3", "url2": null, "内容": "医療法人社団向町成原歯科医院【3:歯科】山形県最上郡最上町大字向町５０−８" }, "geometry": { "type": "Point", "coordinates": [ 140.518697, 38.75564 ] } },
{ "type": "Feature", "properties": { "ID": 63306540389, "正式名称": "高橋歯科医院", "機関区分": 3, "都道府県コード": 6, "市区町村コード": 205, "所在地": "山形県新庄市東谷地田町１０－３", "緯度": 38.758011, "経度": 140.314772, "url": "https://www.iryou.teikyouseido.mhlw.go.jp/znk-web/juminkanja/S2430/initialize?prefCd=06&kikanCd=306540389&kikanKbn=3", "url2": null, "内容": "高橋歯科医院【3:歯科】山形県新庄市東谷地田町１０－３" }, "geometry": { "type": "Point", "coordinates": [ 140.314772, 38.758011 ] } },
{ "type": "Feature", "properties": { "ID": 63306540419, "正式名称": "愛歯科かとうクリニック", "機関区分": 3, "都道府県コード": 6, "市区町村コード": 205, "所在地": "山形県新庄市五日町", "緯度": 38.758601, "経度": 140.291934, "url": "https://www.iryou.teikyouseido.mhlw.go.jp/znk-web/juminkanja/S2430/initialize?prefCd=06&kikanCd=306540419&kikanKbn=3", "url2": null, "内容": "愛歯科かとうクリニック【3:歯科】山形県新庄市五日町" }, "geometry": { "type": "Point", "coordinates": [ 140.291934, 38.758601 ] } },
{ "type": "Feature", "properties": { "ID": 63306540422, "正式名称": "青葉歯科医院", "機関区分": 3, "都道府県コード": 6, "市区町村コード": 205, "所在地": "山形県新庄市末広町１４－６１", "緯度": 38.754594, "経度": 140.304964, "url": "https://www.iryou.teikyouseido.mhlw.go.jp/znk-web/juminkanja/S2430/initialize?prefCd=06&kikanCd=306540422&kikanKbn=3", "url2": null, "内容": "青葉歯科医院【3:歯科】山形県新庄市末広町１４－６１" }, "geometry": { "type": "Point", "coordinates": [ 140.304964, 38.754594 ] } },
{ "type": "Feature", "properties": { "ID": 63306540464, "正式名称": "たけし歯科クリニック", "機関区分": 3, "都道府県コード": 6, "市区町村コード": 205, "所在地": "山形県新庄市桧町２１−３", "緯度": 38.773294, "経度": 140.294048, "url": "https://www.iryou.teikyouseido.mhlw.go.jp/znk-web/juminkanja/S2430/initialize?prefCd=06&kikanCd=306540464&kikanKbn=3", "url2": null, "内容": "たけし歯科クリニック【3:歯科】山形県新庄市桧町２１−３" }, "geometry": { "type": "Point", "coordinates": [ 140.294048, 38.773294 ] } },
{ "type": "Feature", "properties": { "ID": 63306540480, "正式名称": "荒木歯科医院", "機関区分": 3, "都道府県コード": 6, "市区町村コード": 205, "所在地": "山形県新庄市城西町５ー１６", "緯度": 38.762807, "経度": 140.289503, "url": "https://www.iryou.teikyouseido.mhlw.go.jp/znk-web/juminkanja/S2430/initialize?prefCd=06&kikanCd=306540480&kikanKbn=3", "url2": null, "内容": "荒木歯科医院【3:歯科】山形県新庄市城西町５ー１６" }, "geometry": { "type": "Point", "coordinates": [ 140.289503, 38.762807 ] } },
{ "type": "Feature", "properties": { "ID": 63306540493, "正式名称": "しばた歯科医院", "機関区分": 3, "都道府県コード": 6, "市区町村コード": 361, "所在地": "山形県最上郡金山町大字金山９２２番地３号", "緯度": 38.89052, "経度": 140.33519, "url": "https://www.iryou.teikyouseido.mhlw.go.jp/znk-web/juminkanja/S2430/initialize?prefCd=06&kikanCd=306540493&kikanKbn=3", "url2": null, "内容": "しばた歯科医院【3:歯科】山形県最上郡金山町大字金山９２２番地３号" }, "geometry": { "type": "Point", "coordinates": [ 140.33519, 38.89052 ] } },
{ "type": "Feature", "properties": { "ID": 63306540507, "正式名称": "みちのく政宗デンタルクリニック新庄診療所", "機関区分": 3, "都道府県コード": 6, "市区町村コード": 205, "所在地": "山形県新庄市五日町字清水川１２９２－１", "緯度": 38.773027, "経度": 140.30836, "url": "https://www.iryou.teikyouseido.mhlw.go.jp/znk-web/juminkanja/S2430/initialize?prefCd=06&kikanCd=306540507&kikanKbn=3", "url2": "http://www.michinoku-masamune-shinjo.com/", "内容": "みちのく政宗デンタルクリニック新庄診療所【3:歯科】山形県新庄市五日町字清水川１２９２－１" }, "geometry": { "type": "Point", "coordinates": [ 140.30836, 38.773027 ] } },
{ "type": "Feature", "properties": { "ID": 63306540510, "正式名称": "まき歯科クリニック", "機関区分": 3, "都道府県コード": 6, "市区町村コード": 361, "所在地": "山形県最上郡金山町金山３１９", "緯度": 38.883176, "経度": 140.338506, "url": "https://www.iryou.teikyouseido.mhlw.go.jp/znk-web/juminkanja/S2430/initialize?prefCd=06&kikanCd=306540510&kikanKbn=3", "url2": null, "内容": "まき歯科クリニック【3:歯科】山形県最上郡金山町金山３１９" }, "geometry": { "type": "Point", "coordinates": [ 140.338506, 38.883176 ] } },
{ "type": "Feature", "properties": { "ID": 63306540523, "正式名称": "おんみょうじ歯科医院", "機関区分": 3, "都道府県コード": 6, "市区町村コード": 205, "所在地": "山形県新庄市本町４－４３", "緯度": 38.766029, "経度": 140.300317, "url": "https://www.iryou.teikyouseido.mhlw.go.jp/znk-web/juminkanja/S2430/initialize?prefCd=06&kikanCd=306540523&kikanKbn=3", "url2": null, "内容": "おんみょうじ歯科医院【3:歯科】山形県新庄市本町４－４３" }, "geometry": { "type": "Point", "coordinates": [ 140.300317, 38.766029 ] } },
{ "type": "Feature", "properties": { "ID": 63306540666, "正式名称": "五十嵐歯科医院", "機関区分": 3, "都道府県コード": 6, "市区町村コード": 205, "所在地": "山形県新庄市栄町７－２", "緯度": 38.759352, "経度": 140.29647, "url": "https://www.iryou.teikyouseido.mhlw.go.jp/znk-web/juminkanja/S2430/initialize?prefCd=06&kikanCd=306540666&kikanKbn=3", "url2": null, "内容": "五十嵐歯科医院【3:歯科】山形県新庄市栄町７－２" }, "geometry": { "type": "Point", "coordinates": [ 140.29647, 38.759352 ] } },
{ "type": "Feature", "properties": { "ID": 63306540695, "正式名称": "さいとう歯科クリニック", "機関区分": 3, "都道府県コード": 6, "市区町村コード": 205, "所在地": "山形県新庄市沖の町５−５０", "緯度": 38.764715, "経度": 140.303728, "url": "https://www.iryou.teikyouseido.mhlw.go.jp/znk-web/juminkanja/S2430/initialize?prefCd=06&kikanCd=306540695&kikanKbn=3", "url2": "https://www.saitou-dental.net/", "内容": "さいとう歯科クリニック【3:歯科】山形県新庄市沖の町５−５０" }, "geometry": { "type": "Point", "coordinates": [ 140.303728, 38.764715 ] } },
{ "type": "Feature", "properties": { "ID": 63306550047, "正式名称": "佐々木歯科医院", "機関区分": 3, "都道府県コード": 6, "市区町村コード": 204, "所在地": "山形県酒田市北新町１−８−３", "緯度": 38.922502, "経度": 139.831113, "url": "https://www.iryou.teikyouseido.mhlw.go.jp/znk-web/juminkanja/S2430/initialize?prefCd=06&kikanCd=306550047&kikanKbn=3", "url2": null, "内容": "佐々木歯科医院【3:歯科】山形県酒田市北新町１−８−３" }, "geometry": { "type": "Point", "coordinates": [ 139.831113, 38.922502 ] } },
{ "type": "Feature", "properties": { "ID": 63306550106, "正式名称": "タクミ歯科診療所", "機関区分": 3, "都道府県コード": 6, "市区町村コード": 204, "所在地": "山形県酒田市中町２－２－１２", "緯度": 38.917827, "経度": 139.835882, "url": "https://www.iryou.teikyouseido.mhlw.go.jp/znk-web/juminkanja/S2430/initialize?prefCd=06&kikanCd=306550106&kikanKbn=3", "url2": null, "内容": "タクミ歯科診療所【3:歯科】山形県酒田市中町２－２－１２" }, "geometry": { "type": "Point", "coordinates": [ 139.835882, 38.917827 ] } },
{ "type": "Feature", "properties": { "ID": 63306550122, "正式名称": "本間歯科医院", "機関区分": 3, "都道府県コード": 6, "市区町村コード": 204, "所在地": "山形県酒田市中町３−７−１８", "緯度": 38.916702, "経度": 139.832893, "url": "https://www.iryou.teikyouseido.mhlw.go.jp/znk-web/juminkanja/S2430/initialize?prefCd=06&kikanCd=306550122&kikanKbn=3", "url2": "https://homma-dentalclinic.jp", "内容": "本間歯科医院【3:歯科】山形県酒田市中町３−７−１８" }, "geometry": { "type": "Point", "coordinates": [ 139.832893, 38.916702 ] } },
{ "type": "Feature", "properties": { "ID": 63306550148, "正式名称": "山蔦歯科医院", "機関区分": 3, "都道府県コード": 6, "市区町村コード": 204, "所在地": "山形県酒田市千石町２－１５－３１", "緯度": 38.903773, "経度": 139.839768, "url": "https://www.iryou.teikyouseido.mhlw.go.jp/znk-web/juminkanja/S2430/initialize?prefCd=06&kikanCd=306550148&kikanKbn=3", "url2": null, "内容": "山蔦歯科医院【3:歯科】山形県酒田市千石町２－１５－３１" }, "geometry": { "type": "Point", "coordinates": [ 139.839768, 38.903773 ] } },
{ "type": "Feature", "properties": { "ID": 63306550151, "正式名称": "五十嵐歯科医院", "機関区分": 3, "都道府県コード": 6, "市区町村コード": 204, "所在地": "山形県酒田市亀ヶ崎４－５－５０", "緯度": 38.901251, "経度": 139.840457, "url": "https://www.iryou.teikyouseido.mhlw.go.jp/znk-web/juminkanja/S2430/initialize?prefCd=06&kikanCd=306550151&kikanKbn=3", "url2": "http://www.dental-igarashi.jp/", "内容": "五十嵐歯科医院【3:歯科】山形県酒田市亀ヶ崎４－５－５０" }, "geometry": { "type": "Point", "coordinates": [ 139.840457, 38.901251 ] } },
{ "type": "Feature", "properties": { "ID": 63306550193, "正式名称": "小松歯科診療所", "機関区分": 3, "都道府県コード": 6, "市区町村コード": 204, "所在地": "山形県酒田市栄町２－５", "緯度": 38.923002, "経度": 139.839634, "url": "https://www.iryou.teikyouseido.mhlw.go.jp/znk-web/juminkanja/S2430/initialize?prefCd=06&kikanCd=306550193&kikanKbn=3", "url2": null, "内容": "小松歯科診療所【3:歯科】山形県酒田市栄町２－５" }, "geometry": { "type": "Point", "coordinates": [ 139.839634, 38.923002 ] } },
{ "type": "Feature", "properties": { "ID": 63306550223, "正式名称": "医療法人　佐々木歯科医院", "機関区分": 3, "都道府県コード": 6, "市区町村コード": 204, "所在地": "山形県酒田市中町１－１－１６", "緯度": 38.917402, "経度": 139.838915, "url": "https://www.iryou.teikyouseido.mhlw.go.jp/znk-web/juminkanja/S2430/initialize?prefCd=06&kikanCd=306550223&kikanKbn=3", "url2": "http://sasakisika.info/", "内容": "医療法人　佐々木歯科医院【3:歯科】山形県酒田市中町１－１－１６" }, "geometry": { "type": "Point", "coordinates": [ 139.838915, 38.917402 ] } },
{ "type": "Feature", "properties": { "ID": 63306550265, "正式名称": "日吉歯科診療所", "機関区分": 3, "都道府県コード": 6, "市区町村コード": 204, "所在地": "山形県酒田市日吉町二丁目１−１６", "緯度": 38.918871, "経度": 139.832474, "url": "https://www.iryou.teikyouseido.mhlw.go.jp/znk-web/juminkanja/S2430/initialize?prefCd=06&kikanCd=306550265&kikanKbn=3", "url2": "http://www.hiyoshi-dental-office.org/", "内容": "日吉歯科診療所【3:歯科】山形県酒田市日吉町二丁目１−１６" }, "geometry": { "type": "Point", "coordinates": [ 139.832474, 38.918871 ] } },
{ "type": "Feature", "properties": { "ID": 63306550278, "正式名称": "九木原歯科診療所", "機関区分": 3, "都道府県コード": 6, "市区町村コード": 204, "所在地": "山形県酒田市宮野浦一丁目２−１", "緯度": 38.903345, "経度": 139.817528, "url": "https://www.iryou.teikyouseido.mhlw.go.jp/znk-web/juminkanja/S2430/initialize?prefCd=06&kikanCd=306550278&kikanKbn=3", "url2": null, "内容": "九木原歯科診療所【3:歯科】山形県酒田市宮野浦一丁目２−１" }, "geometry": { "type": "Point", "coordinates": [ 139.817528, 38.903345 ] } },
{ "type": "Feature", "properties": { "ID": 63306550281, "正式名称": "沢田歯科医院", "機関区分": 3, "都道府県コード": 6, "市区町村コード": 204, "所在地": "山形県酒田市相生町一丁目４−３０", "緯度": 38.919236, "経度": 139.842484, "url": "https://www.iryou.teikyouseido.mhlw.go.jp/znk-web/juminkanja/S2430/initialize?prefCd=06&kikanCd=306550281&kikanKbn=3", "url2": "https://sawadadental.net/index.html", "内容": "沢田歯科医院【3:歯科】山形県酒田市相生町一丁目４−３０" }, "geometry": { "type": "Point", "coordinates": [ 139.842484, 38.919236 ] } },
{ "type": "Feature", "properties": { "ID": 63306550324, "正式名称": "奥山歯科診療所", "機関区分": 3, "都道府県コード": 6, "市区町村コード": 428, "所在地": "山形県東田川郡庄内町狩川字楯下１１４−１", "緯度": 38.79104, "経度": 139.974063, "url": "https://www.iryou.teikyouseido.mhlw.go.jp/znk-web/juminkanja/S2430/initialize?prefCd=06&kikanCd=306550324&kikanKbn=3", "url2": "https://www.facebook.com/okuyamadentalclinic/", "内容": "奥山歯科診療所【3:歯科】山形県東田川郡庄内町狩川字楯下１１４−１" }, "geometry": { "type": "Point", "coordinates": [ 139.974063, 38.79104 ] } },
{ "type": "Feature", "properties": { "ID": 63306550366, "正式名称": "局山堂山蔦歯科医院", "機関区分": 3, "都道府県コード": 6, "市区町村コード": 428, "所在地": "山形県東田川郡庄内町余目字三人谷地１７", "緯度": 38.84716, "経度": 139.907142, "url": "https://www.iryou.teikyouseido.mhlw.go.jp/znk-web/juminkanja/S2430/initialize?prefCd=06&kikanCd=306550366&kikanKbn=3", "url2": "https://kyokusandou.blog.fc2.com/", "内容": "局山堂山蔦歯科医院【3:歯科】山形県東田川郡庄内町余目字三人谷地１７" }, "geometry": { "type": "Point", "coordinates": [ 139.907142, 38.84716 ] } },
{ "type": "Feature", "properties": { "ID": 63306550412, "正式名称": "大滝歯科医院", "機関区分": 3, "都道府県コード": 6, "市区町村コード": 461, "所在地": "山形県飽海郡遊佐町遊佐字高砂４７ー１", "緯度": 39.017735, "経度": 139.908805, "url": "https://www.iryou.teikyouseido.mhlw.go.jp/znk-web/juminkanja/S2430/initialize?prefCd=06&kikanCd=306550412&kikanKbn=3", "url2": "www.otaki-dc.or.jp", "内容": "大滝歯科医院【3:歯科】山形県飽海郡遊佐町遊佐字高砂４７ー１" }, "geometry": { "type": "Point", "coordinates": [ 139.908805, 39.017735 ] } },
{ "type": "Feature", "properties": { "ID": 63306550425, "正式名称": "高橋歯科医院", "機関区分": 3, "都道府県コード": 6, "市区町村コード": 461, "所在地": "山形県飽海郡遊佐町吹浦字苗代６１−１", "緯度": 39.070678, "経度": 139.880684, "url": "https://www.iryou.teikyouseido.mhlw.go.jp/znk-web/juminkanja/S2430/initialize?prefCd=06&kikanCd=306550425&kikanKbn=3", "url2": null, "内容": "高橋歯科医院【3:歯科】山形県飽海郡遊佐町吹浦字苗代６１−１" }, "geometry": { "type": "Point", "coordinates": [ 139.880684, 39.070678 ] } },
{ "type": "Feature", "properties": { "ID": 63306550467, "正式名称": "高橋歯科医院", "機関区分": 3, "都道府県コード": 6, "市区町村コード": 204, "所在地": "山形県酒田市内町４７－１", "緯度": 38.858754, "経度": 139.957581, "url": "https://www.iryou.teikyouseido.mhlw.go.jp/znk-web/juminkanja/S2430/initialize?prefCd=06&kikanCd=306550467&kikanKbn=3", "url2": null, "内容": "高橋歯科医院【3:歯科】山形県酒田市内町４７－１" }, "geometry": { "type": "Point", "coordinates": [ 139.957581, 38.858754 ] } },
{ "type": "Feature", "properties": { "ID": 63306550496, "正式名称": "寿デンタルクリニック", "機関区分": 3, "都道府県コード": 6, "市区町村コード": 204, "所在地": "山形県酒田市幸町一丁目５−２", "緯度": 38.920002, "経度": 139.845998, "url": "https://www.iryou.teikyouseido.mhlw.go.jp/znk-web/juminkanja/S2430/initialize?prefCd=06&kikanCd=306550496&kikanKbn=3", "url2": null, "内容": "寿デンタルクリニック【3:歯科】山形県酒田市幸町一丁目５−２" }, "geometry": { "type": "Point", "coordinates": [ 139.845998, 38.920002 ] } },
{ "type": "Feature", "properties": { "ID": 63306550500, "正式名称": "富樫歯科医院", "機関区分": 3, "都道府県コード": 6, "市区町村コード": 204, "所在地": "山形県酒田市日吉町１−１−２７", "緯度": 38.920652, "経度": 139.833918, "url": "https://www.iryou.teikyouseido.mhlw.go.jp/znk-web/juminkanja/S2430/initialize?prefCd=06&kikanCd=306550500&kikanKbn=3", "url2": null, "内容": "富樫歯科医院【3:歯科】山形県酒田市日吉町１−１−２７" }, "geometry": { "type": "Point", "coordinates": [ 139.833918, 38.920652 ] } },
{ "type": "Feature", "properties": { "ID": 63306550513, "正式名称": "高見台歯科診療所", "機関区分": 3, "都道府県コード": 6, "市区町村コード": 204, "所在地": "山形県酒田市高見台１－１６－１", "緯度": 38.904117, "経度": 139.819561, "url": "https://www.iryou.teikyouseido.mhlw.go.jp/znk-web/juminkanja/S2430/initialize?prefCd=06&kikanCd=306550513&kikanKbn=3", "url2": null, "内容": "高見台歯科診療所【3:歯科】山形県酒田市高見台１－１６－１" }, "geometry": { "type": "Point", "coordinates": [ 139.819561, 38.904117 ] } },
{ "type": "Feature", "properties": { "ID": 63306550539, "正式名称": "さいとう歯科医院", "機関区分": 3, "都道府県コード": 6, "市区町村コード": 204, "所在地": "山形県酒田市飛鳥字契約場４４－５", "緯度": 38.888219, "経度": 139.926633, "url": "https://www.iryou.teikyouseido.mhlw.go.jp/znk-web/juminkanja/S2430/initialize?prefCd=06&kikanCd=306550539&kikanKbn=3", "url2": null, "内容": "さいとう歯科医院【3:歯科】山形県酒田市飛鳥字契約場４４－５" }, "geometry": { "type": "Point", "coordinates": [ 139.926633, 38.888219 ] } },
{ "type": "Feature", "properties": { "ID": 63306550568, "正式名称": "土門歯科医院", "機関区分": 3, "都道府県コード": 6, "市区町村コード": 461, "所在地": "山形県飽海郡遊佐町遊字前田４−９", "緯度": 39.018707, "経度": 139.907916, "url": "https://www.iryou.teikyouseido.mhlw.go.jp/znk-web/juminkanja/S2430/initialize?prefCd=06&kikanCd=306550568&kikanKbn=3", "url2": "www.domondental929.com", "内容": "土門歯科医院【3:歯科】山形県飽海郡遊佐町遊字前田４−９" }, "geometry": { "type": "Point", "coordinates": [ 139.907916, 39.018707 ] } },
{ "type": "Feature", "properties": { "ID": 63306550571, "正式名称": "大町歯科診療所", "機関区分": 3, "都道府県コード": 6, "市区町村コード": 204, "所在地": "山形県酒田市東大町一丁目１３－１８", "緯度": 38.909965, "経度": 139.856681, "url": "https://www.iryou.teikyouseido.mhlw.go.jp/znk-web/juminkanja/S2430/initialize?prefCd=06&kikanCd=306550571&kikanKbn=3", "url2": null, "内容": "大町歯科診療所【3:歯科】山形県酒田市東大町一丁目１３－１８" }, "geometry": { "type": "Point", "coordinates": [ 139.856681, 38.909965 ] } },
{ "type": "Feature", "properties": { "ID": 63306550584, "正式名称": "泉歯科診療所", "機関区分": 3, "都道府県コード": 6, "市区町村コード": 204, "所在地": "山形県酒田市東泉町二丁目１７−３０", "緯度": 38.929418, "経度": 139.853214, "url": "https://www.iryou.teikyouseido.mhlw.go.jp/znk-web/juminkanja/S2430/initialize?prefCd=06&kikanCd=306550584&kikanKbn=3", "url2": null, "内容": "泉歯科診療所【3:歯科】山形県酒田市東泉町二丁目１７−３０" }, "geometry": { "type": "Point", "coordinates": [ 139.853214, 38.929418 ] } },
{ "type": "Feature", "properties": { "ID": 63306550597, "正式名称": "加藤歯科医院", "機関区分": 3, "都道府県コード": 6, "市区町村コード": 204, "所在地": "山形県酒田市大町１７−２", "緯度": 38.905218, "経度": 139.854173, "url": "https://www.iryou.teikyouseido.mhlw.go.jp/znk-web/juminkanja/S2430/initialize?prefCd=06&kikanCd=306550597&kikanKbn=3", "url2": null, "内容": "加藤歯科医院【3:歯科】山形県酒田市大町１７−２" }, "geometry": { "type": "Point", "coordinates": [ 139.854173, 38.905218 ] } },
{ "type": "Feature", "properties": { "ID": 63306550601, "正式名称": "石川歯科診療所", "機関区分": 3, "都道府県コード": 6, "市区町村コード": 204, "所在地": "山形県酒田市駅東二丁目６－１３", "緯度": 38.923849, "経度": 139.848123, "url": "https://www.iryou.teikyouseido.mhlw.go.jp/znk-web/juminkanja/S2430/initialize?prefCd=06&kikanCd=306550601&kikanKbn=3", "url2": null, "内容": "石川歯科診療所【3:歯科】山形県酒田市駅東二丁目６－１３" }, "geometry": { "type": "Point", "coordinates": [ 139.848123, 38.923849 ] } },
{ "type": "Feature", "properties": { "ID": 63306550614, "正式名称": "土田歯科医院", "機関区分": 3, "都道府県コード": 6, "市区町村コード": 204, "所在地": "山形県酒田市亀ケ崎五丁目７－５", "緯度": 38.900146, "経度": 139.849032, "url": "https://www.iryou.teikyouseido.mhlw.go.jp/znk-web/juminkanja/S2430/initialize?prefCd=06&kikanCd=306550614&kikanKbn=3", "url2": null, "内容": "土田歯科医院【3:歯科】山形県酒田市亀ケ崎五丁目７－５" }, "geometry": { "type": "Point", "coordinates": [ 139.849032, 38.900146 ] } },
{ "type": "Feature", "properties": { "ID": 63306550630, "正式名称": "南野歯科医院", "機関区分": 3, "都道府県コード": 6, "市区町村コード": 428, "所在地": "山形県東田川郡庄内町南野字北野１８−１", "緯度": 38.815206, "経度": 139.941182, "url": "https://www.iryou.teikyouseido.mhlw.go.jp/znk-web/juminkanja/S2430/initialize?prefCd=06&kikanCd=306550630&kikanKbn=3", "url2": null, "内容": "南野歯科医院【3:歯科】山形県東田川郡庄内町南野字北野１８−１" }, "geometry": { "type": "Point", "coordinates": [ 139.941182, 38.815206 ] } },
{ "type": "Feature", "properties": { "ID": 63306550643, "正式名称": "医療法人原田歯科", "機関区分": 3, "都道府県コード": 6, "市区町村コード": 428, "所在地": "山形県東田川郡庄内町廿六木字三百地２０の５", "緯度": 38.853453, "経度": 139.912755, "url": "https://www.iryou.teikyouseido.mhlw.go.jp/znk-web/juminkanja/S2430/initialize?prefCd=06&kikanCd=306550643&kikanKbn=3", "url2": "https://www.haradasika.info/", "内容": "医療法人原田歯科【3:歯科】山形県東田川郡庄内町廿六木字三百地２０の５" }, "geometry": { "type": "Point", "coordinates": [ 139.912755, 38.853453 ] } },
{ "type": "Feature", "properties": { "ID": 63306550656, "正式名称": "新橋歯科医院", "機関区分": 3, "都道府県コード": 6, "市区町村コード": 204, "所在地": "山形県酒田市北新橋一丁目１３−５", "緯度": 38.921914, "経度": 139.85735, "url": "https://www.iryou.teikyouseido.mhlw.go.jp/znk-web/juminkanja/S2430/initialize?prefCd=06&kikanCd=306550656&kikanKbn=3", "url2": null, "内容": "新橋歯科医院【3:歯科】山形県酒田市北新橋一丁目１３−５" }, "geometry": { "type": "Point", "coordinates": [ 139.85735, 38.921914 ] } },
{ "type": "Feature", "properties": { "ID": 63306550669, "正式名称": "桜井歯科医院", "機関区分": 3, "都道府県コード": 6, "市区町村コード": 204, "所在地": "山形県酒田市東大町３－４０－９", "緯度": 38.903704, "経度": 139.863955, "url": "https://www.iryou.teikyouseido.mhlw.go.jp/znk-web/juminkanja/S2430/initialize?prefCd=06&kikanCd=306550669&kikanKbn=3", "url2": null, "内容": "桜井歯科医院【3:歯科】山形県酒田市東大町３－４０－９" }, "geometry": { "type": "Point", "coordinates": [ 139.863955, 38.903704 ] } },
{ "type": "Feature", "properties": { "ID": 63306550672, "正式名称": "佐藤歯科医院", "機関区分": 3, "都道府県コード": 6, "市区町村コード": 204, "所在地": "山形県酒田市観音寺", "緯度": 38.971277, "経度": 139.939793, "url": "https://www.iryou.teikyouseido.mhlw.go.jp/znk-web/juminkanja/S2430/initialize?prefCd=06&kikanCd=306550672&kikanKbn=3", "url2": null, "内容": "佐藤歯科医院【3:歯科】山形県酒田市観音寺" }, "geometry": { "type": "Point", "coordinates": [ 139.939793, 38.971277 ] } },
{ "type": "Feature", "properties": { "ID": 63306550698, "正式名称": "ぷらす矯正歯科", "機関区分": 3, "都道府県コード": 6, "市区町村コード": 204, "所在地": "山形県酒田市中央西町１−６０", "緯度": 38.921916, "経度": 139.838048, "url": "https://www.iryou.teikyouseido.mhlw.go.jp/znk-web/juminkanja/S2430/initialize?prefCd=06&kikanCd=306550698&kikanKbn=3", "url2": "http://www.plus-orthodont.com/", "内容": "ぷらす矯正歯科【3:歯科】山形県酒田市中央西町１−６０" }, "geometry": { "type": "Point", "coordinates": [ 139.838048, 38.921916 ] } },
{ "type": "Feature", "properties": { "ID": 63306550702, "正式名称": "横山歯科医院", "機関区分": 3, "都道府県コード": 6, "市区町村コード": 204, "所在地": "山形県酒田市東大町一丁目９−９", "緯度": 38.909528, "経度": 139.853428, "url": "https://www.iryou.teikyouseido.mhlw.go.jp/znk-web/juminkanja/S2430/initialize?prefCd=06&kikanCd=306550702&kikanKbn=3", "url2": null, "内容": "横山歯科医院【3:歯科】山形県酒田市東大町一丁目９−９" }, "geometry": { "type": "Point", "coordinates": [ 139.853428, 38.909528 ] } },
{ "type": "Feature", "properties": { "ID": 63306550715, "正式名称": "佐々木歯科医院", "機関区分": 3, "都道府県コード": 6, "市区町村コード": 461, "所在地": "山形県飽海郡遊佐町遊佐", "緯度": 39.011905, "経度": 139.910263, "url": "https://www.iryou.teikyouseido.mhlw.go.jp/znk-web/juminkanja/S2430/initialize?prefCd=06&kikanCd=306550715&kikanKbn=3", "url2": "http://www.sasaki-dc.net/index.html", "内容": "佐々木歯科医院【3:歯科】山形県飽海郡遊佐町遊佐" }, "geometry": { "type": "Point", "coordinates": [ 139.910263, 39.011905 ] } },
{ "type": "Feature", "properties": { "ID": 63306550728, "正式名称": "大網歯科医院", "機関区分": 3, "都道府県コード": 6, "市区町村コード": 461, "所在地": "山形県飽海郡遊佐町遊佐字京田１８ー９", "緯度": 39.017135, "経度": 139.907466, "url": "https://www.iryou.teikyouseido.mhlw.go.jp/znk-web/juminkanja/S2430/initialize?prefCd=06&kikanCd=306550728&kikanKbn=3", "url2": null, "内容": "大網歯科医院【3:歯科】山形県飽海郡遊佐町遊佐字京田１８ー９" }, "geometry": { "type": "Point", "coordinates": [ 139.907466, 39.017135 ] } },
{ "type": "Feature", "properties": { "ID": 63306550744, "正式名称": "あべ歯科医院", "機関区分": 3, "都道府県コード": 6, "市区町村コード": 204, "所在地": "山形県酒田市ゆたか１－１６－１１", "緯度": 38.935484, "経度": 139.84472, "url": "https://www.iryou.teikyouseido.mhlw.go.jp/znk-web/juminkanja/S2430/initialize?prefCd=06&kikanCd=306550744&kikanKbn=3", "url2": null, "内容": "あべ歯科医院【3:歯科】山形県酒田市ゆたか１－１６－１１" }, "geometry": { "type": "Point", "coordinates": [ 139.84472, 38.935484 ] } },
{ "type": "Feature", "properties": { "ID": 63306550757, "正式名称": "もぎ歯科医院", "機関区分": 3, "都道府県コード": 6, "市区町村コード": 204, "所在地": "山形県酒田市中町１丁目１３－１１", "緯度": 38.914916, "経度": 139.837993, "url": "https://www.iryou.teikyouseido.mhlw.go.jp/znk-web/juminkanja/S2430/initialize?prefCd=06&kikanCd=306550757&kikanKbn=3", "url2": null, "内容": "もぎ歯科医院【3:歯科】山形県酒田市中町１丁目１３－１１" }, "geometry": { "type": "Point", "coordinates": [ 139.837993, 38.914916 ] } },
{ "type": "Feature", "properties": { "ID": 63306570056, "正式名称": "大井歯科医院", "機関区分": 3, "都道府県コード": 6, "市区町村コード": 203, "所在地": "山形県鶴岡市本町一丁目４番８号", "緯度": 38.727842, "経度": 139.833008, "url": "https://www.iryou.teikyouseido.mhlw.go.jp/znk-web/juminkanja/S2430/initialize?prefCd=06&kikanCd=306570056&kikanKbn=3", "url2": null, "内容": "大井歯科医院【3:歯科】山形県鶴岡市本町一丁目４番８号" }, "geometry": { "type": "Point", "coordinates": [ 139.833008, 38.727842 ] } },
{ "type": "Feature", "properties": { "ID": 63306570069, "正式名称": "医療法人　岡部歯科診療所", "機関区分": 3, "都道府県コード": 6, "市区町村コード": 203, "所在地": "山形県鶴岡市本町３丁目１３－２３", "緯度": 38.724191, "経度": 139.821861, "url": "https://www.iryou.teikyouseido.mhlw.go.jp/znk-web/juminkanja/S2430/initialize?prefCd=06&kikanCd=306570069&kikanKbn=3", "url2": "http://www.okabedent.com/", "内容": "医療法人　岡部歯科診療所【3:歯科】山形県鶴岡市本町３丁目１３－２３" }, "geometry": { "type": "Point", "coordinates": [ 139.821861, 38.724191 ] } },
{ "type": "Feature", "properties": { "ID": 63306570072, "正式名称": "荻原歯科診療所", "機関区分": 3, "都道府県コード": 6, "市区町村コード": 203, "所在地": "山形県鶴岡市馬場町７－１５", "緯度": 38.727139, "経度": 139.829108, "url": "https://www.iryou.teikyouseido.mhlw.go.jp/znk-web/juminkanja/S2430/initialize?prefCd=06&kikanCd=306570072&kikanKbn=3", "url2": null, "内容": "荻原歯科診療所【3:歯科】山形県鶴岡市馬場町７－１５" }, "geometry": { "type": "Point", "coordinates": [ 139.829108, 38.727139 ] } },
{ "type": "Feature", "properties": { "ID": 63306570085, "正式名称": "小林歯科医院", "機関区分": 3, "都道府県コード": 6, "市区町村コード": 203, "所在地": "山形県鶴岡市本町１－６－２９", "緯度": 38.726956, "経度": 139.830044, "url": "https://www.iryou.teikyouseido.mhlw.go.jp/znk-web/juminkanja/S2430/initialize?prefCd=06&kikanCd=306570085&kikanKbn=3", "url2": null, "内容": "小林歯科医院【3:歯科】山形県鶴岡市本町１－６－２９" }, "geometry": { "type": "Point", "coordinates": [ 139.830044, 38.726956 ] } },
{ "type": "Feature", "properties": { "ID": 63306570098, "正式名称": "桜井歯科医院", "機関区分": 3, "都道府県コード": 6, "市区町村コード": 203, "所在地": "山形県鶴岡市大山２丁目１９－１１", "緯度": 38.748965, "経度": 139.765533, "url": "https://www.iryou.teikyouseido.mhlw.go.jp/znk-web/juminkanja/S2430/initialize?prefCd=06&kikanCd=306570098&kikanKbn=3", "url2": null, "内容": "桜井歯科医院【3:歯科】山形県鶴岡市大山２丁目１９－１１" }, "geometry": { "type": "Point", "coordinates": [ 139.765533, 38.748965 ] } },
{ "type": "Feature", "properties": { "ID": 63306570102, "正式名称": "医療法人泉会サトウシカ", "機関区分": 3, "都道府県コード": 6, "市区町村コード": 203, "所在地": "山形県鶴岡市山王町７ー２１", "緯度": 38.731127, "経度": 139.832494, "url": "https://www.iryou.teikyouseido.mhlw.go.jp/znk-web/juminkanja/S2430/initialize?prefCd=06&kikanCd=306570102&kikanKbn=3", "url2": null, "内容": "医療法人泉会サトウシカ【3:歯科】山形県鶴岡市山王町７ー２１" }, "geometry": { "type": "Point", "coordinates": [ 139.832494, 38.731127 ] } },
{ "type": "Feature", "properties": { "ID": 63306570128, "正式名称": "医療法人谷屋谷家歯科", "機関区分": 3, "都道府県コード": 6, "市区町村コード": 203, "所在地": "山形県鶴岡市日吉町１１番２１号", "緯度": 38.732983, "経度": 139.836768, "url": "https://www.iryou.teikyouseido.mhlw.go.jp/znk-web/juminkanja/S2430/initialize?prefCd=06&kikanCd=306570128&kikanKbn=3", "url2": "taniya.tyo.ne.jp", "内容": "医療法人谷屋谷家歯科【3:歯科】山形県鶴岡市日吉町１１番２１号" }, "geometry": { "type": "Point", "coordinates": [ 139.836768, 38.732983 ] } },
{ "type": "Feature", "properties": { "ID": 63306570131, "正式名称": "迎田歯科医院", "機関区分": 3, "都道府県コード": 6, "市区町村コード": 203, "所在地": "山形県鶴岡市本町二丁目１４ー２５", "緯度": 38.723222, "経度": 139.826103, "url": "https://www.iryou.teikyouseido.mhlw.go.jp/znk-web/juminkanja/S2430/initialize?prefCd=06&kikanCd=306570131&kikanKbn=3", "url2": null, "内容": "迎田歯科医院【3:歯科】山形県鶴岡市本町二丁目１４ー２５" }, "geometry": { "type": "Point", "coordinates": [ 139.826103, 38.723222 ] } },
{ "type": "Feature", "properties": { "ID": 63306570144, "正式名称": "毛呂歯科医院", "機関区分": 3, "都道府県コード": 6, "市区町村コード": 203, "所在地": "山形県鶴岡市泉町８－１４", "緯度": 38.730522, "経度": 139.832416, "url": "https://www.iryou.teikyouseido.mhlw.go.jp/znk-web/juminkanja/S2430/initialize?prefCd=06&kikanCd=306570144&kikanKbn=3", "url2": null, "内容": "毛呂歯科医院【3:歯科】山形県鶴岡市泉町８－１４" }, "geometry": { "type": "Point", "coordinates": [ 139.832416, 38.730522 ] } },
{ "type": "Feature", "properties": { "ID": 63306570261, "正式名称": "医療法人考歯会佐藤歯科診療所", "機関区分": 3, "都道府県コード": 6, "市区町村コード": 203, "所在地": "山形県鶴岡市羽黒町野荒町字水上３０－２", "緯度": 38.718331, "経度": 139.920545, "url": "https://www.iryou.teikyouseido.mhlw.go.jp/znk-web/juminkanja/S2430/initialize?prefCd=06&kikanCd=306570261&kikanKbn=3", "url2": null, "内容": "医療法人考歯会佐藤歯科診療所【3:歯科】山形県鶴岡市羽黒町野荒町字水上３０－２" }, "geometry": { "type": "Point", "coordinates": [ 139.920545, 38.718331 ] } },
{ "type": "Feature", "properties": { "ID": 63306570317, "正式名称": "赤澤歯科診療所", "機関区分": 3, "都道府県コード": 6, "市区町村コード": 203, "所在地": "山形県鶴岡市熊出５番地", "緯度": 38.629909, "経度": 139.84543, "url": "https://www.iryou.teikyouseido.mhlw.go.jp/znk-web/juminkanja/S2430/initialize?prefCd=06&kikanCd=306570317&kikanKbn=3", "url2": null, "内容": "赤澤歯科診療所【3:歯科】山形県鶴岡市熊出５番地" }, "geometry": { "type": "Point", "coordinates": [ 139.84543, 38.629909 ] } },
{ "type": "Feature", "properties": { "ID": 63306570346, "正式名称": "林歯科医院", "機関区分": 3, "都道府県コード": 6, "市区町村コード": 203, "所在地": "山形県鶴岡市羽黒町黒瀬", "緯度": 38.718971, "経度": 139.885062, "url": "https://www.iryou.teikyouseido.mhlw.go.jp/znk-web/juminkanja/S2430/initialize?prefCd=06&kikanCd=306570346&kikanKbn=3", "url2": null, "内容": "林歯科医院【3:歯科】山形県鶴岡市羽黒町黒瀬" }, "geometry": { "type": "Point", "coordinates": [ 139.885062, 38.718971 ] } },
{ "type": "Feature", "properties": { "ID": 63306570359, "正式名称": "今井歯科医院", "機関区分": 3, "都道府県コード": 6, "市区町村コード": 203, "所在地": "山形県鶴岡市新海町１１－３３", "緯度": 38.731441, "経度": 139.813457, "url": "https://www.iryou.teikyouseido.mhlw.go.jp/znk-web/juminkanja/S2430/initialize?prefCd=06&kikanCd=306570359&kikanKbn=3", "url2": null, "内容": "今井歯科医院【3:歯科】山形県鶴岡市新海町１１－３３" }, "geometry": { "type": "Point", "coordinates": [ 139.813457, 38.731441 ] } },
{ "type": "Feature", "properties": { "ID": 63306570375, "正式名称": "三川歯科医院", "機関区分": 3, "都道府県コード": 6, "市区町村コード": 426, "所在地": "山形県東田川郡三川町横山字袖東２－１", "緯度": 38.7951, "経度": 139.847013, "url": "https://www.iryou.teikyouseido.mhlw.go.jp/znk-web/juminkanja/S2430/initialize?prefCd=06&kikanCd=306570375&kikanKbn=3", "url2": null, "内容": "三川歯科医院【3:歯科】山形県東田川郡三川町横山字袖東２－１" }, "geometry": { "type": "Point", "coordinates": [ 139.847013, 38.7951 ] } },
{ "type": "Feature", "properties": { "ID": 63306570388, "正式名称": "笹花常世歯科医院", "機関区分": 3, "都道府県コード": 6, "市区町村コード": 203, "所在地": "山形県鶴岡市藤島字笹花４２－５７", "緯度": 38.766685, "経度": 139.905078, "url": "https://www.iryou.teikyouseido.mhlw.go.jp/znk-web/juminkanja/S2430/initialize?prefCd=06&kikanCd=306570388&kikanKbn=3", "url2": null, "内容": "笹花常世歯科医院【3:歯科】山形県鶴岡市藤島字笹花４２－５７" }, "geometry": { "type": "Point", "coordinates": [ 139.905078, 38.766685 ] } },
{ "type": "Feature", "properties": { "ID": 63306570391, "正式名称": "石黒歯科医院", "機関区分": 3, "都道府県コード": 6, "市区町村コード": 203, "所在地": "山形県鶴岡市日吉町８－６", "緯度": 38.735199, "経度": 139.835102, "url": "https://www.iryou.teikyouseido.mhlw.go.jp/znk-web/juminkanja/S2430/initialize?prefCd=06&kikanCd=306570391&kikanKbn=3", "url2": null, "内容": "石黒歯科医院【3:歯科】山形県鶴岡市日吉町８－６" }, "geometry": { "type": "Point", "coordinates": [ 139.835102, 38.735199 ] } },
{ "type": "Feature", "properties": { "ID": 63306570405, "正式名称": "歯科黒谷クリニック", "機関区分": 3, "都道府県コード": 6, "市区町村コード": 203, "所在地": "山形県鶴岡市上畑町５－２７", "緯度": 38.734422, "経度": 139.829783, "url": "https://www.iryou.teikyouseido.mhlw.go.jp/znk-web/juminkanja/S2430/initialize?prefCd=06&kikanCd=306570405&kikanKbn=3", "url2": "http://kurotani.sakura.ne.jp", "内容": "歯科黒谷クリニック【3:歯科】山形県鶴岡市上畑町５－２７" }, "geometry": { "type": "Point", "coordinates": [ 139.829783, 38.734422 ] } },
{ "type": "Feature", "properties": { "ID": 63306570418, "正式名称": "小笠原歯科医院", "機関区分": 3, "都道府県コード": 6, "市区町村コード": 203, "所在地": "山形県鶴岡市錦町１６－１０", "緯度": 38.736557, "経度": 139.833066, "url": "https://www.iryou.teikyouseido.mhlw.go.jp/znk-web/juminkanja/S2430/initialize?prefCd=06&kikanCd=306570418&kikanKbn=3", "url2": null, "内容": "小笠原歯科医院【3:歯科】山形県鶴岡市錦町１６－１０" }, "geometry": { "type": "Point", "coordinates": [ 139.833066, 38.736557 ] } },
{ "type": "Feature", "properties": { "ID": 63306570447, "正式名称": "歯科家中新町クリニック", "機関区分": 3, "都道府県コード": 6, "市区町村コード": 203, "所在地": "山形県鶴岡市家中新町", "緯度": 38.72818, "経度": 139.819765, "url": "https://www.iryou.teikyouseido.mhlw.go.jp/znk-web/juminkanja/S2430/initialize?prefCd=06&kikanCd=306570447&kikanKbn=3", "url2": "http://www.a-cli.com", "内容": "歯科家中新町クリニック【3:歯科】山形県鶴岡市家中新町" }, "geometry": { "type": "Point", "coordinates": [ 139.819765, 38.72818 ] } },
{ "type": "Feature", "properties": { "ID": 63306570463, "正式名称": "白幡歯科医院", "機関区分": 3, "都道府県コード": 6, "市区町村コード": 203, "所在地": "山形県鶴岡市淀川町１９−７", "緯度": 38.730835, "経度": 139.802969, "url": "https://www.iryou.teikyouseido.mhlw.go.jp/znk-web/juminkanja/S2430/initialize?prefCd=06&kikanCd=306570463&kikanKbn=3", "url2": null, "内容": "白幡歯科医院【3:歯科】山形県鶴岡市淀川町１９−７" }, "geometry": { "type": "Point", "coordinates": [ 139.802969, 38.730835 ] } },
{ "type": "Feature", "properties": { "ID": 63306570489, "正式名称": "大沼歯科医院", "機関区分": 3, "都道府県コード": 6, "市区町村コード": 203, "所在地": "山形県鶴岡市切添町２２－５６", "緯度": 38.729383, "経度": 139.841149, "url": "https://www.iryou.teikyouseido.mhlw.go.jp/znk-web/juminkanja/S2430/initialize?prefCd=06&kikanCd=306570489&kikanKbn=3", "url2": null, "内容": "大沼歯科医院【3:歯科】山形県鶴岡市切添町２２－５６" }, "geometry": { "type": "Point", "coordinates": [ 139.841149, 38.729383 ] } },
{ "type": "Feature", "properties": { "ID": 63306570492, "正式名称": "フミゾノデンタルクリニック", "機関区分": 3, "都道府県コード": 6, "市区町村コード": 203, "所在地": "山形県鶴岡市文園町３−６", "緯度": 38.716851, "経度": 139.829656, "url": "https://www.iryou.teikyouseido.mhlw.go.jp/znk-web/juminkanja/S2430/initialize?prefCd=06&kikanCd=306570492&kikanKbn=3", "url2": "http://www.fumizono-dent-orth.com", "内容": "フミゾノデンタルクリニック【3:歯科】山形県鶴岡市文園町３−６" }, "geometry": { "type": "Point", "coordinates": [ 139.829656, 38.716851 ] } },
{ "type": "Feature", "properties": { "ID": 63306570506, "正式名称": "みどり町澤田歯科医院", "機関区分": 3, "都道府県コード": 6, "市区町村コード": 203, "所在地": "山形県鶴岡市みどり町３２－５８", "緯度": 38.729405, "経度": 139.812407, "url": "https://www.iryou.teikyouseido.mhlw.go.jp/znk-web/juminkanja/S2430/initialize?prefCd=06&kikanCd=306570506&kikanKbn=3", "url2": null, "内容": "みどり町澤田歯科医院【3:歯科】山形県鶴岡市みどり町３２－５８" }, "geometry": { "type": "Point", "coordinates": [ 139.812407, 38.729405 ] } },
{ "type": "Feature", "properties": { "ID": 63306570522, "正式名称": "斎藤歯科クリニック", "機関区分": 3, "都道府県コード": 6, "市区町村コード": 203, "所在地": "山形県鶴岡市新形町４－３１－２階", "緯度": 38.736385, "経度": 139.826089, "url": "https://www.iryou.teikyouseido.mhlw.go.jp/znk-web/juminkanja/S2430/initialize?prefCd=06&kikanCd=306570522&kikanKbn=3", "url2": null, "内容": "斎藤歯科クリニック【3:歯科】山形県鶴岡市新形町４－３１－２階" }, "geometry": { "type": "Point", "coordinates": [ 139.826089, 38.736385 ] } },
{ "type": "Feature", "properties": { "ID": 63306570548, "正式名称": "あかざわ歯科医院", "機関区分": 3, "都道府県コード": 6, "市区町村コード": 203, "所在地": "山形県鶴岡市青柳町４２－３", "緯度": 38.721903, "経度": 139.811716, "url": "https://www.iryou.teikyouseido.mhlw.go.jp/znk-web/juminkanja/S2430/initialize?prefCd=06&kikanCd=306570548&kikanKbn=3", "url2": null, "内容": "あかざわ歯科医院【3:歯科】山形県鶴岡市青柳町４２－３" }, "geometry": { "type": "Point", "coordinates": [ 139.811716, 38.721903 ] } },
{ "type": "Feature", "properties": { "ID": 63306570551, "正式名称": "美原歯科医院", "機関区分": 3, "都道府県コード": 6, "市区町村コード": 203, "所在地": "山形県鶴岡市美原町５－４１", "緯度": 38.719051, "経度": 139.821129, "url": "https://www.iryou.teikyouseido.mhlw.go.jp/znk-web/juminkanja/S2430/initialize?prefCd=06&kikanCd=306570551&kikanKbn=3", "url2": null, "内容": "美原歯科医院【3:歯科】山形県鶴岡市美原町５－４１" }, "geometry": { "type": "Point", "coordinates": [ 139.821129, 38.719051 ] } },
{ "type": "Feature", "properties": { "ID": 63306570564, "正式名称": "医療法人ＳＭＩＬＥＭＡＫＥ武田歯科医院", "機関区分": 3, "都道府県コード": 6, "市区町村コード": 203, "所在地": "山形県鶴岡市茅原町２８－１５", "緯度": 38.752008, "経度": 139.842759, "url": "https://www.iryou.teikyouseido.mhlw.go.jp/znk-web/juminkanja/S2430/initialize?prefCd=06&kikanCd=306570564&kikanKbn=3", "url2": "http://www.takeda-shika.net", "内容": "医療法人ＳＭＩＬＥＭＡＫＥ武田歯科医院【3:歯科】山形県鶴岡市茅原町２８－１５" }, "geometry": { "type": "Point", "coordinates": [ 139.842759, 38.752008 ] } },
{ "type": "Feature", "properties": { "ID": 63306570580, "正式名称": "清野歯科医院", "機関区分": 3, "都道府県コード": 6, "市区町村コード": 203, "所在地": "山形県鶴岡市睦町６－１１", "緯度": 38.721176, "経度": 139.828578, "url": "https://www.iryou.teikyouseido.mhlw.go.jp/znk-web/juminkanja/S2430/initialize?prefCd=06&kikanCd=306570580&kikanKbn=3", "url2": null, "内容": "清野歯科医院【3:歯科】山形県鶴岡市睦町６－１１" }, "geometry": { "type": "Point", "coordinates": [ 139.828578, 38.721176 ] } },
{ "type": "Feature", "properties": { "ID": 63306570607, "正式名称": "石田歯科医院", "機関区分": 3, "都道府県コード": 6, "市区町村コード": 203, "所在地": "山形県鶴岡市桜新町３−１７", "緯度": 38.717845, "経度": 139.839491, "url": "https://www.iryou.teikyouseido.mhlw.go.jp/znk-web/juminkanja/S2430/initialize?prefCd=06&kikanCd=306570607&kikanKbn=3", "url2": "https://www.jda.or.jp/search/detail_39067.html", "内容": "石田歯科医院【3:歯科】山形県鶴岡市桜新町３−１７" }, "geometry": { "type": "Point", "coordinates": [ 139.839491, 38.717845 ] } },
{ "type": "Feature", "properties": { "ID": 63306570610, "正式名称": "医療法人社団五十嵐歯科医院", "機関区分": 3, "都道府県コード": 6, "市区町村コード": 203, "所在地": "山形県鶴岡市睦町１７－５", "緯度": 38.71904, "経度": 139.825634, "url": "https://www.iryou.teikyouseido.mhlw.go.jp/znk-web/juminkanja/S2430/initialize?prefCd=06&kikanCd=306570610&kikanKbn=3", "url2": "http://www.dental-clinic.org", "内容": "医療法人社団五十嵐歯科医院【3:歯科】山形県鶴岡市睦町１７－５" }, "geometry": { "type": "Point", "coordinates": [ 139.825634, 38.71904 ] } },
{ "type": "Feature", "properties": { "ID": 63306570636, "正式名称": "佐藤歯科医院", "機関区分": 3, "都道府県コード": 6, "市区町村コード": 203, "所在地": "山形県鶴岡市下山添字中通４４－８", "緯度": 38.69124, "経度": 139.839395, "url": "https://www.iryou.teikyouseido.mhlw.go.jp/znk-web/juminkanja/S2430/initialize?prefCd=06&kikanCd=306570636&kikanKbn=3", "url2": null, "内容": "佐藤歯科医院【3:歯科】山形県鶴岡市下山添字中通４４－８" }, "geometry": { "type": "Point", "coordinates": [ 139.839395, 38.69124 ] } },
{ "type": "Feature", "properties": { "ID": 63306570649, "正式名称": "富樫歯科医院", "機関区分": 3, "都道府県コード": 6, "市区町村コード": 203, "所在地": "山形県鶴岡市大山３−１０−６", "緯度": 38.753876, "経度": 139.768041, "url": "https://www.iryou.teikyouseido.mhlw.go.jp/znk-web/juminkanja/S2430/initialize?prefCd=06&kikanCd=306570649&kikanKbn=3", "url2": "http://www.togashi-dental-office.jp/", "内容": "富樫歯科医院【3:歯科】山形県鶴岡市大山３−１０−６" }, "geometry": { "type": "Point", "coordinates": [ 139.768041, 38.753876 ] } },
{ "type": "Feature", "properties": { "ID": 63306570652, "正式名称": "大平歯科医院", "機関区分": 3, "都道府県コード": 6, "市区町村コード": 203, "所在地": "山形県鶴岡市三瀬宮ノ前１８－２", "緯度": 38.70649, "経度": 139.667816, "url": "https://www.iryou.teikyouseido.mhlw.go.jp/znk-web/juminkanja/S2430/initialize?prefCd=06&kikanCd=306570652&kikanKbn=3", "url2": null, "内容": "大平歯科医院【3:歯科】山形県鶴岡市三瀬宮ノ前１８－２" }, "geometry": { "type": "Point", "coordinates": [ 139.667816, 38.70649 ] } },
{ "type": "Feature", "properties": { "ID": 63306580020, "正式名称": "加藤歯科医院", "機関区分": 3, "都道府県コード": 6, "市区町村コード": 213, "所在地": "山形県南陽市宮内３５０９−１", "緯度": 38.074614, "経度": 140.139333, "url": "https://www.iryou.teikyouseido.mhlw.go.jp/znk-web/juminkanja/S2430/initialize?prefCd=06&kikanCd=306580020&kikanKbn=3", "url2": null, "内容": "加藤歯科医院【3:歯科】山形県南陽市宮内３５０９−１" }, "geometry": { "type": "Point", "coordinates": [ 140.139333, 38.074614 ] } },
{ "type": "Feature", "properties": { "ID": 63306580059, "正式名称": "桜井歯科医院", "機関区分": 3, "都道府県コード": 6, "市区町村コード": 213, "所在地": "山形県南陽市三間通１３９－５", "緯度": 38.048065, "経度": 140.151753, "url": "https://www.iryou.teikyouseido.mhlw.go.jp/znk-web/juminkanja/S2430/initialize?prefCd=06&kikanCd=306580059&kikanKbn=3", "url2": null, "内容": "桜井歯科医院【3:歯科】山形県南陽市三間通１３９－５" }, "geometry": { "type": "Point", "coordinates": [ 140.151753, 38.048065 ] } },
{ "type": "Feature", "properties": { "ID": 63306580062, "正式名称": "佐藤歯科医院", "機関区分": 3, "都道府県コード": 6, "市区町村コード": 213, "所在地": "山形県南陽市二色根７４", "緯度": 38.050425, "経度": 140.160386, "url": "https://www.iryou.teikyouseido.mhlw.go.jp/znk-web/juminkanja/S2430/initialize?prefCd=06&kikanCd=306580062&kikanKbn=3", "url2": null, "内容": "佐藤歯科医院【3:歯科】山形県南陽市二色根７４" }, "geometry": { "type": "Point", "coordinates": [ 140.160386, 38.050425 ] } },
{ "type": "Feature", "properties": { "ID": 63306580091, "正式名称": "黒江歯科医院", "機関区分": 3, "都道府県コード": 6, "市区町村コード": 213, "所在地": "山形県南陽市宮内３５７７", "緯度": 38.075386, "経度": 140.139978, "url": "https://www.iryou.teikyouseido.mhlw.go.jp/znk-web/juminkanja/S2430/initialize?prefCd=06&kikanCd=306580091&kikanKbn=3", "url2": null, "内容": "黒江歯科医院【3:歯科】山形県南陽市宮内３５７７" }, "geometry": { "type": "Point", "coordinates": [ 140.139978, 38.075386 ] } },
{ "type": "Feature", "properties": { "ID": 63306580105, "正式名称": "村越歯科医院", "機関区分": 3, "都道府県コード": 6, "市区町村コード": 213, "所在地": "山形県南陽市三間通", "緯度": 38.049703, "経度": 140.15018, "url": "https://www.iryou.teikyouseido.mhlw.go.jp/znk-web/juminkanja/S2430/initialize?prefCd=06&kikanCd=306580105&kikanKbn=3", "url2": null, "内容": "村越歯科医院【3:歯科】山形県南陽市三間通" }, "geometry": { "type": "Point", "coordinates": [ 140.15018, 38.049703 ] } },
{ "type": "Feature", "properties": { "ID": 63306580134, "正式名称": "桜井歯科医院糠野目診療所", "機関区分": 3, "都道府県コード": 6, "市区町村コード": 381, "所在地": "山形県東置賜郡高畠町福沢８１－２", "緯度": 37.9923, "経度": 140.15048, "url": "https://www.iryou.teikyouseido.mhlw.go.jp/znk-web/juminkanja/S2430/initialize?prefCd=06&kikanCd=306580134&kikanKbn=3", "url2": "http://www.dental-sakurai.com/index.php", "内容": "桜井歯科医院糠野目診療所【3:歯科】山形県東置賜郡高畠町福沢８１－２" }, "geometry": { "type": "Point", "coordinates": [ 140.15048, 37.9923 ] } },
{ "type": "Feature", "properties": { "ID": 63306580176, "正式名称": "医療法人八木歯科医院", "機関区分": 3, "都道府県コード": 6, "市区町村コード": 381, "所在地": "山形県東置賜郡高畠町高畠１４８２", "緯度": 38.005058, "経度": 140.196132, "url": "https://www.iryou.teikyouseido.mhlw.go.jp/znk-web/juminkanja/S2430/initialize?prefCd=06&kikanCd=306580176&kikanKbn=3", "url2": null, "内容": "医療法人八木歯科医院【3:歯科】山形県東置賜郡高畠町高畠１４８２" }, "geometry": { "type": "Point", "coordinates": [ 140.196132, 38.005058 ] } },
{ "type": "Feature", "properties": { "ID": 63306580189, "正式名称": "つちや歯科医院", "機関区分": 3, "都道府県コード": 6, "市区町村コード": 381, "所在地": "山形県東置賜郡高畠町高畠４２２－７", "緯度": 38.002348, "経度": 140.191857, "url": "https://www.iryou.teikyouseido.mhlw.go.jp/znk-web/juminkanja/S2430/initialize?prefCd=06&kikanCd=306580189&kikanKbn=3", "url2": null, "内容": "つちや歯科医院【3:歯科】山形県東置賜郡高畠町高畠４２２－７" }, "geometry": { "type": "Point", "coordinates": [ 140.191857, 38.002348 ] } },
{ "type": "Feature", "properties": { "ID": 63306580192, "正式名称": "伊藤歯科医院", "機関区分": 3, "都道府県コード": 6, "市区町村コード": 213, "所在地": "山形県南陽市宮内１１８８－６", "緯度": 38.069398, "経度": 140.142833, "url": "https://www.iryou.teikyouseido.mhlw.go.jp/znk-web/juminkanja/S2430/initialize?prefCd=06&kikanCd=306580192&kikanKbn=3", "url2": null, "内容": "伊藤歯科医院【3:歯科】山形県南陽市宮内１１８８－６" }, "geometry": { "type": "Point", "coordinates": [ 140.142833, 38.069398 ] } },
{ "type": "Feature", "properties": { "ID": 63306590010, "正式名称": "赤間歯科医院", "機関区分": 3, "都道府県コード": 6, "市区町村コード": 209, "所在地": "山形県長井市館町南１７―８", "緯度": 38.097459, "経度": 140.039919, "url": "https://www.iryou.teikyouseido.mhlw.go.jp/znk-web/juminkanja/S2430/initialize?prefCd=06&kikanCd=306590010&kikanKbn=3", "url2": null, "内容": "赤間歯科医院【3:歯科】山形県長井市館町南１７―８" }, "geometry": { "type": "Point", "coordinates": [ 140.039919, 38.097459 ] } },
{ "type": "Feature", "properties": { "ID": 63306590078, "正式名称": "寺島歯科医院", "機関区分": 3, "都道府県コード": 6, "市区町村コード": 209, "所在地": "山形県長井市本町２−７−２７", "緯度": 38.103986, "経度": 140.03746, "url": "https://www.iryou.teikyouseido.mhlw.go.jp/znk-web/juminkanja/S2430/initialize?prefCd=06&kikanCd=306590078&kikanKbn=3", "url2": null, "内容": "寺島歯科医院【3:歯科】山形県長井市本町２−７−２７" }, "geometry": { "type": "Point", "coordinates": [ 140.03746, 38.103986 ] } },
{ "type": "Feature", "properties": { "ID": 63306590108, "正式名称": "鈴木歯科医院", "機関区分": 3, "都道府県コード": 6, "市区町村コード": 209, "所在地": "山形県長井市四ツ谷１－３－２", "緯度": 38.100408, "経度": 140.035991, "url": "https://www.iryou.teikyouseido.mhlw.go.jp/znk-web/juminkanja/S2430/initialize?prefCd=06&kikanCd=306590108&kikanKbn=3", "url2": null, "内容": "鈴木歯科医院【3:歯科】山形県長井市四ツ谷１－３－２" }, "geometry": { "type": "Point", "coordinates": [ 140.035991, 38.100408 ] } },
{ "type": "Feature", "properties": { "ID": 63306590140, "正式名称": "佐藤歯科医院", "機関区分": 3, "都道府県コード": 6, "市区町村コード": 402, "所在地": "山形県西置賜郡白鷹町荒砥乙", "緯度": 38.185306, "経度": 140.101854, "url": "https://www.iryou.teikyouseido.mhlw.go.jp/znk-web/juminkanja/S2430/initialize?prefCd=06&kikanCd=306590140&kikanKbn=3", "url2": null, "内容": "佐藤歯科医院【3:歯科】山形県西置賜郡白鷹町荒砥乙" }, "geometry": { "type": "Point", "coordinates": [ 140.101854, 38.185306 ] } },
{ "type": "Feature", "properties": { "ID": 63306590212, "正式名称": "高橋歯科医院", "機関区分": 3, "都道府県コード": 6, "市区町村コード": 209, "所在地": "山形県長井市四ツ谷２－４－５２", "緯度": 38.097461, "経度": 140.036511, "url": "https://www.iryou.teikyouseido.mhlw.go.jp/znk-web/juminkanja/S2430/initialize?prefCd=06&kikanCd=306590212&kikanKbn=3", "url2": null, "内容": "高橋歯科医院【3:歯科】山形県長井市四ツ谷２－４－５２" }, "geometry": { "type": "Point", "coordinates": [ 140.036511, 38.097461 ] } },
{ "type": "Feature", "properties": { "ID": 63306590241, "正式名称": "誠歯会斎藤歯科医院", "機関区分": 3, "都道府県コード": 6, "市区町村コード": 209, "所在地": "山形県長井市片田町３番５号", "緯度": 38.103519, "経度": 140.040507, "url": "https://www.iryou.teikyouseido.mhlw.go.jp/znk-web/juminkanja/S2430/initialize?prefCd=06&kikanCd=306590241&kikanKbn=3", "url2": "http://dc-saito.jp/", "内容": "誠歯会斎藤歯科医院【3:歯科】山形県長井市片田町３番５号" }, "geometry": { "type": "Point", "coordinates": [ 140.040507, 38.103519 ] } },
{ "type": "Feature", "properties": { "ID": 63306590283, "正式名称": "加藤歯科医院", "機関区分": 3, "都道府県コード": 6, "市区町村コード": 401, "所在地": "山形県西置賜郡小国町小国小坂町", "緯度": 38.063191, "経度": 139.742492, "url": "https://www.iryou.teikyouseido.mhlw.go.jp/znk-web/juminkanja/S2430/initialize?prefCd=06&kikanCd=306590283&kikanKbn=3", "url2": null, "内容": "加藤歯科医院【3:歯科】山形県西置賜郡小国町小国小坂町" }, "geometry": { "type": "Point", "coordinates": [ 139.742492, 38.063191 ] } },
{ "type": "Feature", "properties": { "ID": 63306590300, "正式名称": "五十嵐歯科医院", "機関区分": 3, "都道府県コード": 6, "市区町村コード": 402, "所在地": "山形県西置賜郡白鷹町荒砥甲９５５", "緯度": 38.183534, "経度": 140.101418, "url": "https://www.iryou.teikyouseido.mhlw.go.jp/znk-web/juminkanja/S2430/initialize?prefCd=06&kikanCd=306590300&kikanKbn=3", "url2": null, "内容": "五十嵐歯科医院【3:歯科】山形県西置賜郡白鷹町荒砥甲９５５" }, "geometry": { "type": "Point", "coordinates": [ 140.101418, 38.183534 ] } },
{ "type": "Feature", "properties": { "ID": 63306590339, "正式名称": "アカシア通り歯科クリニック", "機関区分": 3, "都道府県コード": 6, "市区町村コード": 209, "所在地": "山形県長井市舟場", "緯度": 38.116745, "経度": 140.04264, "url": "https://www.iryou.teikyouseido.mhlw.go.jp/znk-web/juminkanja/S2430/initialize?prefCd=06&kikanCd=306590339&kikanKbn=3", "url2": null, "内容": "アカシア通り歯科クリニック【3:歯科】山形県長井市舟場" }, "geometry": { "type": "Point", "coordinates": [ 140.04264, 38.116745 ] } },
{ "type": "Feature", "properties": { "ID": 63306600056, "正式名称": "金子歯科医院", "機関区分": 3, "都道府県コード": 6, "市区町村コード": 202, "所在地": "山形県米沢市城北１－２－２３", "緯度": 37.913091, "経度": 140.105741, "url": "https://www.iryou.teikyouseido.mhlw.go.jp/znk-web/juminkanja/S2430/initialize?prefCd=06&kikanCd=306600056&kikanKbn=3", "url2": null, "内容": "金子歯科医院【3:歯科】山形県米沢市城北１－２－２３" }, "geometry": { "type": "Point", "coordinates": [ 140.105741, 37.913091 ] } },
{ "type": "Feature", "properties": { "ID": 63306600199, "正式名称": "五十嵐歯科医院", "機関区分": 3, "都道府県コード": 6, "市区町村コード": 202, "所在地": "山形県米沢市大町３−１−２２", "緯度": 37.908683, "経度": 140.114788, "url": "https://www.iryou.teikyouseido.mhlw.go.jp/znk-web/juminkanja/S2430/initialize?prefCd=06&kikanCd=306600199&kikanKbn=3", "url2": null, "内容": "五十嵐歯科医院【3:歯科】山形県米沢市大町３−１−２２" }, "geometry": { "type": "Point", "coordinates": [ 140.114788, 37.908683 ] } },
{ "type": "Feature", "properties": { "ID": 63306600216, "正式名称": "米沢ファミリー歯科・矯正歯科", "機関区分": 3, "都道府県コード": 6, "市区町村コード": 202, "所在地": "山形県米沢市本町３－１－４３", "緯度": 37.901648, "経度": 140.111311, "url": "https://www.iryou.teikyouseido.mhlw.go.jp/znk-web/juminkanja/S2430/initialize?prefCd=06&kikanCd=306600216&kikanKbn=3", "url2": "https://www.yonezawafamily.jp/", "内容": "米沢ファミリー歯科・矯正歯科【3:歯科】山形県米沢市本町３－１－４３" }, "geometry": { "type": "Point", "coordinates": [ 140.111311, 37.901648 ] } },
{ "type": "Feature", "properties": { "ID": 63306600258, "正式名称": "医療法人三條歯科医院", "機関区分": 3, "都道府県コード": 6, "市区町村コード": 202, "所在地": "山形県米沢市城南１－５－１４", "緯度": 37.905883, "経度": 140.106342, "url": "https://www.iryou.teikyouseido.mhlw.go.jp/znk-web/juminkanja/S2430/initialize?prefCd=06&kikanCd=306600258&kikanKbn=3", "url2": "https://www.sanjyo-dental.com/", "内容": "医療法人三條歯科医院【3:歯科】山形県米沢市城南１－５－１４" }, "geometry": { "type": "Point", "coordinates": [ 140.106342, 37.905883 ] } },
{ "type": "Feature", "properties": { "ID": 63306600261, "正式名称": "林歯科医院", "機関区分": 3, "都道府県コード": 6, "市区町村コード": 202, "所在地": "山形県米沢市駅前２−１−３０", "緯度": 37.909803, "経度": 140.12559, "url": "https://www.iryou.teikyouseido.mhlw.go.jp/znk-web/juminkanja/S2430/initialize?prefCd=06&kikanCd=306600261&kikanKbn=3", "url2": null, "内容": "林歯科医院【3:歯科】山形県米沢市駅前２−１−３０" }, "geometry": { "type": "Point", "coordinates": [ 140.12559, 37.909803 ] } },
{ "type": "Feature", "properties": { "ID": 63306600274, "正式名称": "足立歯科医院", "機関区分": 3, "都道府県コード": 6, "市区町村コード": 202, "所在地": "山形県米沢市金池３－２－１４", "緯度": 37.92031, "経度": 140.114712, "url": "https://www.iryou.teikyouseido.mhlw.go.jp/znk-web/juminkanja/S2430/initialize?prefCd=06&kikanCd=306600274&kikanKbn=3", "url2": "http://www.adachidc.com/", "内容": "足立歯科医院【3:歯科】山形県米沢市金池３－２－１４" }, "geometry": { "type": "Point", "coordinates": [ 140.114712, 37.92031 ] } },
{ "type": "Feature", "properties": { "ID": 63306600287, "正式名称": "近野歯科医院", "機関区分": 3, "都道府県コード": 6, "市区町村コード": 202, "所在地": "山形県米沢市門東町２ー８ー１２", "緯度": 37.908311, "経度": 140.109289, "url": "https://www.iryou.teikyouseido.mhlw.go.jp/znk-web/juminkanja/S2430/initialize?prefCd=06&kikanCd=306600287&kikanKbn=3", "url2": null, "内容": "近野歯科医院【3:歯科】山形県米沢市門東町２ー８ー１２" }, "geometry": { "type": "Point", "coordinates": [ 140.109289, 37.908311 ] } },
{ "type": "Feature", "properties": { "ID": 63306600290, "正式名称": "中川歯科医院", "機関区分": 3, "都道府県コード": 6, "市区町村コード": 202, "所在地": "山形県米沢市中央１−３−２３", "緯度": 37.912822, "経度": 140.111627, "url": "https://www.iryou.teikyouseido.mhlw.go.jp/znk-web/juminkanja/S2430/initialize?prefCd=06&kikanCd=306600290&kikanKbn=3", "url2": null, "内容": "中川歯科医院【3:歯科】山形県米沢市中央１−３−２３" }, "geometry": { "type": "Point", "coordinates": [ 140.111627, 37.912822 ] } },
{ "type": "Feature", "properties": { "ID": 63306600320, "正式名称": "松岸歯科医院", "機関区分": 3, "都道府県コード": 6, "市区町村コード": 382, "所在地": "山形県東置賜郡川西町中小松２８３２ー３", "緯度": 38.008312, "経度": 140.048278, "url": "https://www.iryou.teikyouseido.mhlw.go.jp/znk-web/juminkanja/S2430/initialize?prefCd=06&kikanCd=306600320&kikanKbn=3", "url2": "https://www.matsugishi-dental.com/", "内容": "松岸歯科医院【3:歯科】山形県東置賜郡川西町中小松２８３２ー３" }, "geometry": { "type": "Point", "coordinates": [ 140.048278, 38.008312 ] } },
{ "type": "Feature", "properties": { "ID": 63306600362, "正式名称": "長谷部歯科医院", "機関区分": 3, "都道府県コード": 6, "市区町村コード": 202, "所在地": "山形県米沢市春日５−２−４５", "緯度": 37.930397, "経度": 140.115192, "url": "https://www.iryou.teikyouseido.mhlw.go.jp/znk-web/juminkanja/S2430/initialize?prefCd=06&kikanCd=306600362&kikanKbn=3", "url2": null, "内容": "長谷部歯科医院【3:歯科】山形県米沢市春日５−２−４５" }, "geometry": { "type": "Point", "coordinates": [ 140.115192, 37.930397 ] } },
{ "type": "Feature", "properties": { "ID": 63306600375, "正式名称": "渡部歯科医院", "機関区分": 3, "都道府県コード": 6, "市区町村コード": 202, "所在地": "山形県米沢市城北１－２－１３", "緯度": 37.913341, "経度": 140.105911, "url": "https://www.iryou.teikyouseido.mhlw.go.jp/znk-web/juminkanja/S2430/initialize?prefCd=06&kikanCd=306600375&kikanKbn=3", "url2": null, "内容": "渡部歯科医院【3:歯科】山形県米沢市城北１－２－１３" }, "geometry": { "type": "Point", "coordinates": [ 140.105911, 37.913341 ] } },
{ "type": "Feature", "properties": { "ID": 63306600388, "正式名称": "高橋歯科医院", "機関区分": 3, "都道府県コード": 6, "市区町村コード": 202, "所在地": "山形県米沢市直江町６－３", "緯度": 37.914162, "経度": 140.089776, "url": "https://www.iryou.teikyouseido.mhlw.go.jp/znk-web/juminkanja/S2430/initialize?prefCd=06&kikanCd=306600388&kikanKbn=3", "url2": null, "内容": "高橋歯科医院【3:歯科】山形県米沢市直江町６－３" }, "geometry": { "type": "Point", "coordinates": [ 140.089776, 37.914162 ] } },
{ "type": "Feature", "properties": { "ID": 63306600391, "正式名称": "医療法人平間歯科医院", "機関区分": 3, "都道府県コード": 6, "市区町村コード": 202, "所在地": "山形県米沢市城西４−１−２６", "緯度": 37.915968, "経度": 140.094517, "url": "https://www.iryou.teikyouseido.mhlw.go.jp/znk-web/juminkanja/S2430/initialize?prefCd=06&kikanCd=306600391&kikanKbn=3", "url2": null, "内容": "医療法人平間歯科医院【3:歯科】山形県米沢市城西４−１−２６" }, "geometry": { "type": "Point", "coordinates": [ 140.094517, 37.915968 ] } },
{ "type": "Feature", "properties": { "ID": 63306600405, "正式名称": "鈴木歯科医院", "機関区分": 3, "都道府県コード": 6, "市区町村コード": 202, "所在地": "山形県米沢市丸の内１－１－８１", "緯度": 37.910688, "経度": 140.106872, "url": "https://www.iryou.teikyouseido.mhlw.go.jp/znk-web/juminkanja/S2430/initialize?prefCd=06&kikanCd=306600405&kikanKbn=3", "url2": null, "内容": "鈴木歯科医院【3:歯科】山形県米沢市丸の内１－１－８１" }, "geometry": { "type": "Point", "coordinates": [ 140.106872, 37.910688 ] } },
{ "type": "Feature", "properties": { "ID": 63306600447, "正式名称": "佐藤歯科クリニック", "機関区分": 3, "都道府県コード": 6, "市区町村コード": 213, "所在地": "山形県南陽市宮内９２９－４", "緯度": 38.065695, "経度": 140.130878, "url": "https://www.iryou.teikyouseido.mhlw.go.jp/znk-web/juminkanja/S2430/initialize?prefCd=06&kikanCd=306600447&kikanKbn=3", "url2": null, "内容": "佐藤歯科クリニック【3:歯科】山形県南陽市宮内９２９－４" }, "geometry": { "type": "Point", "coordinates": [ 140.130878, 38.065695 ] } },
{ "type": "Feature", "properties": { "ID": 63306600463, "正式名称": "医療法人社団喜六会　みわき歯科クリニック", "機関区分": 3, "都道府県コード": 6, "市区町村コード": 202, "所在地": "山形県米沢市中央６－１－１５", "緯度": 37.918051, "経度": 140.106899, "url": "https://www.iryou.teikyouseido.mhlw.go.jp/znk-web/juminkanja/S2430/initialize?prefCd=06&kikanCd=306600463&kikanKbn=3", "url2": "http://miwakishika.com/", "内容": "医療法人社団喜六会　みわき歯科クリニック【3:歯科】山形県米沢市中央６－１－１５" }, "geometry": { "type": "Point", "coordinates": [ 140.106899, 37.918051 ] } },
{ "type": "Feature", "properties": { "ID": 63306600489, "正式名称": "高橋歯科医院", "機関区分": 3, "都道府県コード": 6, "市区町村コード": 213, "所在地": "山形県南陽市宮内４６４８－１", "緯度": 38.068078, "経度": 140.138018, "url": "https://www.iryou.teikyouseido.mhlw.go.jp/znk-web/juminkanja/S2430/initialize?prefCd=06&kikanCd=306600489&kikanKbn=3", "url2": null, "内容": "高橋歯科医院【3:歯科】山形県南陽市宮内４６４８－１" }, "geometry": { "type": "Point", "coordinates": [ 140.138018, 38.068078 ] } },
{ "type": "Feature", "properties": { "ID": 63306600492, "正式名称": "村山歯科医院", "機関区分": 3, "都道府県コード": 6, "市区町村コード": 202, "所在地": "山形県米沢市通町６－１１－１０", "緯度": 37.893536, "経度": 140.125977, "url": "https://www.iryou.teikyouseido.mhlw.go.jp/znk-web/juminkanja/S2430/initialize?prefCd=06&kikanCd=306600492&kikanKbn=3", "url2": "https://murayama-dc.com/", "内容": "村山歯科医院【3:歯科】山形県米沢市通町６－１１－１０" }, "geometry": { "type": "Point", "coordinates": [ 140.125977, 37.893536 ] } },
{ "type": "Feature", "properties": { "ID": 63306600506, "正式名称": "高畠歯科クリニック", "機関区分": 3, "都道府県コード": 6, "市区町村コード": 381, "所在地": "山形県東置賜郡高畠町上平柳２０９９－２", "緯度": 37.993066, "経度": 140.142833, "url": "https://www.iryou.teikyouseido.mhlw.go.jp/znk-web/juminkanja/S2430/initialize?prefCd=06&kikanCd=306600506&kikanKbn=3", "url2": "http://www.takahatasika.com", "内容": "高畠歯科クリニック【3:歯科】山形県東置賜郡高畠町上平柳２０９９－２" }, "geometry": { "type": "Point", "coordinates": [ 140.142833, 37.993066 ] } },
{ "type": "Feature", "properties": { "ID": 63306600548, "正式名称": "医療法人千葉歯科医院", "機関区分": 3, "都道府県コード": 6, "市区町村コード": 381, "所在地": "山形県東置賜郡高畠町福沢南１７－１", "緯度": 37.991453, "経度": 140.146533, "url": "https://www.iryou.teikyouseido.mhlw.go.jp/znk-web/juminkanja/S2430/initialize?prefCd=06&kikanCd=306600548&kikanKbn=3", "url2": null, "内容": "医療法人千葉歯科医院【3:歯科】山形県東置賜郡高畠町福沢南１７－１" }, "geometry": { "type": "Point", "coordinates": [ 140.146533, 37.991453 ] } },
{ "type": "Feature", "properties": { "ID": 63306610017, "正式名称": "わたなべ矯正歯科医院", "機関区分": 3, "都道府県コード": 6, "市区町村コード": 202, "所在地": "山形県米沢市中央７－５－３－２", "緯度": 37.921493, "経度": 140.106221, "url": "https://www.iryou.teikyouseido.mhlw.go.jp/znk-web/juminkanja/S2430/initialize?prefCd=06&kikanCd=306610017&kikanKbn=3", "url2": "wata-ortho.com", "内容": "わたなべ矯正歯科医院【3:歯科】山形県米沢市中央７－５－３－２" }, "geometry": { "type": "Point", "coordinates": [ 140.106221, 37.921493 ] } },
{ "type": "Feature", "properties": { "ID": 63306610033, "正式名称": "齋藤歯科医院", "機関区分": 3, "都道府県コード": 6, "市区町村コード": 213, "所在地": "山形県南陽市宮内２９４５", "緯度": 38.073411, "経度": 140.133889, "url": "https://www.iryou.teikyouseido.mhlw.go.jp/znk-web/juminkanja/S2430/initialize?prefCd=06&kikanCd=306610033&kikanKbn=3", "url2": null, "内容": "齋藤歯科医院【3:歯科】山形県南陽市宮内２９４５" }, "geometry": { "type": "Point", "coordinates": [ 140.133889, 38.073411 ] } },
{ "type": "Feature", "properties": { "ID": 63306610046, "正式名称": "板垣歯科クリニック", "機関区分": 3, "都道府県コード": 6, "市区町村コード": 213, "所在地": "山形県南陽市郡山６１５－８", "緯度": 38.044912, "経度": 140.155689, "url": "https://www.iryou.teikyouseido.mhlw.go.jp/znk-web/juminkanja/S2430/initialize?prefCd=06&kikanCd=306610046&kikanKbn=3", "url2": "http://www.itagaki-dental-clinic.com/", "内容": "板垣歯科クリニック【3:歯科】山形県南陽市郡山６１５－８" }, "geometry": { "type": "Point", "coordinates": [ 140.155689, 38.044912 ] } },
{ "type": "Feature", "properties": { "ID": 63306610075, "正式名称": "あさひ歯科医院", "機関区分": 3, "都道府県コード": 6, "市区町村コード": 202, "所在地": "山形県米沢市相生町", "緯度": 37.904445, "経度": 140.11638, "url": "https://www.iryou.teikyouseido.mhlw.go.jp/znk-web/juminkanja/S2430/initialize?prefCd=06&kikanCd=306610075&kikanKbn=3", "url2": null, "内容": "あさひ歯科医院【3:歯科】山形県米沢市相生町" }, "geometry": { "type": "Point", "coordinates": [ 140.11638, 37.904445 ] } },
{ "type": "Feature", "properties": { "ID": 63306610088, "正式名称": "もり歯科医院", "機関区分": 3, "都道府県コード": 6, "市区町村コード": 202, "所在地": "山形県米沢市成島町２ー１ー３５", "緯度": 37.922106, "経度": 140.08764, "url": "https://www.iryou.teikyouseido.mhlw.go.jp/znk-web/juminkanja/S2430/initialize?prefCd=06&kikanCd=306610088&kikanKbn=3", "url2": "https://www.mori-shikaiin.net", "内容": "もり歯科医院【3:歯科】山形県米沢市成島町２ー１ー３５" }, "geometry": { "type": "Point", "coordinates": [ 140.08764, 37.922106 ] } },
{ "type": "Feature", "properties": { "ID": 63306610091, "正式名称": "むらかみ歯科医院", "機関区分": 3, "都道府県コード": 6, "市区町村コード": 381, "所在地": "山形県東置賜郡高畠町高畠２１５２－８５", "緯度": 38.007111, "経度": 140.196061, "url": "https://www.iryou.teikyouseido.mhlw.go.jp/znk-web/juminkanja/S2430/initialize?prefCd=06&kikanCd=306610091&kikanKbn=3", "url2": "http://www.murakamishikaiin.com", "内容": "むらかみ歯科医院【3:歯科】山形県東置賜郡高畠町高畠２１５２－８５" }, "geometry": { "type": "Point", "coordinates": [ 140.196061, 38.007111 ] } },
{ "type": "Feature", "properties": { "ID": 63306610105, "正式名称": "いとう歯科クリニック", "機関区分": 3, "都道府県コード": 6, "市区町村コード": 213, "所在地": "山形県南陽市郡山仲堀１２１５−１２", "緯度": 38.044483, "経度": 140.145282, "url": "https://www.iryou.teikyouseido.mhlw.go.jp/znk-web/juminkanja/S2430/initialize?prefCd=06&kikanCd=306610105&kikanKbn=3", "url2": null, "内容": "いとう歯科クリニック【3:歯科】山形県南陽市郡山仲堀１２１５−１２" }, "geometry": { "type": "Point", "coordinates": [ 140.145282, 38.044483 ] } },
{ "type": "Feature", "properties": { "ID": 63306610134, "正式名称": "レインボー歯科医院", "機関区分": 3, "都道府県コード": 6, "市区町村コード": 202, "所在地": "山形県米沢市下花沢２丁目７－３２－６", "緯度": 37.90989, "経度": 140.132, "url": "https://www.iryou.teikyouseido.mhlw.go.jp/znk-web/juminkanja/S2430/initialize?prefCd=06&kikanCd=306610134&kikanKbn=3", "url2": null, "内容": "レインボー歯科医院【3:歯科】山形県米沢市下花沢２丁目７－３２－６" }, "geometry": { "type": "Point", "coordinates": [ 140.132, 37.90989 ] } },
{ "type": "Feature", "properties": { "ID": 63306610150, "正式名称": "万世歯科クリニック", "機関区分": 3, "都道府県コード": 6, "市区町村コード": 202, "所在地": "山形県米沢市万世町桑山４６１９", "緯度": 37.903216, "経度": 140.155403, "url": "https://www.iryou.teikyouseido.mhlw.go.jp/znk-web/juminkanja/S2430/initialize?prefCd=06&kikanCd=306610150&kikanKbn=3", "url2": "http://yoneshi.org/dentist/eastern/bansei", "内容": "万世歯科クリニック【3:歯科】山形県米沢市万世町桑山４６１９" }, "geometry": { "type": "Point", "coordinates": [ 140.155403, 37.903216 ] } },
{ "type": "Feature", "properties": { "ID": 63306610176, "正式名称": "村上歯科クリニック", "機関区分": 3, "都道府県コード": 6, "市区町村コード": 209, "所在地": "山形県長井市花作町１２－８", "緯度": 38.100139, "経度": 140.032007, "url": "https://www.iryou.teikyouseido.mhlw.go.jp/znk-web/juminkanja/S2430/initialize?prefCd=06&kikanCd=306610176&kikanKbn=3", "url2": null, "内容": "村上歯科クリニック【3:歯科】山形県長井市花作町１２－８" }, "geometry": { "type": "Point", "coordinates": [ 140.032007, 38.100139 ] } },
{ "type": "Feature", "properties": { "ID": 63306610192, "正式名称": "赤湯デンタルクリニック", "機関区分": 3, "都道府県コード": 6, "市区町村コード": 213, "所在地": "山形県南陽市赤湯３０８０－３", "緯度": 38.048739, "経度": 140.173285, "url": "https://www.iryou.teikyouseido.mhlw.go.jp/znk-web/juminkanja/S2430/initialize?prefCd=06&kikanCd=306610192&kikanKbn=3", "url2": null, "内容": "赤湯デンタルクリニック【3:歯科】山形県南陽市赤湯３０８０－３" }, "geometry": { "type": "Point", "coordinates": [ 140.173285, 38.048739 ] } },
{ "type": "Feature", "properties": { "ID": 63306610219, "正式名称": "笹生歯科医院", "機関区分": 3, "都道府県コード": 6, "市区町村コード": 202, "所在地": "山形県米沢市桜木町１−５３", "緯度": 37.915913, "経度": 140.117423, "url": "https://www.iryou.teikyouseido.mhlw.go.jp/znk-web/juminkanja/S2430/initialize?prefCd=06&kikanCd=306610219&kikanKbn=3", "url2": "http://www.sasou-shika.com/", "内容": "笹生歯科医院【3:歯科】山形県米沢市桜木町１−５３" }, "geometry": { "type": "Point", "coordinates": [ 140.117423, 37.915913 ] } },
{ "type": "Feature", "properties": { "ID": 63306610222, "正式名称": "中川デンタルクリニック", "機関区分": 3, "都道府県コード": 6, "市区町村コード": 202, "所在地": "山形県米沢市窪田町窪田２０３−３", "緯度": 37.951059, "経度": 140.120794, "url": "https://www.iryou.teikyouseido.mhlw.go.jp/znk-web/juminkanja/S2430/initialize?prefCd=06&kikanCd=306610222&kikanKbn=3", "url2": null, "内容": "中川デンタルクリニック【3:歯科】山形県米沢市窪田町窪田２０３−３" }, "geometry": { "type": "Point", "coordinates": [ 140.120794, 37.951059 ] } },
{ "type": "Feature", "properties": { "ID": 63306610248, "正式名称": "医療法人社団　泉優会　りんせんじ歯科", "機関区分": 3, "都道府県コード": 6, "市区町村コード": 202, "所在地": "山形県米沢市林泉寺２－２－２３－１", "緯度": 37.901961, "経度": 140.098582, "url": "https://www.iryou.teikyouseido.mhlw.go.jp/znk-web/juminkanja/S2430/initialize?prefCd=06&kikanCd=306610248&kikanKbn=3", "url2": "http://rinsenji-dc.com/", "内容": "医療法人社団　泉優会　りんせんじ歯科【3:歯科】山形県米沢市林泉寺２－２－２３－１" }, "geometry": { "type": "Point", "coordinates": [ 140.098582, 37.901961 ] } },
{ "type": "Feature", "properties": { "ID": 63306610264, "正式名称": "すまいる歯科", "機関区分": 3, "都道府県コード": 6, "市区町村コード": 213, "所在地": "山形県南陽市三間通３８６－２", "緯度": 38.051261, "経度": 140.154407, "url": "https://www.iryou.teikyouseido.mhlw.go.jp/znk-web/juminkanja/S2430/initialize?prefCd=06&kikanCd=306610264&kikanKbn=3", "url2": null, "内容": "すまいる歯科【3:歯科】山形県南陽市三間通３８６－２" }, "geometry": { "type": "Point", "coordinates": [ 140.154407, 38.051261 ] } },
{ "type": "Feature", "properties": { "ID": 63306610277, "正式名称": "松下歯科医院", "機関区分": 3, "都道府県コード": 6, "市区町村コード": 209, "所在地": "山形県長井市小出３８４４－３", "緯度": 38.092555, "経度": 140.038784, "url": "https://www.iryou.teikyouseido.mhlw.go.jp/znk-web/juminkanja/S2430/initialize?prefCd=06&kikanCd=306610277&kikanKbn=3", "url2": null, "内容": "松下歯科医院【3:歯科】山形県長井市小出３８４４－３" }, "geometry": { "type": "Point", "coordinates": [ 140.038784, 38.092555 ] } },
{ "type": "Feature", "properties": { "ID": 63306610280, "正式名称": "芳賀歯科医院", "機関区分": 3, "都道府県コード": 6, "市区町村コード": 209, "所在地": "山形県長井市四ツ谷１－６－２７", "緯度": 38.099442, "経度": 140.037013, "url": "https://www.iryou.teikyouseido.mhlw.go.jp/znk-web/juminkanja/S2430/initialize?prefCd=06&kikanCd=306610280&kikanKbn=3", "url2": null, "内容": "芳賀歯科医院【3:歯科】山形県長井市四ツ谷１－６－２７" }, "geometry": { "type": "Point", "coordinates": [ 140.037013, 38.099442 ] } },
{ "type": "Feature", "properties": { "ID": 63306610293, "正式名称": "プリリー歯科クリニック", "機関区分": 3, "都道府県コード": 6, "市区町村コード": 202, "所在地": "山形県米沢市松が岬２−１−５３", "緯度": 37.909255, "経度": 140.10135, "url": "https://www.iryou.teikyouseido.mhlw.go.jp/znk-web/juminkanja/S2430/initialize?prefCd=06&kikanCd=306610293&kikanKbn=3", "url2": "http://puriri.info/", "内容": "プリリー歯科クリニック【3:歯科】山形県米沢市松が岬２−１−５３" }, "geometry": { "type": "Point", "coordinates": [ 140.10135, 37.909255 ] } },
{ "type": "Feature", "properties": { "ID": 63306610307, "正式名称": "わたなべデンタルクリニック", "機関区分": 3, "都道府県コード": 6, "市区町村コード": 381, "所在地": "山形県東置賜郡高畠町馬頭", "緯度": 37.952582, "経度": 140.183067, "url": "https://www.iryou.teikyouseido.mhlw.go.jp/znk-web/juminkanja/S2430/initialize?prefCd=06&kikanCd=306610307&kikanKbn=3", "url2": null, "内容": "わたなべデンタルクリニック【3:歯科】山形県東置賜郡高畠町馬頭" }, "geometry": { "type": "Point", "coordinates": [ 140.183067, 37.952582 ] } },
{ "type": "Feature", "properties": { "ID": 63306610310, "正式名称": "安川歯科クリニック", "機関区分": 3, "都道府県コード": 6, "市区町村コード": 382, "所在地": "山形県東置賜郡川西町上小松９１５－５", "緯度": 38.004329, "経度": 140.043512, "url": "https://www.iryou.teikyouseido.mhlw.go.jp/znk-web/juminkanja/S2430/initialize?prefCd=06&kikanCd=306610310&kikanKbn=3", "url2": null, "内容": "安川歯科クリニック【3:歯科】山形県東置賜郡川西町上小松９１５－５" }, "geometry": { "type": "Point", "coordinates": [ 140.043512, 38.004329 ] } },
{ "type": "Feature", "properties": { "ID": 63306610336, "正式名称": "やまざき歯科医院", "機関区分": 3, "都道府県コード": 6, "市区町村コード": 202, "所在地": "山形県米沢市花沢町", "緯度": 37.920271, "経度": 140.121225, "url": "https://www.iryou.teikyouseido.mhlw.go.jp/znk-web/juminkanja/S2430/initialize?prefCd=06&kikanCd=306610336&kikanKbn=3", "url2": "http://www.yamazaki-shika-clinic.com/", "内容": "やまざき歯科医院【3:歯科】山形県米沢市花沢町" }, "geometry": { "type": "Point", "coordinates": [ 140.121225, 37.920271 ] } },
{ "type": "Feature", "properties": { "ID": 63306610349, "正式名称": "医療法人くまの医院くまの歯科医院", "機関区分": 3, "都道府県コード": 6, "市区町村コード": 202, "所在地": "山形県米沢市徳町４０４－１", "緯度": 37.924544, "経度": 140.101842, "url": "https://www.iryou.teikyouseido.mhlw.go.jp/znk-web/juminkanja/S2430/initialize?prefCd=06&kikanCd=306610349&kikanKbn=3", "url2": null, "内容": "医療法人くまの医院くまの歯科医院【3:歯科】山形県米沢市徳町４０４－１" }, "geometry": { "type": "Point", "coordinates": [ 140.101842, 37.924544 ] } },
{ "type": "Feature", "properties": { "ID": 63306610352, "正式名称": "顎口腔クリニック根岸山", "機関区分": 3, "都道府県コード": 6, "市区町村コード": 381, "所在地": "山形県東置賜郡高畠町根岸５１１", "緯度": 38.014828, "経度": 140.189118, "url": "https://www.iryou.teikyouseido.mhlw.go.jp/znk-web/juminkanja/S2430/initialize?prefCd=06&kikanCd=306610352&kikanKbn=3", "url2": null, "内容": "顎口腔クリニック根岸山【3:歯科】山形県東置賜郡高畠町根岸５１１" }, "geometry": { "type": "Point", "coordinates": [ 140.189118, 38.014828 ] } },
{ "type": "Feature", "properties": { "ID": 63306610365, "正式名称": "たいら歯科医院", "機関区分": 3, "都道府県コード": 6, "市区町村コード": 202, "所在地": "山形県米沢市金池５－１０－４", "緯度": 37.92475, "経度": 140.116474, "url": "https://www.iryou.teikyouseido.mhlw.go.jp/znk-web/juminkanja/S2430/initialize?prefCd=06&kikanCd=306610365&kikanKbn=3", "url2": "https://taira-dc.com/", "内容": "たいら歯科医院【3:歯科】山形県米沢市金池５－１０－４" }, "geometry": { "type": "Point", "coordinates": [ 140.116474, 37.92475 ] } },
{ "type": "Feature", "properties": { "ID": 63306610378, "正式名称": "ふなやま歯科医院", "機関区分": 3, "都道府県コード": 6, "市区町村コード": 382, "所在地": "山形県東置賜郡川西町上小松１０７８ー１", "緯度": 38.005178, "経度": 140.052196, "url": "https://www.iryou.teikyouseido.mhlw.go.jp/znk-web/juminkanja/S2430/initialize?prefCd=06&kikanCd=306610378&kikanKbn=3", "url2": "http://www.funayama-dental.com/", "内容": "ふなやま歯科医院【3:歯科】山形県東置賜郡川西町上小松１０７８ー１" }, "geometry": { "type": "Point", "coordinates": [ 140.052196, 38.005178 ] } },
{ "type": "Feature", "properties": { "ID": 63306610381, "正式名称": "ながまち歯科医院", "機関区分": 3, "都道府県コード": 6, "市区町村コード": 202, "所在地": "山形県米沢市春日２−１３−１６", "緯度": 37.923673, "経度": 140.106687, "url": "https://www.iryou.teikyouseido.mhlw.go.jp/znk-web/juminkanja/S2430/initialize?prefCd=06&kikanCd=306610381&kikanKbn=3", "url2": "http://nagamachi.info/", "内容": "ながまち歯科医院【3:歯科】山形県米沢市春日２−１３−１６" }, "geometry": { "type": "Point", "coordinates": [ 140.106687, 37.923673 ] } },
{ "type": "Feature", "properties": { "ID": 63306610394, "正式名称": "えんどう歯科クリニック", "機関区分": 3, "都道府県コード": 6, "市区町村コード": 209, "所在地": "山形県長井市あら町", "緯度": 38.101861, "経度": 140.038093, "url": "https://www.iryou.teikyouseido.mhlw.go.jp/znk-web/juminkanja/S2430/initialize?prefCd=06&kikanCd=306610394&kikanKbn=3", "url2": null, "内容": "えんどう歯科クリニック【3:歯科】山形県長井市あら町" }, "geometry": { "type": "Point", "coordinates": [ 140.038093, 38.101861 ] } },
{ "type": "Feature", "properties": { "ID": 63306610408, "正式名称": "ますぶちデンタルクリニック", "機関区分": 3, "都道府県コード": 6, "市区町村コード": 381, "所在地": "山形県東置賜郡高畠町高畠８２７", "緯度": 38.000545, "経度": 140.196872, "url": "https://www.iryou.teikyouseido.mhlw.go.jp/znk-web/juminkanja/S2430/initialize?prefCd=06&kikanCd=306610408&kikanKbn=3", "url2": "http://masubuchidental.com", "内容": "ますぶちデンタルクリニック【3:歯科】山形県東置賜郡高畠町高畠８２７" }, "geometry": { "type": "Point", "coordinates": [ 140.196872, 38.000545 ] } },
{ "type": "Feature", "properties": { "ID": 63306610411, "正式名称": "医療法人華らび矯正歯科", "機関区分": 3, "都道府県コード": 6, "市区町村コード": 202, "所在地": "山形県米沢市金池", "緯度": 37.926065, "経度": 140.11686, "url": "https://www.iryou.teikyouseido.mhlw.go.jp/znk-web/juminkanja/S2430/initialize?prefCd=06&kikanCd=306610411&kikanKbn=3", "url2": "https://www.hanalab-ortho.com", "内容": "医療法人華らび矯正歯科【3:歯科】山形県米沢市金池" }, "geometry": { "type": "Point", "coordinates": [ 140.11686, 37.926065 ] } },
{ "type": "Feature", "properties": { "ID": 63306610424, "正式名称": "医療法人米沢クローバー歯科クリニック", "機関区分": 3, "都道府県コード": 6, "市区町村コード": 202, "所在地": "山形県米沢市春日", "緯度": 37.931533, "経度": 140.114166, "url": "https://www.iryou.teikyouseido.mhlw.go.jp/znk-web/juminkanja/S2430/initialize?prefCd=06&kikanCd=306610424&kikanKbn=3", "url2": "https://www.yonezawa-clover.com", "内容": "医療法人米沢クローバー歯科クリニック【3:歯科】山形県米沢市春日" }, "geometry": { "type": "Point", "coordinates": [ 140.114166, 37.931533 ] } },
{ "type": "Feature", "properties": { "ID": 63306610437, "正式名称": "ウッディ歯科", "機関区分": 3, "都道府県コード": 6, "市区町村コード": 202, "所在地": "山形県米沢市林泉寺２−３−３０", "緯度": 37.903323, "経度": 140.096363, "url": "https://www.iryou.teikyouseido.mhlw.go.jp/znk-web/juminkanja/S2430/initialize?prefCd=06&kikanCd=306610437&kikanKbn=3", "url2": "https://woodydental.com/", "内容": "ウッディ歯科【3:歯科】山形県米沢市林泉寺２−３−３０" }, "geometry": { "type": "Point", "coordinates": [ 140.096363, 37.903323 ] } },
{ "type": "Feature", "properties": { "ID": 63306610440, "正式名称": "医療法人西原歯科医院", "機関区分": 3, "都道府県コード": 6, "市区町村コード": 209, "所在地": "山形県長井市台町４－２４", "緯度": 38.0960209, "経度": 140.0333343, "url": "https://www.iryou.teikyouseido.mhlw.go.jp/znk-web/juminkanja/S2430/initialize?prefCd=06&kikanCd=306610440&kikanKbn=3", "url2": "https://www.nishihara-dc.jp", "内容": "医療法人西原歯科医院【3:歯科】山形県長井市台町４－２４" }, "geometry": { "type": "Point", "coordinates": [ 140.0333343, 38.096020900000013 ] } },
{ "type": "Feature", "properties": { "ID": 63306620023, "正式名称": "医療法人社団よしずみ歯科医院", "機関区分": 3, "都道府県コード": 6, "市区町村コード": 203, "所在地": "山形県鶴岡市長者町４－１０", "緯度": 38.719955, "経度": 139.837176, "url": "https://www.iryou.teikyouseido.mhlw.go.jp/znk-web/juminkanja/S2430/initialize?prefCd=06&kikanCd=306620023&kikanKbn=3", "url2": "http://yoshizumi-shika.kamu-come.com/", "内容": "医療法人社団よしずみ歯科医院【3:歯科】山形県鶴岡市長者町４－１０" }, "geometry": { "type": "Point", "coordinates": [ 139.837176, 38.719955 ] } },
{ "type": "Feature", "properties": { "ID": 63306620049, "正式名称": "とがし歯科クリニック", "機関区分": 3, "都道府県コード": 6, "市区町村コード": 204, "所在地": "山形県酒田市錦町五丁目３２−６６２", "緯度": 38.879934, "経度": 139.833736, "url": "https://www.iryou.teikyouseido.mhlw.go.jp/znk-web/juminkanja/S2430/initialize?prefCd=06&kikanCd=306620049&kikanKbn=3", "url2": null, "内容": "とがし歯科クリニック【3:歯科】山形県酒田市錦町五丁目３２−６６２" }, "geometry": { "type": "Point", "coordinates": [ 139.833736, 38.879934 ] } },
{ "type": "Feature", "properties": { "ID": 63306620065, "正式名称": "鼠ヶ関番場歯科医院", "機関区分": 3, "都道府県コード": 6, "市区町村コード": 203, "所在地": "山形県鶴岡市鼠ケ関乙１３６－３", "緯度": 38.556766, "経度": 139.549952, "url": "https://www.iryou.teikyouseido.mhlw.go.jp/znk-web/juminkanja/S2430/initialize?prefCd=06&kikanCd=306620065&kikanKbn=3", "url2": "https://dentist-1512.business.site/", "内容": "鼠ヶ関番場歯科医院【3:歯科】山形県鶴岡市鼠ケ関乙１３６－３" }, "geometry": { "type": "Point", "coordinates": [ 139.549952, 38.556766 ] } },
{ "type": "Feature", "properties": { "ID": 63306620081, "正式名称": "大沼歯科医院", "機関区分": 3, "都道府県コード": 6, "市区町村コード": 204, "所在地": "山形県酒田市亀ケ崎五丁目５番３２号", "緯度": 38.899218, "経度": 139.847582, "url": "https://www.iryou.teikyouseido.mhlw.go.jp/znk-web/juminkanja/S2430/initialize?prefCd=06&kikanCd=306620081&kikanKbn=3", "url2": null, "内容": "大沼歯科医院【3:歯科】山形県酒田市亀ケ崎五丁目５番３２号" }, "geometry": { "type": "Point", "coordinates": [ 139.847582, 38.899218 ] } },
{ "type": "Feature", "properties": { "ID": 63306620094, "正式名称": "斉藤歯科医院", "機関区分": 3, "都道府県コード": 6, "市区町村コード": 428, "所在地": "山形県東田川郡庄内町余目字三人谷地１５５−２", "緯度": 38.848576, "経度": 139.90555, "url": "https://www.iryou.teikyouseido.mhlw.go.jp/znk-web/juminkanja/S2430/initialize?prefCd=06&kikanCd=306620094&kikanKbn=3", "url2": null, "内容": "斉藤歯科医院【3:歯科】山形県東田川郡庄内町余目字三人谷地１５５−２" }, "geometry": { "type": "Point", "coordinates": [ 139.90555, 38.848576 ] } },
{ "type": "Feature", "properties": { "ID": 63306620108, "正式名称": "石井歯科医院", "機関区分": 3, "都道府県コード": 6, "市区町村コード": 203, "所在地": "山形県鶴岡市美咲町２４−５", "緯度": 38.737515, "経度": 139.80191, "url": "https://www.iryou.teikyouseido.mhlw.go.jp/znk-web/juminkanja/S2430/initialize?prefCd=06&kikanCd=306620108&kikanKbn=3", "url2": null, "内容": "石井歯科医院【3:歯科】山形県鶴岡市美咲町２４−５" }, "geometry": { "type": "Point", "coordinates": [ 139.80191, 38.737515 ] } },
{ "type": "Feature", "properties": { "ID": 63306620137, "正式名称": "フレンド歯科クリニック", "機関区分": 3, "都道府県コード": 6, "市区町村コード": 203, "所在地": "山形県鶴岡市馬場町７番２８号", "緯度": 38.727592, "経度": 139.829163, "url": "https://www.iryou.teikyouseido.mhlw.go.jp/znk-web/juminkanja/S2430/initialize?prefCd=06&kikanCd=306620137&kikanKbn=3", "url2": "http://www.friend-shika.com/", "内容": "フレンド歯科クリニック【3:歯科】山形県鶴岡市馬場町７番２８号" }, "geometry": { "type": "Point", "coordinates": [ 139.829163, 38.727592 ] } },
{ "type": "Feature", "properties": { "ID": 63306620140, "正式名称": "ふじしま歯科医院", "機関区分": 3, "都道府県コード": 6, "市区町村コード": 203, "所在地": "山形県鶴岡市藤浪４丁目１０３番地６", "緯度": 38.760266, "経度": 139.90105, "url": "https://www.iryou.teikyouseido.mhlw.go.jp/znk-web/juminkanja/S2430/initialize?prefCd=06&kikanCd=306620140&kikanKbn=3", "url2": "http://www.hujishima-dc.com/", "内容": "ふじしま歯科医院【3:歯科】山形県鶴岡市藤浪４丁目１０３番地６" }, "geometry": { "type": "Point", "coordinates": [ 139.90105, 38.760266 ] } },
{ "type": "Feature", "properties": { "ID": 63306620179, "正式名称": "医療法人石田おさむ歯科医院", "機関区分": 3, "都道府県コード": 6, "市区町村コード": 203, "所在地": "山形県鶴岡市文園町４−１０", "緯度": 38.71587, "経度": 139.829964, "url": "https://www.iryou.teikyouseido.mhlw.go.jp/znk-web/juminkanja/S2430/initialize?prefCd=06&kikanCd=306620179&kikanKbn=3", "url2": "https://www.ishidaosamu.com/", "内容": "医療法人石田おさむ歯科医院【3:歯科】山形県鶴岡市文園町４−１０" }, "geometry": { "type": "Point", "coordinates": [ 139.829964, 38.71587 ] } },
{ "type": "Feature", "properties": { "ID": 63306620182, "正式名称": "石塚歯科医院", "機関区分": 3, "都道府県コード": 6, "市区町村コード": 204, "所在地": "山形県酒田市浜田２－６－１０", "緯度": 38.920095, "経度": 139.85, "url": "https://www.iryou.teikyouseido.mhlw.go.jp/znk-web/juminkanja/S2430/initialize?prefCd=06&kikanCd=306620182&kikanKbn=3", "url2": null, "内容": "石塚歯科医院【3:歯科】山形県酒田市浜田２－６－１０" }, "geometry": { "type": "Point", "coordinates": [ 139.85, 38.920095 ] } },
{ "type": "Feature", "properties": { "ID": 63306620195, "正式名称": "長岡歯科クリニック", "機関区分": 3, "都道府県コード": 6, "市区町村コード": 203, "所在地": "山形県鶴岡市大宝寺字日本国３７８ー３８", "緯度": 38.746896, "経度": 139.826206, "url": "https://www.iryou.teikyouseido.mhlw.go.jp/znk-web/juminkanja/S2430/initialize?prefCd=06&kikanCd=306620195&kikanKbn=3", "url2": "http://35-0801.net", "内容": "長岡歯科クリニック【3:歯科】山形県鶴岡市大宝寺字日本国３７８ー３８" }, "geometry": { "type": "Point", "coordinates": [ 139.826206, 38.746896 ] } },
{ "type": "Feature", "properties": { "ID": 63306620209, "正式名称": "ホワイト歯科医院", "機関区分": 3, "都道府県コード": 6, "市区町村コード": 204, "所在地": "山形県酒田市東泉町", "緯度": 38.933474, "経度": 139.853822, "url": "https://www.iryou.teikyouseido.mhlw.go.jp/znk-web/juminkanja/S2430/initialize?prefCd=06&kikanCd=306620209&kikanKbn=3", "url2": null, "内容": "ホワイト歯科医院【3:歯科】山形県酒田市東泉町" }, "geometry": { "type": "Point", "coordinates": [ 139.853822, 38.933474 ] } },
{ "type": "Feature", "properties": { "ID": 63306620212, "正式名称": "おりい歯科", "機関区分": 3, "都道府県コード": 6, "市区町村コード": 204, "所在地": "山形県酒田市東両羽町１２１－１", "緯度": 38.89645, "経度": 139.845569, "url": "https://www.iryou.teikyouseido.mhlw.go.jp/znk-web/juminkanja/S2430/initialize?prefCd=06&kikanCd=306620212&kikanKbn=3", "url2": null, "内容": "おりい歯科【3:歯科】山形県酒田市東両羽町１２１－１" }, "geometry": { "type": "Point", "coordinates": [ 139.845569, 38.89645 ] } },
{ "type": "Feature", "properties": { "ID": 63306620241, "正式名称": "こあら歯科クリニック", "機関区分": 3, "都道府県コード": 6, "市区町村コード": 204, "所在地": "山形県酒田市こあら２－５－４", "緯度": 38.914606, "経度": 139.863688, "url": "https://www.iryou.teikyouseido.mhlw.go.jp/znk-web/juminkanja/S2430/initialize?prefCd=06&kikanCd=306620241&kikanKbn=3", "url2": null, "内容": "こあら歯科クリニック【3:歯科】山形県酒田市こあら２－５－４" }, "geometry": { "type": "Point", "coordinates": [ 139.863688, 38.914606 ] } },
{ "type": "Feature", "properties": { "ID": 63306620254, "正式名称": "ほんま歯科クリニック", "機関区分": 3, "都道府県コード": 6, "市区町村コード": 203, "所在地": "山形県鶴岡市羽黒町押口字川端４２−３９", "緯度": 38.737716, "経度": 139.85903, "url": "https://www.iryou.teikyouseido.mhlw.go.jp/znk-web/juminkanja/S2430/initialize?prefCd=06&kikanCd=306620254&kikanKbn=3", "url2": "http://h-cli0348.cihp2.jp/", "内容": "ほんま歯科クリニック【3:歯科】山形県鶴岡市羽黒町押口字川端４２−３９" }, "geometry": { "type": "Point", "coordinates": [ 139.85903, 38.737716 ] } },
{ "type": "Feature", "properties": { "ID": 63306620270, "正式名称": "鶴岡市休日歯科診療所", "機関区分": 3, "都道府県コード": 6, "市区町村コード": 203, "所在地": "山形県鶴岡市泉町５－３０", "緯度": 38.730608, "経度": 139.829314, "url": "https://www.iryou.teikyouseido.mhlw.go.jp/znk-web/juminkanja/S2430/initialize?prefCd=06&kikanCd=306620270&kikanKbn=3", "url2": "http://www.city.tsuruoka.lg.jp/kenko/iryo/kyujitsu/kenko0120150601-1.html", "内容": "鶴岡市休日歯科診療所【3:歯科】山形県鶴岡市泉町５－３０" }, "geometry": { "type": "Point", "coordinates": [ 139.829314, 38.730608 ] } },
{ "type": "Feature", "properties": { "ID": 63306620283, "正式名称": "さいとう歯科医院", "機関区分": 3, "都道府県コード": 6, "市区町村コード": 203, "所在地": "山形県鶴岡市上山添", "緯度": 38.680069, "経度": 139.843942, "url": "https://www.iryou.teikyouseido.mhlw.go.jp/znk-web/juminkanja/S2430/initialize?prefCd=06&kikanCd=306620283&kikanKbn=3", "url2": null, "内容": "さいとう歯科医院【3:歯科】山形県鶴岡市上山添" }, "geometry": { "type": "Point", "coordinates": [ 139.843942, 38.680069 ] } },
{ "type": "Feature", "properties": { "ID": 63306620296, "正式名称": "大塚町歯科クリニック", "機関区分": 3, "都道府県コード": 6, "市区町村コード": 203, "所在地": "山形県鶴岡市大塚町２７－２８", "緯度": 38.738971, "経度": 139.806932, "url": "https://www.iryou.teikyouseido.mhlw.go.jp/znk-web/juminkanja/S2430/initialize?prefCd=06&kikanCd=306620296&kikanKbn=3", "url2": "http://www.ohtsukamachi-dc.com", "内容": "大塚町歯科クリニック【3:歯科】山形県鶴岡市大塚町２７－２８" }, "geometry": { "type": "Point", "coordinates": [ 139.806932, 38.738971 ] } },
{ "type": "Feature", "properties": { "ID": 63306620300, "正式名称": "いのこファミリー歯科医院", "機関区分": 3, "都道府県コード": 6, "市区町村コード": 426, "所在地": "山形県東田川郡三川町大字猪子字大堰端３３１－８", "緯度": 38.819214, "経度": 139.83827, "url": "https://www.iryou.teikyouseido.mhlw.go.jp/znk-web/juminkanja/S2430/initialize?prefCd=06&kikanCd=306620300&kikanKbn=3", "url2": null, "内容": "いのこファミリー歯科医院【3:歯科】山形県東田川郡三川町大字猪子字大堰端３３１－８" }, "geometry": { "type": "Point", "coordinates": [ 139.83827, 38.819214 ] } },
{ "type": "Feature", "properties": { "ID": 63306620326, "正式名称": "みずか歯科医院", "機関区分": 3, "都道府県コード": 6, "市区町村コード": 203, "所在地": "山形県鶴岡市下川字七窪２−１１９９", "緯度": 38.789006, "経度": 139.769201, "url": "https://www.iryou.teikyouseido.mhlw.go.jp/znk-web/juminkanja/S2430/initialize?prefCd=06&kikanCd=306620326&kikanKbn=3", "url2": null, "内容": "みずか歯科医院【3:歯科】山形県鶴岡市下川字七窪２−１１９９" }, "geometry": { "type": "Point", "coordinates": [ 139.769201, 38.789006 ] } },
{ "type": "Feature", "properties": { "ID": 63306620339, "正式名称": "小白歯科医院", "機関区分": 3, "都道府県コード": 6, "市区町村コード": 203, "所在地": "山形県鶴岡市湯温海字湯之尻１２２－２０", "緯度": 38.616207, "経度": 139.61, "url": "https://www.iryou.teikyouseido.mhlw.go.jp/znk-web/juminkanja/S2430/initialize?prefCd=06&kikanCd=306620339&kikanKbn=3", "url2": null, "内容": "小白歯科医院【3:歯科】山形県鶴岡市湯温海字湯之尻１２２－２０" }, "geometry": { "type": "Point", "coordinates": [ 139.61, 38.616207 ] } },
{ "type": "Feature", "properties": { "ID": 63306620355, "正式名称": "石黒歯科・矯正歯科医院", "機関区分": 3, "都道府県コード": 6, "市区町村コード": 203, "所在地": "山形県鶴岡市本町１−５−２５", "緯度": 38.727841, "経度": 139.831359, "url": "https://www.iryou.teikyouseido.mhlw.go.jp/znk-web/juminkanja/S2430/initialize?prefCd=06&kikanCd=306620355&kikanKbn=3", "url2": null, "内容": "石黒歯科・矯正歯科医院【3:歯科】山形県鶴岡市本町１−５−２５" }, "geometry": { "type": "Point", "coordinates": [ 139.831359, 38.727841 ] } },
{ "type": "Feature", "properties": { "ID": 63306620368, "正式名称": "マエストロデンタルクリニック", "機関区分": 3, "都道府県コード": 6, "市区町村コード": 426, "所在地": "山形県東田川郡三川町大字猪子字大堰端３１７−１１", "緯度": 38.820313, "経度": 139.835114, "url": "https://www.iryou.teikyouseido.mhlw.go.jp/znk-web/juminkanja/S2430/initialize?prefCd=06&kikanCd=306620368&kikanKbn=3", "url2": null, "内容": "マエストロデンタルクリニック【3:歯科】山形県東田川郡三川町大字猪子字大堰端３１７−１１" }, "geometry": { "type": "Point", "coordinates": [ 139.835114, 38.820313 ] } },
{ "type": "Feature", "properties": { "ID": 63306620371, "正式名称": "デンタルサロン森のしずく", "機関区分": 3, "都道府県コード": 6, "市区町村コード": 204, "所在地": "山形県酒田市新橋３－１－１", "緯度": 38.917087, "経度": 139.853095, "url": "https://www.iryou.teikyouseido.mhlw.go.jp/znk-web/juminkanja/S2430/initialize?prefCd=06&kikanCd=306620371&kikanKbn=3", "url2": "https://www.s-fukushi.jp", "内容": "デンタルサロン森のしずく【3:歯科】山形県酒田市新橋３－１－１" }, "geometry": { "type": "Point", "coordinates": [ 139.853095, 38.917087 ] } },
{ "type": "Feature", "properties": { "ID": 63306620384, "正式名称": "おひさま協立歯科", "機関区分": 3, "都道府県コード": 6, "市区町村コード": 203, "所在地": "山形県鶴岡市日枝字海老島１５９－１", "緯度": 38.715229, "経度": 139.82442, "url": "https://www.iryou.teikyouseido.mhlw.go.jp/znk-web/juminkanja/S2430/initialize?prefCd=06&kikanCd=306620384&kikanKbn=3", "url2": "http://y-mcoop.com", "内容": "おひさま協立歯科【3:歯科】山形県鶴岡市日枝字海老島１５９－１" }, "geometry": { "type": "Point", "coordinates": [ 139.82442, 38.715229 ] } },
{ "type": "Feature", "properties": { "ID": 63306620397, "正式名称": "あーるＤｅｎｔａｌＣｌｉｎｉｃ", "機関区分": 3, "都道府県コード": 6, "市区町村コード": 204, "所在地": "山形県酒田市上安町２－１５－１", "緯度": 38.9283365, "経度": 139.8621431, "url": "https://www.iryou.teikyouseido.mhlw.go.jp/znk-web/juminkanja/S2430/initialize?prefCd=06&kikanCd=306620397&kikanKbn=3", "url2": null, "内容": "あーるＤｅｎｔａｌＣｌｉｎｉｃ【3:歯科】山形県酒田市上安町２－１５－１" }, "geometry": { "type": "Point", "coordinates": [ 139.8621431, 38.9283365 ] } },
{ "type": "Feature", "properties": { "ID": 63306620401, "正式名称": "オハナ・デンタルクリニック", "機関区分": 3, "都道府県コード": 6, "市区町村コード": 428, "所在地": "山形県東田川郡庄内町余目字猿田８８－１３", "緯度": 38.845527, "経度": 139.9039962, "url": "https://www.iryou.teikyouseido.mhlw.go.jp/znk-web/juminkanja/S2430/initialize?prefCd=06&kikanCd=306620401&kikanKbn=3", "url2": "https://www.dental-ohana.com", "内容": "オハナ・デンタルクリニック【3:歯科】山形県東田川郡庄内町余目字猿田８８－１３" }, "geometry": { "type": "Point", "coordinates": [ 139.9039962, 38.845527 ] } },
{ "type": "Feature", "properties": { "ID": 63306620414, "正式名称": "医療法人いぶき会　ちわら歯科医院", "機関区分": 3, "都道府県コード": 6, "市区町村コード": 203, "所在地": "山形県鶴岡市北茅原町２５－２８", "緯度": 38.756564, "経度": 139.83968, "url": "https://www.iryou.teikyouseido.mhlw.go.jp/znk-web/juminkanja/S2430/initialize?prefCd=06&kikanCd=306620414&kikanKbn=3", "url2": "https://chiwara-dc.com/", "内容": "医療法人いぶき会　ちわら歯科医院【3:歯科】山形県鶴岡市北茅原町２５－２８" }, "geometry": { "type": "Point", "coordinates": [ 139.83968, 38.756564 ] } }
]
}
